HLT Path Name,Index 0,Index 1,Index 2,Index 3,Index 4,Index 5,Index 6,Index 7,Index 8,Index 9,Index 10,Index 11,Index 12,L1 Prerequisite
ALCAELECTRONOutput (2044227),1,1,1,1,1,1,1,1,1,1,1,1,1,
ALCALUMIPIXELSOutput (2043492),1,1,1,1,1,1,1,1,1,1,1,1,1,
ALCAP0Output (2043493),1,1,1,1,1,1,1,1,1,1,1,1,1,
ALCAPHISYMOutput (2043491),1,1,1,1,1,1,1,1,1,1,1,1,1,
AlCa_DoubleEle_CaloIdL_TrackIdL_IsoVL_DZ_v1 (2044219),1,1,1,1,1,1,1,1,1,1,1,1,1,L1_DoubleEG_15_10 OR L1_DoubleEG_23_10 OR L1_DoubleEG_22_12 OR L1_DoubleEG_22_15 OR L1_DoubleEG_24_17 OR L1_DoubleEG_20_18 OR L1_DoubleEG_18_17
AlCa_DoubleEle_CaloIdL_TrackIdL_IsoVL_v1 (2044220),1,1,1,1,1,1,1,1,1,1,1,1,1,L1_DoubleEG_15_10 OR L1_DoubleEG_23_10 OR L1_DoubleEG_22_12 OR L1_DoubleEG_22_15 OR L1_DoubleEG_24_17 OR L1_DoubleEG_20_18 OR L1_DoubleEG_18_17
AlCa_EcalEtaEBonly_v3 (2043474),4,4,3,2,1,1,1,1,1,1,1,1,1,L1_IsolatedBunch OR L1_AlwaysTrue OR L1_SingleEG5 OR L1_SingleEG10 OR L1_SingleEG15 OR L1_SingleEG18 OR L1_SingleEG24 OR L1_SingleEG26 OR L1_SingleEG28 OR L1_SingleEG30 OR L1_SingleEG34 OR L1_SingleEG40 OR L1_SingleEG45 OR L1_SingleIsoEG18 OR L1_SingleIsoEG20 OR L1_SingleIsoEG22 OR L1_SingleIsoEG24 OR L1_SingleIsoEG26 OR L1_SingleIsoEG28 OR L1_SingleIsoEG30 OR L1_SingleIsoEG34 OR L1_SingleIsoEG18er OR L1_SingleIsoEG20er OR L1_SingleIsoEG22er OR L1_SingleIsoEG24er OR L1_SingleIsoEG26er OR L1_SingleIsoEG28er OR L1_SingleIsoEG30er OR L1_SingleIsoEG34er OR L1_DoubleEG_15_10 OR L1_DoubleEG_18_17 OR L1_DoubleEG_20_18 OR L1_DoubleEG_22_10 OR L1_DoubleEG_22_12 OR L1_DoubleEG_22_15 OR L1_DoubleEG_24_17 OR L1_SingleJet16 OR L1_SingleJet20 OR L1_SingleJet35 OR L1_SingleJet60 OR L1_SingleJet160 OR L1_SingleJet90 OR L1_SingleJet120 OR L1_SingleJet140 OR L1_SingleJet150 OR L1_SingleJet160 OR L1_SingleJet170 OR L1_SingleJet180 OR L1_SingleJet200 OR L1_DoubleJetC40 OR L1_DoubleJetC50 OR L1_DoubleJetC60 OR L1_DoubleJetC80 OR L1_DoubleJetC100 OR L1_DoubleJetC112 OR L1_DoubleJetC120 OR L1_TripleJet_88_72_56_VBF OR L1_TripleJet_84_68_48_VBF OR L1_TripleJet_92_76_64_VBF OR L1_QuadJetC40 OR L1_QuadJetC50 OR L1_QuadJetC60 OR L1_HTT120 OR L1_HTT160 OR L1_HTT200 OR L1_HTT240 OR L1_HTT255 OR L1_HTT270 OR L1_HTT280 OR L1_HTT300 OR L1_HTT320 OR L1_HTT220
AlCa_EcalEtaEEonly_v3 (2043475),2,2,1,1,1,1,1,1,1,1,1,1,1,L1_IsolatedBunch OR L1_AlwaysTrue OR L1_SingleEG5 OR L1_SingleEG10 OR L1_SingleEG15 OR L1_SingleEG18 OR L1_SingleEG24 OR L1_SingleEG26 OR L1_SingleEG28 OR L1_SingleEG30 OR L1_SingleEG34 OR L1_SingleEG40 OR L1_SingleEG45 OR L1_SingleIsoEG18 OR L1_SingleIsoEG20 OR L1_SingleIsoEG22 OR L1_SingleIsoEG24 OR L1_SingleIsoEG26 OR L1_SingleIsoEG28 OR L1_SingleIsoEG30 OR L1_SingleIsoEG34 OR L1_SingleIsoEG18er OR L1_SingleIsoEG20er OR L1_SingleIsoEG22er OR L1_SingleIsoEG24er OR L1_SingleIsoEG26er OR L1_SingleIsoEG28er OR L1_SingleIsoEG30er OR L1_SingleIsoEG34er OR L1_DoubleEG_15_10 OR L1_DoubleEG_18_17 OR L1_DoubleEG_20_18 OR L1_DoubleEG_22_10 OR L1_DoubleEG_22_12 OR L1_DoubleEG_22_15 OR L1_DoubleEG_24_17 OR L1_SingleJet16 OR L1_SingleJet20 OR L1_SingleJet35 OR L1_SingleJet60 OR L1_SingleJet160 OR L1_SingleJet90 OR L1_SingleJet120 OR L1_SingleJet140 OR L1_SingleJet150 OR L1_SingleJet160 OR L1_SingleJet170 OR L1_SingleJet180 OR L1_SingleJet200 OR L1_DoubleJetC40 OR L1_DoubleJetC50 OR L1_DoubleJetC60 OR L1_DoubleJetC80 OR L1_DoubleJetC100 OR L1_DoubleJetC112 OR L1_DoubleJetC120 OR L1_TripleJet_88_72_56_VBF OR L1_TripleJet_84_68_48_VBF OR L1_TripleJet_92_76_64_VBF OR L1_QuadJetC40 OR L1_QuadJetC50 OR L1_QuadJetC60 OR L1_HTT120 OR L1_HTT160 OR L1_HTT200 OR L1_HTT240 OR L1_HTT255 OR L1_HTT270 OR L1_HTT280 OR L1_HTT300 OR L1_HTT320 OR L1_HTT220
AlCa_EcalPhiSym_v3 (2043437),1,1,1,1,1,1,1,1,1,1,1,1,1,L1_IsolatedBunch OR L1_ZeroBias OR L1_AlwaysTrue
AlCa_EcalPi0EBonly_v3 (2043473),6,6,5,4,3,2,1,1,1,1,1,1,1,L1_IsolatedBunch OR L1_AlwaysTrue OR L1_SingleEG5 OR L1_SingleEG10 OR L1_SingleEG15 OR L1_SingleEG18 OR L1_SingleEG24 OR L1_SingleEG26 OR L1_SingleEG28 OR L1_SingleEG30 OR L1_SingleEG34 OR L1_SingleEG40 OR L1_SingleEG45 OR L1_SingleIsoEG18 OR L1_SingleIsoEG20 OR L1_SingleIsoEG22 OR L1_SingleIsoEG24 OR L1_SingleIsoEG26 OR L1_SingleIsoEG28 OR L1_SingleIsoEG30 OR L1_SingleIsoEG34 OR L1_SingleIsoEG18er OR L1_SingleIsoEG20er OR L1_SingleIsoEG22er OR L1_SingleIsoEG24er OR L1_SingleIsoEG26er OR L1_SingleIsoEG28er OR L1_SingleIsoEG30er OR L1_SingleIsoEG34er OR L1_DoubleEG_15_10 OR L1_DoubleEG_18_17 OR L1_DoubleEG_20_18 OR L1_DoubleEG_22_10 OR L1_DoubleEG_22_12 OR L1_DoubleEG_22_15 OR L1_DoubleEG_24_17 OR L1_SingleJet16 OR L1_SingleJet20 OR L1_SingleJet35 OR L1_SingleJet60 OR L1_SingleJet160 OR L1_SingleJet90 OR L1_SingleJet120 OR L1_SingleJet140 OR L1_SingleJet150 OR L1_SingleJet160 OR L1_SingleJet170 OR L1_SingleJet180 OR L1_SingleJet200 OR L1_DoubleJetC40 OR L1_DoubleJetC50 OR L1_DoubleJetC60 OR L1_DoubleJetC80 OR L1_DoubleJetC100 OR L1_DoubleJetC112 OR L1_DoubleJetC120 OR L1_TripleJet_88_72_56_VBF OR L1_TripleJet_84_68_48_VBF OR L1_TripleJet_92_76_64_VBF OR L1_QuadJetC40 OR L1_QuadJetC50 OR L1_QuadJetC60 OR L1_HTT120 OR L1_HTT160 OR L1_HTT200 OR L1_HTT240 OR L1_HTT255 OR L1_HTT270 OR L1_HTT280 OR L1_HTT300 OR L1_HTT320 OR L1_HTT220
AlCa_EcalPi0EEonly_v3 (2043472),2,2,2,1,1,1,1,1,1,1,1,1,1,L1_IsolatedBunch OR L1_AlwaysTrue OR L1_SingleEG5 OR L1_SingleEG10 OR L1_SingleEG15 OR L1_SingleEG18 OR L1_SingleEG24 OR L1_SingleEG26 OR L1_SingleEG28 OR L1_SingleEG30 OR L1_SingleEG34 OR L1_SingleEG40 OR L1_SingleEG45 OR L1_SingleIsoEG18 OR L1_SingleIsoEG20 OR L1_SingleIsoEG22 OR L1_SingleIsoEG24 OR L1_SingleIsoEG26 OR L1_SingleIsoEG28 OR L1_SingleIsoEG30 OR L1_SingleIsoEG34 OR L1_SingleIsoEG18er OR L1_SingleIsoEG20er OR L1_SingleIsoEG22er OR L1_SingleIsoEG24er OR L1_SingleIsoEG26er OR L1_SingleIsoEG28er OR L1_SingleIsoEG30er OR L1_SingleIsoEG34er OR L1_DoubleEG_15_10 OR L1_DoubleEG_18_17 OR L1_DoubleEG_20_18 OR L1_DoubleEG_22_10 OR L1_DoubleEG_22_12 OR L1_DoubleEG_22_15 OR L1_DoubleEG_24_17 OR L1_SingleJet16 OR L1_SingleJet20 OR L1_SingleJet35 OR L1_SingleJet60 OR L1_SingleJet160 OR L1_SingleJet90 OR L1_SingleJet120 OR L1_SingleJet140 OR L1_SingleJet150 OR L1_SingleJet160 OR L1_SingleJet170 OR L1_SingleJet180 OR L1_SingleJet200 OR L1_DoubleJetC40 OR L1_DoubleJetC50 OR L1_DoubleJetC60 OR L1_DoubleJetC80 OR L1_DoubleJetC100 OR L1_DoubleJetC112 OR L1_DoubleJetC120 OR L1_TripleJet_88_72_56_VBF OR L1_TripleJet_84_68_48_VBF OR L1_TripleJet_92_76_64_VBF OR L1_QuadJetC40 OR L1_QuadJetC50 OR L1_QuadJetC60 OR L1_HTT120 OR L1_HTT160 OR L1_HTT200 OR L1_HTT240 OR L1_HTT255 OR L1_HTT270 OR L1_HTT280 OR L1_HTT300 OR L1_HTT320 OR L1_HTT220
AlCa_LumiPixels_Random_v1 (2043453),2,2,2,2,2,2,2,2,2,2,2,2,2,
AlCa_LumiPixels_ZeroBias_v2 (2043454),2,2,2,2,2,2,2,2,2,2,2,2,2,L1_ZeroBias
AlCa_RPCMuonNoHits_v2 (2043451),3,3,3,3,2,2,1,1,1,1,1,1,1,L1_SingleMu5 OR L1_SingleMu14er OR L1_SingleMu16er OR L1_SingleMu18er OR L1_SingleMu20er
AlCa_RPCMuonNoTriggers_v2 (2043450),3,3,3,3,2,2,1,1,1,1,1,1,1,L1_SingleMu5 OR L1_SingleMu14er OR L1_SingleMu16er OR L1_SingleMu18er OR L1_SingleMu20er
AlCa_RPCMuonNormalisation_v2 (2043452),15,15,10,6,5,5,4,4,4,4,4,4,4,L1_SingleMu5 OR L1_SingleMu14er OR L1_SingleMu16er OR L1_SingleMu18er OR L1_SingleMu20er
AlCa_SingleEle_WPVeryLoose_Gsf_v1 (2044218),1,1,1,1,1,1,1,1,1,1,1,1,1,L1_SingleIsoEG18 OR L1_SingleIsoEG20 OR L1_SingleIsoEG22 OR L1_SingleIsoEG24 OR L1_SingleIsoEG26 OR L1_SingleIsoEG28 OR L1_SingleIsoEG30 OR L1_SingleIsoEG34
CalibrationOutput (2043489),1,1,1,1,1,1,1,1,1,1,1,1,1,
DQMCalibrationOutput (2043485),1,1,1,1,1,1,1,1,1,1,1,1,1,
DQMEventDisplayOutput (2044226),1,1,1,1,1,1,1,1,1,1,1,1,1,
DQMHistograms (2043620),1,1,1,1,1,1,1,1,1,1,1,1,1,
DQMOutput (2044509),10,10,10,10,10,10,10,10,10,10,10,10,10,
DST_CaloJet40_BTagScouting_v1 (2044204),200,200,200,200,200,200,200,200,200,200,200,200,200,L1_ZeroBias
DST_CaloJet40_CaloScouting_PFScouting_v1 (2044205),200,200,200,200,200,200,200,200,200,200,200,200,200,L1_ZeroBias
DST_DoubleMu3_Mass10_BTagScouting_v1 (2044216),1,1,1,1,1,1,1,1,1,1,1,1,1,L1_DoubleMu_11_4 OR L1_DoubleMu_12_5
DST_DoubleMu3_Mass10_PFScouting_v1 (2044217),1,1,1,1,1,1,1,1,1,1,1,1,1,L1_DoubleMu_11_4 OR L1_DoubleMu_12_5
DST_HT250_CaloScouting_v2 (2043408),1,1,1,1,1,1,1,1,1,1,1,1,1,L1_HTT200 OR L1_HTT240 OR L1_HTT270 OR L1_HTT280 OR L1_HTT300 OR L1_HTT320
DST_HT410_BTagScouting_v1 (2044208),1,1,1,1,1,1,1,1,1,1,1,1,1,L1_HTT200 OR L1_HTT240 OR L1_HTT270 OR L1_HTT280 OR L1_HTT300 OR L1_HTT320
DST_HT410_PFScouting_v1 (2044209),1,1,1,1,1,1,1,1,1,1,1,1,1,L1_HTT200 OR L1_HTT240 OR L1_HTT270 OR L1_HTT280 OR L1_HTT300 OR L1_HTT320
DST_HT450_BTagScouting_v1 (2044210),1,1,1,1,1,1,1,1,1,1,1,1,1,L1_HTT200 OR L1_HTT240 OR L1_HTT270 OR L1_HTT280 OR L1_HTT300 OR L1_HTT320
DST_HT450_PFScouting_v1 (2044211),1,1,1,1,1,1,1,1,1,1,1,1,1,L1_HTT200 OR L1_HTT240 OR L1_HTT270 OR L1_HTT280 OR L1_HTT300 OR L1_HTT320
DST_L1DoubleMu_BTagScouting_v1 (2044214),50,50,50,50,50,50,50,50,50,50,50,50,50,L1_DoubleMu_11_4 OR L1_DoubleMu_12_5
DST_L1DoubleMu_PFScouting_v1 (2044215),50,50,50,50,50,50,50,50,50,50,50,50,50,L1_DoubleMu_11_4 OR L1_DoubleMu_12_5
DST_L1HTT_BTagScouting_v1 (2044206),1000,1000,1000,1000,1000,1000,1000,1000,1000,1000,1000,1000,1000,L1_HTT200 OR L1_HTT240 OR L1_HTT270 OR L1_HTT280 OR L1_HTT300 OR L1_HTT320
DST_L1HTT_CaloScouting_PFScouting_v1 (2044207),1000,1000,1000,1000,1000,1000,1000,1000,1000,1000,1000,1000,1000,L1_HTT200 OR L1_HTT240 OR L1_HTT270 OR L1_HTT280 OR L1_HTT300 OR L1_HTT320
DST_Physics_v1 (2043403),10,10,10,10,10,10,10,10,10,10,10,10,10,
DST_ZeroBias_BTagScouting_v1 (2044213),4000,4000,4000,4000,4000,4000,4000,4000,4000,4000,4000,4000,4000,L1_ZeroBias
DST_ZeroBias_PFScouting_v1 (2044212),4000,4000,4000,4000,4000,4000,4000,4000,4000,4000,4000,4000,4000,L1_ZeroBias
EcalCalibrationOutput (2043490),1,1,1,1,1,1,1,1,1,1,1,1,1,
ExpressOutput (2044228),1,1,1,1,1,1,1,1,1,1,1,1,1,
HLTMonitorOutput (2043487),1,1,1,1,1,1,1,1,1,1,1,1,1,
HLT_AK4CaloJet100_v2 (2043784),0,0,0,0,0,0,0,0,0,0,0,0,1,L1_SingleJet35
HLT_AK4CaloJet30_v3 (2043780),0,0,0,0,0,0,0,0,0,0,0,0,1,L1_MinimumBiasHF1_OR_BptxAND
HLT_AK4CaloJet40_v2 (2043781),0,0,0,0,0,0,0,0,0,0,0,0,1,L1_MinimumBiasHF1_OR_BptxAND
HLT_AK4CaloJet50_v2 (2043782),0,0,0,0,0,0,0,0,0,0,0,0,1,L1_MinimumBiasHF1_OR_BptxAND
HLT_AK4CaloJet80_v2 (2043783),0,0,0,0,0,0,0,0,0,0,0,0,1,L1_SingleJet35
HLT_AK4PFJet100_v3 (2043429),0,0,0,0,0,0,0,0,0,0,0,0,1,L1_SingleJet35
HLT_AK4PFJet30_v3 (2043785),0,0,0,0,0,0,0,0,0,0,0,0,1,L1_MinimumBiasHF1_OR_BptxAND
HLT_AK4PFJet50_v3 (2043786),0,0,0,0,0,0,0,0,0,0,0,0,1,L1_MinimumBiasHF1_OR_BptxAND
HLT_AK4PFJet80_v3 (2043787),0,0,0,0,0,0,0,0,0,0,0,0,1,L1_SingleJet35
HLT_AK8DiPFJet250_200_TrimMass30_BTagCSV_p20_v1 (2043274),0,0,1,1,1,1,1,1,1,1,1,1,1,L1_SingleJet180 OR L1_SingleJet200
HLT_AK8DiPFJet250_200_TrimMass30_v1 (2043272),0,0,35,25,15,10,5,3,2,1,1,1,1,L1_SingleJet180 OR L1_SingleJet200
HLT_AK8DiPFJet280_200_TrimMass30_BTagCSV_p20_v1 (2043273),1,1,1,1,1,1,1,1,1,1,1,1,1,L1_SingleJet180 OR L1_SingleJet200
HLT_AK8DiPFJet280_200_TrimMass30_v1 (2043271),40,35,20,15,10,6,3,2,1,1,1,1,1,L1_SingleJet180 OR L1_SingleJet200
HLT_AK8PFHT600_TrimR0p1PT0p03Mass50_BTagCSV_p20_v1 (2042960),0,0,1,1,1,1,1,1,1,1,1,1,1,L1_HTT240 OR L1_HTT255 OR L1_HTT270 OR L1_HTT280 OR L1_HTT300 OR L1_HTT320
HLT_AK8PFHT650_TrimR0p1PT0p03Mass50_v2 (2042959),0,0,1,1,1,1,1,1,1,1,1,1,1,L1_HTT240 OR L1_HTT255 OR L1_HTT270 OR L1_HTT280 OR L1_HTT300 OR L1_HTT320
HLT_AK8PFHT700_TrimR0p1PT0p03Mass50_v3 (2042958),1,1,1,1,1,1,1,1,1,1,1,1,1,L1_HTT240 OR L1_HTT255 OR L1_HTT270 OR L1_HTT280 OR L1_HTT300 OR L1_HTT320
HLT_AK8PFJet360_TrimMass30_v3 (2042957),1,1,1,1,1,1,1,1,1,1,1,1,1,L1_SingleJet180 OR L1_SingleJet200
HLT_BTagMu_DiJet110_Mu5_v2 (2043239),1,1,1,1,1,1,1,1,1,1,1,1,1,L1_Mu3_JetC60_dEta_Max0p4_dPhi_Max0p4 OR L1_Mu3_JetC60
HLT_BTagMu_DiJet20_Mu5_v2 (2043236),5,5,5,5,5,5,5,4,3,2,1,1,1,L1_Mu3_JetC16_dEta_Max0p4_dPhi_Max0p4 OR L1_Mu3_JetC16
HLT_BTagMu_DiJet40_Mu5_v2 (2043237),1,1,1,1,1,1,1,1,1,1,1,1,1,L1_Mu3_JetC16_dEta_Max0p4_dPhi_Max0p4 OR L1_Mu3_JetC16
HLT_BTagMu_DiJet70_Mu5_v2 (2043238),4,4,4,4,4,4,4,4,3,2,1,1,1,L1_Mu3_JetC60_dEta_Max0p4_dPhi_Max0p4 OR L1_Mu3_JetC60
HLT_BTagMu_Jet300_Mu5_v2 (2043240),1,1,1,1,1,1,1,1,1,1,1,1,1,L1_SingleJet200
HLT_CaloJet500_NoJetID_v2 (2042961),1,1,1,1,1,1,1,1,1,1,1,1,1,L1_SingleJet170 OR L1_SingleJet180 OR L1_SingleJet200
HLT_CaloMHTNoPU90_PFMET90_PFMHT90_IDTight_BTagCSV_p067_v1 (2043193),1,1,1,1,1,1,1,1,1,1,1,1,1,L1_ETM50 OR L1_ETM60 OR L1_ETM60_Jet60_dPhi_Min0p4 OR L1_ETM70 OR L1_ETM80 OR L1_ETM90 OR L1_ETM100 OR L1_DoubleJetC60_ETM60
HLT_CaloMHTNoPU90_PFMET90_PFMHT90_IDTight_v2 (2043194),50,50,25,17,12,7,3,2,1,1,1,1,1,L1_ETM50 OR L1_ETM60 OR L1_ETM60_Jet60_dPhi_Min0p4 OR L1_ETM70 OR L1_ETM80 OR L1_ETM90 OR L1_ETM100 OR L1_DoubleJetC60_ETM60
HLT_DiCentralPFJet55_PFMET110_v1 (2043157),1,1,1,1,1,1,1,1,1,1,1,1,0,L1_ETM50 OR L1_ETM60 OR L1_ETM70 OR L1_ETM80 OR L1_ETM90 OR L1_ETM100
HLT_DiMu9_Ele9_CaloIdL_TrackIdL_v3 (2044153),1,1,1,1,1,1,1,1,1,1,1,1,1,L1_DoubleMu7_EG7
HLT_DiPFJet15_FBEta3_NoCaloMatched_v1 (2043771),0,0,0,0,0,0,0,0,0,0,0,0,1,L1_DoubleJet8_ForwardBackward
HLT_DiPFJet15_NoCaloMatched_v1 (2043769),0,0,0,0,0,0,0,0,0,0,0,0,1,L1_MinimumBiasHF1_OR_BptxAND
HLT_DiPFJet25_FBEta3_NoCaloMatched_v1 (2043772),0,0,0,0,0,0,0,0,0,0,0,0,1,L1_DoubleJet12_ForwardBackward
HLT_DiPFJet25_NoCaloMatched_v1 (2043770),0,0,0,0,0,0,0,0,0,0,0,0,1,L1_MinimumBiasHF1_OR_BptxAND
HLT_DiPFJet40_DEta3p5_MJJ600_PFMETNoMu140_v1 (2043155),1,1,1,1,1,1,1,1,1,1,1,1,1,L1_ETM80 OR L1_ETM90 OR L1_ETM100
HLT_DiPFJet40_DEta3p5_MJJ600_PFMETNoMu80_v1 (2043156),1,1,80,60,40,1,1,1,1,1,1,1,1,L1_ETM50 OR L1_ETM60
HLT_DiPFJetAve100_HFJEC_v3 (2043151),1500,1,1,1,1,1,1,1,1,1,1,1,1,L1_SingleJet60
HLT_DiPFJetAve140_v2 (2043143),2,2,2,2,1,1,20,15,10,6,4,2,1,L1_SingleJet90
HLT_DiPFJetAve15_HFJEC_v1 (2043773),0,0,0,0,0,0,0,0,0,0,0,0,1,L1_MinimumBiasHF1_OR_BptxAND
HLT_DiPFJetAve160_HFJEC_v3 (2043152),48,48,24,16,12,6,3,2,1,1,1,1,1,L1_SingleJet120
HLT_DiPFJetAve200_v2 (2043144),250,250,125,85,60,35,16,12,9,6,4,2,1,L1_SingleJet120
HLT_DiPFJetAve220_HFJEC_v3 (2043153),2,2,1,1,1,1,1,1,1,1,1,1,1,L1_SingleJet170
HLT_DiPFJetAve25_HFJEC_v1 (2043774),0,0,0,0,0,0,0,0,0,0,0,0,1,L1_MinimumBiasHF1_OR_BptxAND
HLT_DiPFJetAve260_v2 (2043145),85,85,85,60,42,24,12,8,6,4,2,1,1,L1_SingleJet170
HLT_DiPFJetAve300_HFJEC_v3 (2043154),1,1,1,1,1,1,1,1,1,1,1,1,1,L1_SingleJet170
HLT_DiPFJetAve320_v2 (2043146),15,15,15,10,6,4,2,1,1,1,1,1,1,L1_SingleJet170
HLT_DiPFJetAve35_HFJEC_v1 (2043775),0,0,0,0,0,0,0,0,0,0,0,0,1,L1_MinimumBiasHF1_OR_BptxAND
HLT_DiPFJetAve400_v2 (2043147),5,5,5,3,2,1,1,1,1,1,1,1,1,L1_SingleJet170
HLT_DiPFJetAve40_v2 (2043140),50,50,32,24,16,10,6,4,2,2,2,2,0,L1_ZeroBias
HLT_DiPFJetAve500_v2 (2043148),1,1,1,1,1,1,1,1,1,1,1,1,1,L1_SingleJet170
HLT_DiPFJetAve60_HFJEC_v3 (2043149),1000,1,1,1,1,1,1,1,1,1,1,1,1,L1_SingleJet35
HLT_DiPFJetAve60_v2 (2043141),2,2,2,2,2,2,2,2,2,2,2,2,0,L1_ZeroBias
HLT_DiPFJetAve80_HFJEC_v3 (2043150),8,4,4,4,4,4,4,4,4,4,4,4,4,L1_SingleJet60
HLT_DiPFJetAve80_v2 (2043142),28,28,28,28,28,28,28,28,28,28,28,28,28,L1_SingleJet60
HLT_DiSC30_18_EIso_AND_HE_Mass70_v1 (2044202),500,500,500,500,500,500,500,500,500,500,500,500,1,L1_SingleIsoEG22er OR L1_SingleIsoEG24 OR L1_SingleEG40 OR L1_DoubleEG_18_17 OR L1_DoubleEG_22_12 OR L1_DoubleEG_15_10
HLT_Dimuon0_Jpsi_Muon_v2 (2043299),1,1,1,1,1,1,1,1,1,1,1,1,1,L1_TripleMu0
HLT_Dimuon0_Phi_Barrel_v2 (2043363),0,0,1,1,1,1,1,1,1,1,1,1,1,L1_DoubleMu0er1p6_dEta_Max1p8 OR L1_DoubleMu0er1p6_dEta_Max1p8_OS
HLT_Dimuon0_Upsilon_Muon_v2 (2043300),1,1,1,1,1,1,1,1,1,1,1,1,1,L1_TripleMu0
HLT_Dimuon0er16_Jpsi_NoOS_NoVertexing_v2 (2042991),50,1,50,36,24,14,7,5,3,2,1,1,1,L1_DoubleMu0er1p6_dEta_Max1p8
HLT_Dimuon0er16_Jpsi_NoVertexing_v2 (2042992),100,100,50,35,25,14,7,5,3,2,1,1,1,L1_DoubleMu0er1p6_dEta_Max1p8 OR L1_DoubleMu0er1p6_dEta_Max1p8_OS
HLT_Dimuon10_Jpsi_Barrel_v2 (2043360),0,0,5,3,2,1,1,1,1,1,1,1,1,L1_DoubleMu0er1p6_dEta_Max1p8 OR L1_DoubleMu0er1p6_dEta_Max1p8_OS
HLT_Dimuon13_PsiPrime_v2 (2042962),1,1,1,1,1,1,1,1,1,1,1,1,1,L1_DoubleMu_10_0_dEta_Max1p8 OR L1_DoubleMu_11_4
HLT_Dimuon13_Upsilon_v2 (2042963),1,1,1,1,1,1,1,1,1,1,1,1,1,L1_DoubleMu_10_0_dEta_Max1p8 OR L1_DoubleMu_11_4
HLT_Dimuon16_Jpsi_v2 (2043359),0,0,1,1,1,1,1,1,1,1,1,1,1,L1_DoubleMu_10_0_dEta_Max1p8 OR L1_DoubleMu_11_4
HLT_Dimuon20_Jpsi_v2 (2044497),1,1,1,1,1,1,1,1,1,1,1,1,1,L1_DoubleMu_10_0_dEta_Max1p8 OR L1_DoubleMu_11_4
HLT_Dimuon6_Jpsi_NoVertexing_v2 (2042993),1,1,1,1,1,1,1,1,1,1,1,1,1,L1_DoubleMu0
HLT_Dimuon8_PsiPrime_Barrel_v2 (2043361),0,0,1,1,1,1,1,1,1,1,1,1,1,L1_DoubleMu0er1p6_dEta_Max1p8 OR L1_DoubleMu0er1p6_dEta_Max1p8_OS
HLT_Dimuon8_Upsilon_Barrel_v2 (2043362),0,0,2,1,1,1,1,1,1,1,1,1,1,L1_DoubleMu0er1p6_dEta_Max1p8 OR L1_DoubleMu0er1p6_dEta_Max1p8_OS
HLT_Diphoton30EB_18EB_R9Id_OR_IsoCaloId_AND_HE_R9Id_DoublePixelVeto_Mass55_v1(2044181),1,1,1,1,1,1,1,1,1,1,1,1,1,L1_SingleEG40 OR L1_SingleIsoEG26 OR L1_SingleIsoEG24 OR L1_DoubleEG_15_10 OR L1_DoubleEG_22_12 OR L1_DoubleEG_18_17
HLT_Diphoton30PV_18PV_R9Id_AND_IsoCaloId_AND_HE_R9Id_DoublePixelVeto_Mass55_v1(2044179),1,1,1,1,1,1,1,1,1,1,1,1,1,L1_SingleEG40 OR L1_SingleIsoEG26 OR L1_SingleIsoEG24 OR L1_DoubleEG_15_10 OR L1_DoubleEG_22_12 OR L1_DoubleEG_18_17
HLT_Diphoton30_18_R9Id_OR_IsoCaloId_AND_HE_R9Id_DoublePixelSeedMatch_Mass70_v1(2044178),1,1,1,1,1,1,1,1,1,1,1,1,1,L1_SingleEG40 OR L1_SingleIsoEG26 OR L1_SingleIsoEG24 OR L1_DoubleEG_15_10 OR L1_DoubleEG_22_12 OR L1_DoubleEG_18_17
HLT_Diphoton30_18_R9Id_OR_IsoCaloId_AND_HE_R9Id_Mass90_v1 (2044177),1,1,1,1,1,1,1,1,1,1,1,1,1,L1_SingleEG40 OR L1_SingleIsoEG26 OR L1_SingleIsoEG24 OR L1_DoubleEG_15_10 OR L1_DoubleEG_22_12 OR L1_DoubleEG_18_17
HLT_Diphoton30_18_Solid_R9Id_AND_IsoCaloId_AND_HE_R9Id_Mass55_v1 (2044180),1,1,1,1,1,1,1,1,1,1,1,1,1,L1_SingleEG40 OR L1_SingleIsoEG26 OR L1_SingleIsoEG24 OR L1_DoubleEG_15_10 OR L1_DoubleEG_22_12 OR L1_DoubleEG_18_17
HLT_DoubleEle24_22_eta2p1_WPLoose_Gsf_v3 (2044269),1,1,1,1,1,1,1,1,1,1,1,1,1,L1_DoubleEG_22_10 OR L1_DoubleEG_24_17
HLT_DoubleEle33_CaloIdL_GsfTrkIdVL_MW_v3 (2044079),1,1,1,1,1,1,1,1,1,1,1,1,1,L1_SingleEG40 OR L1_SingleEG30 OR L1_SingleEG26 OR L1_DoubleEG_22_10 OR L1_DoubleEG_24_17 OR L1_SingleJet200
HLT_DoubleEle33_CaloIdL_GsfTrkIdVL_v3 (2044080),1,1,1,1,1,1,1,1,1,1,1,1,1,L1_SingleEG40 OR L1_SingleEG30 OR L1_SingleEG26 OR L1_DoubleEG_22_10 OR L1_DoubleEG_24_17 OR L1_SingleJet200
HLT_DoubleEle33_CaloIdL_MW_v1 (2044078),1,1,1,1,1,1,1,1,1,1,1,1,1,L1_SingleEG40 OR L1_SingleEG30 OR L1_SingleEG26 OR L1_DoubleEG_22_10 OR L1_DoubleEG_24_17 OR L1_SingleJet200
HLT_DoubleEle33_CaloIdL_v1 (2044077),0,0,1,1,1,1,1,1,1,1,1,1,1,L1_SingleEG40 OR L1_SingleEG30 OR L1_SingleEG26 OR L1_DoubleEG_22_10 OR L1_DoubleEG_24_17 OR L1_SingleJet200
HLT_DoubleEle37_Ele27_CaloIdL_GsfTrkIdVL_v1 (2044081),1,1,1,1,1,1,1,1,1,1,1,1,1,L1_SingleEG40 OR L1_SingleEG40 OR L1_SingleEG30 OR L1_SingleEG26 OR L1_SingleEG24 OR L1_DoubleEG_22_10 OR L1_DoubleEG_24_17 OR L1_SingleJet200
HLT_DoubleEle8_CaloIdM_TrackIdM_Mass8_PFHT250_v1 (2044185),0,0,1,1,1,1,1,1,1,1,1,1,1,L1_DoubleEG6_HTT255 OR L1_HTT160 OR L1_HTT200 OR L1_HTT220 OR L1_HTT240 OR L1_HTT255 OR L1_HTT270 OR L1_HTT280 OR L1_HTT300 OR L1_HTT320
HLT_DoubleEle8_CaloIdM_TrackIdM_Mass8_PFHT300_v4 (2044187),1,1,1,1,1,1,1,1,1,1,1,1,1,L1_DoubleEG6_HTT255 OR L1_HTT160 OR L1_HTT200 OR L1_HTT220 OR L1_HTT240 OR L1_HTT255 OR L1_HTT270 OR L1_HTT280 OR L1_HTT300 OR L1_HTT320
HLT_DoubleIsoMu17_eta2p1_noDzCut_v1 (2043042),1,1,1,1,1,1,1,1,1,1,1,1,1,L1_DoubleMu_12_5
HLT_DoubleIsoMu17_eta2p1_v3 (2043041),1,1,1,1,1,1,1,1,1,1,1,1,1,L1_DoubleMu_12_5
HLT_DoubleJet90_Double30_DoubleBTagCSV_p087_v1 (2043204),50,50,25,18,12,7,3,2,1,1,1,1,1,L1_TripleJet_84_68_48_VBF OR L1_TripleJet_88_72_56_VBF OR L1_TripleJet_92_76_64_VBF OR L1_HTT280 OR L1_HTT300 OR L1_HTT320 OR L1_SingleJet170 OR L1_SingleJet180 OR L1_SingleJet200 OR L1_DoubleJetC100 OR L1_DoubleJetC112 OR L1_DoubleJetC120
HLT_DoubleJet90_Double30_TripleBTagCSV_p087_v1 (2043203),1,1,1,1,1,1,1,1,1,1,1,1,1,L1_TripleJet_84_68_48_VBF OR L1_TripleJet_88_72_56_VBF OR L1_TripleJet_92_76_64_VBF OR L1_HTT280 OR L1_HTT300 OR L1_HTT320 OR L1_SingleJet170 OR L1_SingleJet180 OR L1_SingleJet200 OR L1_DoubleJetC100 OR L1_DoubleJetC112 OR L1_DoubleJetC120
HLT_DoubleJetsC100_DoubleBTagCSV_p014_DoublePFJetsC100MaxDeta1p6_v1 (2043206),1,1,1,1,1,1,1,1,1,1,1,1,1,L1_DoubleJetC100
HLT_DoubleJetsC100_DoubleBTagCSV_p026_DoublePFJetsC160_v1 (2043205),1,1,1,1,1,1,1,1,1,1,1,1,1,L1_DoubleJetC100
HLT_DoubleJetsC100_SingleBTagCSV_p014_SinglePFJetC350_v1 (2043212),1,1,1,1,1,1,1,1,1,1,1,1,1,L1_DoubleJetC100
HLT_DoubleJetsC100_SingleBTagCSV_p014_v1 (2043210),50,50,25,18,12,7,3,2,1,1,1,1,1,L1_DoubleJetC100
HLT_DoubleJetsC100_SingleBTagCSV_p026_SinglePFJetC350_v1 (2043211),1,1,1,1,1,1,1,1,1,1,1,1,1,L1_DoubleJetC100
HLT_DoubleJetsC100_SingleBTagCSV_p026_v1 (2043209),50,50,25,18,12,7,3,2,1,1,1,1,1,L1_DoubleJetC100
HLT_DoubleJetsC112_DoubleBTagCSV_p014_DoublePFJetsC112MaxDeta1p6_v1 (2043208),1,1,1,1,1,1,1,1,1,1,1,1,1,L1_DoubleJetC112
HLT_DoubleJetsC112_DoubleBTagCSV_p026_DoublePFJetsC172_v1 (2043207),1,1,1,1,1,1,1,1,1,1,1,1,1,L1_DoubleJetC112
HLT_DoubleMediumIsoPFTau32_Trk1_eta2p1_Reg_v1 (2042971),1,1,1,1,1,1,1,1,1,1,1,1,1,L1_DoubleIsoTau26er OR L1_DoubleIsoTau27er OR L1_DoubleIsoTau28er OR L1_DoubleIsoTau29er OR L1_DoubleIsoTau30er OR L1_DoubleIsoTau32er
HLT_DoubleMediumIsoPFTau35_Trk1_eta2p1_Reg_v2 (2042972),1,1,1,1,1,1,1,1,1,1,1,1,1,L1_DoubleIsoTau26er OR L1_DoubleIsoTau27er OR L1_DoubleIsoTau28er OR L1_DoubleIsoTau29er OR L1_DoubleIsoTau30er OR L1_DoubleIsoTau32er
HLT_DoubleMediumIsoPFTau40_Trk1_eta2p1_Reg_v4 (2042973),1,1,1,1,1,1,1,1,1,1,1,1,1,L1_DoubleIsoTau26er OR L1_DoubleIsoTau27er OR L1_DoubleIsoTau28er OR L1_DoubleIsoTau29er OR L1_DoubleIsoTau30er OR L1_DoubleIsoTau32er
HLT_DoubleMu18NoFiltersNoVtx_v2 (2043108),120,120,60,35,25,17,6,5,4,3,1,1,1,L1_DoubleMu_11_4 OR L1_DoubleMu_12_5
HLT_DoubleMu23NoFiltersNoVtxDisplaced_v2 (2042976),1,1,1,1,1,1,1,1,1,1,1,1,1,L1_DoubleMu_11_4 OR L1_DoubleMu_12_5
HLT_DoubleMu28NoFiltersNoVtxDisplaced_v2 (2042977),1,1,1,1,1,1,1,1,1,1,1,1,1,L1_DoubleMu_11_4 OR L1_DoubleMu_12_5
HLT_DoubleMu33NoFiltersNoVtx_v2 (2042974),1,1,1,1,1,1,1,1,1,1,1,1,1,L1_DoubleMu_11_4 OR L1_DoubleMu_12_5
HLT_DoubleMu38NoFiltersNoVtx_v2 (2042975),1,1,1,1,1,1,1,1,1,1,1,1,1,L1_DoubleMu_11_4 OR L1_DoubleMu_12_5
HLT_DoubleMu4_3_Bs_v2 (2042978),1,1,1,1,1,1,1,1,1,1,1,1,1,L1_DoubleMu0er1p6_dEta_Max1p8_OS OR L1_DoubleMu0er1p6_dEta_Max1p8 OR L1_DoubleMu_11_4
HLT_DoubleMu4_3_Jpsi_Displaced_v2 (2042979),5,5,2,1,1,1,1,1,1,1,1,1,1,L1_DoubleMu0er1p6_dEta_Max1p8_OS OR L1_DoubleMu0er1p6_dEta_Max1p8 OR L1_DoubleMu_11_4
HLT_DoubleMu4_JpsiTrk_Displaced_v2 (2042980),1,1,1,1,1,1,1,1,1,1,1,1,1,L1_DoubleMu0er1p6_dEta_Max1p8_OS OR L1_DoubleMu0er1p6_dEta_Max1p8 OR L1_DoubleMu_11_4
HLT_DoubleMu4_LowMassNonResonantTrk_Displaced_v2 (2042981),1,1,1,1,1,1,1,1,1,1,1,1,1,L1_DoubleMu0er1p6_dEta_Max1p8_OS OR L1_DoubleMu0er1p6_dEta_Max1p8 OR L1_DoubleMu_11_4
HLT_DoubleMu4_PsiPrimeTrk_Displaced_v2 (2042982),1,1,1,1,1,1,1,1,1,1,1,1,1,L1_DoubleMu0er1p6_dEta_Max1p8_OS OR L1_DoubleMu0er1p6_dEta_Max1p8 OR L1_DoubleMu_11_4
HLT_DoubleMu8_Mass8_PFHT250_v1 (2043342),0,0,1,1,1,1,1,1,1,1,1,1,1,L1_Mu8_HTT150 OR L1_HTT160 OR L1_HTT200 OR L1_HTT220 OR L1_HTT240 OR L1_HTT255 OR L1_HTT270 OR L1_HTT280 OR L1_HTT300 OR L1_HTT320
HLT_DoubleMu8_Mass8_PFHT300_v4 (2043345),1,1,1,1,1,1,1,1,1,1,1,1,1,L1_Mu8_HTT150 OR L1_HTT160 OR L1_HTT200 OR L1_HTT220 OR L1_HTT240 OR L1_HTT255 OR L1_HTT270 OR L1_HTT280 OR L1_HTT300 OR L1_HTT320
HLT_DoublePhoton60_v1 (2044082),1,1,1,1,1,1,1,1,1,1,1,1,1,L1_SingleEG40 OR L1_SingleJet200 OR L1_DoubleEG_18_17 OR L1_DoubleEG_22_12
HLT_DoublePhoton85_v2 (2044083),1,1,1,1,1,1,1,1,1,1,1,1,1,L1_SingleEG40 OR L1_SingleJet200 OR L1_DoubleEG_18_17 OR L1_DoubleEG_22_12
HLT_ECALHT800_v2 (2043394),1,1,1,1,1,1,1,1,1,1,1,1,1,L1_HTT300 OR L1_ETM70
HLT_EcalCalibration_v2 (2043435),1,1,1,1,1,1,1,1,1,1,1,1,1,
HLT_Ele105_CaloIdVT_GsfTrkIdT_v3 (2044109),1,1,1,1,1,1,1,1,1,1,1,1,1,L1_SingleEG40 OR L1_SingleJet200
HLT_Ele10_CaloIdM_TrackIdM_CentralPFJet30_BTagCSV_p13_v1 (2044188),5,1,1,1,1,1,1,1,1,1,1,1,1,L1_Jet32_MuOpen_EG10_dPhi_Jet_Mu_Max0p4_dPhi_Mu_EG_Min1p0
HLT_Ele115_CaloIdVT_GsfTrkIdT_v2 (2044199),1,1,1,1,1,1,1,1,1,1,1,1,1,L1_SingleEG40 OR L1_SingleJet200
HLT_Ele12_CaloIdL_TrackIdL_IsoVL_PFJet30_v3 (2044135),4,4,4,20,20,20,20,20,15,10,10,10,1,L1_SingleEG10 OR L1_SingleEG15
HLT_Ele12_CaloIdL_TrackIdL_IsoVL_v3 (2044156),8,8,8,40,40,40,40,40,30,20,20,20,1,L1_SingleEG10 OR L1_SingleEG15
HLT_Ele12_CaloIdM_TrackIdM_PFJet30_v3 (2044194),4,4,4,20,20,20,20,20,15,10,10,10,1,L1_SingleEG10 OR L1_SingleEG15
HLT_Ele15_IsoVVVL_BTagCSV_p067_PFHT400_v1 (2044189),10,10,5,3,2,1,1,1,1,1,1,1,1,L1_SingleEG5
HLT_Ele15_IsoVVVL_PFHT350_PFMET50_v2 (2044190),1,1,1,1,1,1,1,1,1,1,1,1,1,L1_SingleEG5
HLT_Ele15_IsoVVVL_PFHT350_v2 (2044192),10,10,1,1,1,1,1,1,1,1,1,1,1,L1_SingleEG5
HLT_Ele15_IsoVVVL_PFHT600_v3 (2044191),1,1,1,1,1,1,1,1,1,1,1,1,1,L1_SingleEG5
HLT_Ele16_Ele12_Ele8_CaloIdL_TrackIdL_v3 (2044140),1,1,1,1,1,1,1,1,1,1,1,1,1,L1_TripleEG_14_10_8
HLT_Ele17_CaloIdL_GsfTrkIdVL_v1 (2044157),1,1,1,4,4,4,4,4,4,4,5,5,1,L1_SingleEG15
HLT_Ele17_CaloIdL_TrackIdL_IsoVL_PFJet30_v1 (2044136),1,1,1,4,4,4,4,4,4,4,4,4,4,L1_SingleEG15
HLT_Ele17_CaloIdL_TrackIdL_IsoVL_v2 (2044158),4,4,4,4,4,4,4,4,4,4,4,4,1,L1_SingleEG15
HLT_Ele17_CaloIdM_TrackIdM_PFJet30_v1 (2044195),1,1,1,4,4,4,4,4,4,4,4,4,4,L1_SingleEG15
HLT_Ele17_Ele12_CaloIdL_TrackIdL_IsoVL_DZ_v3 (2044139),0,0,1,1,1,1,1,1,1,1,1,1,1,L1_SingleEG40 OR L1_SingleIsoEG24er OR L1_SingleIsoEG26 OR L1_SingleIsoEG24 OR L1_SingleIsoEG22er OR L1_DoubleEG_22_12 OR L1_DoubleEG_18_17 OR L1_DoubleEG_15_10
HLT_Ele17_Ele12_CaloIdL_TrackIdL_IsoVL_v3 (2044154),0,0,10,7,5,2,1,1,1,1,1,1,1,L1_SingleEG40 OR L1_SingleIsoEG24er OR L1_SingleIsoEG26 OR L1_SingleIsoEG24 OR L1_SingleIsoEG22er OR L1_DoubleEG_22_12 OR L1_DoubleEG_18_17 OR L1_DoubleEG_15_10
HLT_Ele22_eta2p1_WPLoose_Gsf_LooseIsoPFTau20_SingleL1_v3 (2044270),1,1,1,1,1,1,1,1,1,1,1,1,1,L1_SingleIsoEG20er OR L1_SingleIsoEG22er OR L1_SingleEG40
HLT_Ele22_eta2p1_WPLoose_Gsf_v3 (2044084),1,1,1,1,1,1,1,1,1,1,1,1,1,L1_SingleIsoEG20er OR L1_SingleIsoEG22er OR L1_SingleEG40
HLT_Ele23_CaloIdL_TrackIdL_IsoVL_PFJet30_v3 (2044137),1,1,1,4,4,4,4,4,4,4,4,4,4,L1_SingleEG15
HLT_Ele23_CaloIdL_TrackIdL_IsoVL_v3 (2044159),0,0,0,0,700,400,200,140,100,70,40,20,1,L1_SingleEG18 OR L1_SingleEG24
HLT_Ele23_CaloIdM_TrackIdM_PFJet30_v3 (2044196),1,1,1,4,4,4,4,4,4,4,4,4,4,L1_SingleEG15
HLT_Ele23_Ele12_CaloIdL_TrackIdL_IsoVL_DZ_v3 (2044138),1,1,1,1,1,1,1,1,1,1,1,1,1,L1_SingleEG40 OR L1_SingleIsoEG22er OR L1_SingleIsoEG24 OR L1_DoubleEG_22_12 OR L1_DoubleEG_18_17
HLT_Ele23_Ele12_CaloIdL_TrackIdL_IsoVL_v3 (2044155),10,10,5,3,2,1,1,1,1,1,1,1,1,L1_SingleEG40 OR L1_SingleIsoEG22er OR L1_SingleIsoEG24 OR L1_DoubleEG_22_12 OR L1_DoubleEG_18_17
HLT_Ele23_WPLoose_Gsf_WHbbBoost_v3 (2044272),0,0,0,0,1,1,1,1,1,1,1,1,1,L1_SingleEG40 OR L1_SingleIsoEG22er OR L1_SingleIsoEG24er OR L1_SingleIsoEG24 OR L1_SingleIsoEG26
HLT_Ele23_WPLoose_Gsf_v4 (2044271),0,0,1,1,1,1,1,1,1,1,1,1,1,L1_SingleEG40 OR L1_SingleIsoEG22er OR L1_SingleIsoEG24er OR L1_SingleIsoEG24 OR L1_SingleIsoEG26
HLT_Ele24_eta2p1_WPLoose_Gsf_LooseIsoPFTau20_SingleL1_v2 (2044274),1,1,1,1,1,1,1,1,1,1,1,1,1,L1_SingleIsoEG22er OR L1_SingleIsoEG24er OR L1_SingleEG40
HLT_Ele24_eta2p1_WPLoose_Gsf_LooseIsoPFTau20_v2 (2044273),1,1,1,1,1,1,1,1,1,1,1,1,1,L1_IsoEG22er_Tau20er_dEta_Min0p2
HLT_Ele24_eta2p1_WPLoose_Gsf_v1 (2044088),1,1,1,1,1,1,1,1,1,1,1,1,1,L1_SingleIsoEG22er OR L1_SingleIsoEG24er OR L1_SingleEG40
HLT_Ele25_WPTight_Gsf_v1 (2044091),1,1,1,1,1,1,1,1,1,1,1,1,1,L1_SingleEG40 OR L1_SingleIsoEG22er OR L1_SingleIsoEG24er OR L1_SingleIsoEG24 OR L1_SingleIsoEG26
HLT_Ele25_eta2p1_WPLoose_Gsf_v2 (2044275),1,1,1,1,1,1,1,1,1,1,1,1,1,L1_SingleEG40 OR L1_SingleIsoEG22er OR L1_SingleIsoEG24er
HLT_Ele25_eta2p1_WPTight_Gsf_v1 (2044093),1,1,1,1,1,1,1,1,1,1,1,1,1,L1_SingleEG40 OR L1_SingleIsoEG22er OR L1_SingleIsoEG24er
HLT_Ele27_HighEta_Ele20_Mass55_v1 (2044203),1,1,1,1,1,1,1,1,1,1,1,1,1,L1_SingleEG40 OR L1_DoubleEG_22_10 OR L1_DoubleEG_22_12 OR L1_DoubleEG_18_17 OR L1_DoubleEG_24_17
HLT_Ele27_WPLoose_Gsf_WHbbBoost_v2 (2044095),1,1,1,1,1,1,1,1,1,1,1,1,1,L1_SingleEG40 OR L1_SingleIsoEG22er OR L1_SingleIsoEG24er OR L1_SingleIsoEG24 OR L1_SingleIsoEG26
HLT_Ele27_WPLoose_Gsf_v1 (2044094),1,1,1,1,1,1,1,1,1,1,1,1,1,L1_SingleEG40 OR L1_SingleIsoEG22er OR L1_SingleIsoEG24er OR L1_SingleIsoEG24 OR L1_SingleIsoEG26
HLT_Ele27_WPTight_Gsf_v1 (2044096),1,1,1,1,1,1,1,1,1,1,1,1,1,L1_SingleEG40 OR L1_SingleIsoEG22er OR L1_SingleIsoEG24er OR L1_SingleIsoEG24 OR L1_SingleIsoEG26
HLT_Ele27_eta2p1_WPLoose_Gsf_DoubleMediumIsoPFTau32_Trk1_eta2p1_Reg_v2 (2044278),1,1,1,1,1,1,1,1,1,1,1,1,1,L1_SingleEG40 OR L1_SingleIsoEG22er OR L1_SingleIsoEG24er
HLT_Ele27_eta2p1_WPLoose_Gsf_DoubleMediumIsoPFTau35_Trk1_eta2p1_Reg_v3 (2044279),1,1,1,1,1,1,1,1,1,1,1,1,1,L1_SingleEG40 OR L1_SingleIsoEG22er OR L1_SingleIsoEG24er
HLT_Ele27_eta2p1_WPLoose_Gsf_DoubleMediumIsoPFTau40_Trk1_eta2p1_Reg_v4 (2044280),0,0,1,1,1,1,1,1,1,1,1,1,1,L1_SingleEG40 OR L1_SingleIsoEG22er OR L1_SingleIsoEG24er
HLT_Ele27_eta2p1_WPLoose_Gsf_HT200_v3 (2044283),1,1,1,1,1,1,1,1,1,1,1,1,1,L1_EG27er_HTT200 OR L1_HTT280 OR L1_HTT300
HLT_Ele27_eta2p1_WPLoose_Gsf_LooseIsoPFTau20_SingleL1_v2 (2044277),1,1,1,1,1,1,1,1,1,1,1,1,1,L1_SingleEG40 OR L1_SingleIsoEG22er OR L1_SingleIsoEG24er
HLT_Ele27_eta2p1_WPLoose_Gsf_v3 (2044276),1,1,1,1,1,1,1,1,1,1,1,1,1,L1_SingleEG40 OR L1_SingleIsoEG22er OR L1_SingleIsoEG24er
HLT_Ele27_eta2p1_WPTight_Gsf_v2 (2044102),1,1,1,1,1,1,1,1,1,1,1,1,1,L1_SingleEG40 OR L1_SingleIsoEG22er OR L1_SingleIsoEG24er
HLT_Ele30WP60_Ele8_Mass55_v2 (2044111),1,1,1,1,1,1,1,1,1,1,1,1,1,L1_SingleEG40 OR L1_SingleIsoEG24 OR L1_SingleIsoEG22er
HLT_Ele30WP60_SC4_Mass55_v3 (2044110),2,2,2,1,1,1,1,1,1,1,1,1,1,L1_SingleEG40 OR L1_SingleIsoEG24 OR L1_SingleIsoEG22er
HLT_Ele32_eta2p1_WPLoose_Gsf_LooseIsoPFTau20_SingleL1_v1 (2044103),1,1,1,1,1,1,1,1,1,1,1,1,1,L1_SingleEG40 OR L1_SingleIsoEG22er OR L1_SingleIsoEG24er
HLT_Ele32_eta2p1_WPTight_Gsf_v2 (2044104),1,1,1,1,1,1,1,1,1,1,1,1,1,L1_SingleEG40 OR L1_SingleIsoEG22er OR L1_SingleIsoEG24er
HLT_Ele35_CaloIdVT_GsfTrkIdT_PFJet150_PFJet50_v1 (2044106),0,0,1,1,1,1,1,1,1,1,1,1,1,L1_SingleEG26
HLT_Ele35_WPLoose_Gsf_v2 (2044281),1,1,1,1,1,1,1,1,1,1,1,1,1,L1_SingleEG40 OR L1_SingleIsoEG22er OR L1_SingleIsoEG24er OR L1_SingleIsoEG24 OR L1_SingleIsoEG26
HLT_Ele45_CaloIdVT_GsfTrkIdT_PFJet200_PFJet50_v3 (2044108),1,1,1,1,1,1,1,1,1,1,1,1,1,L1_SingleEG40
HLT_Ele45_WPLoose_Gsf_v2 (2044282),1,1,1,1,1,1,1,1,1,1,1,1,1,L1_SingleEG40 OR L1_SingleIsoEG22er OR L1_SingleIsoEG24er OR L1_SingleIsoEG24 OR L1_SingleIsoEG26
HLT_Ele50_CaloIdVT_GsfTrkIdT_PFJet140_v1 (2044197),1,1,1,1,1,1,1,1,1,1,1,1,1,L1_SingleEG40
HLT_Ele50_CaloIdVT_GsfTrkIdT_PFJet165_v1 (2044198),1,1,1,1,1,1,1,1,1,1,1,1,1,L1_SingleEG40
HLT_Ele8_CaloIdL_TrackIdL_IsoVL_PFJet30_v1 (2044134),1,1,1,1,1,1,1,1,1,1,1,1,1,L1_SingleEG10 OR L1_SingleEG5
HLT_Ele8_CaloIdM_TrackIdM_PFJet30_v3 (2044193),1,1,1,1,1,1,1,1,1,1,1,1,1,L1_SingleEG10 OR L1_SingleEG5
HLT_FullTracks_Multiplicity100_v1 (2043777),0,0,0,0,0,0,0,0,0,0,0,0,1,L1_ETT35_BptxAND
HLT_FullTracks_Multiplicity130_v1 (2043778),0,0,0,0,0,0,0,0,0,0,0,0,1,L1_ETT50_BptxAND
HLT_FullTracks_Multiplicity150_v1 (2043779),0,0,0,0,0,0,0,0,0,0,0,0,1,L1_ETT60_BptxAND
HLT_FullTracks_Multiplicity80_v1 (2043776),0,0,0,0,0,0,0,0,0,0,0,0,1,L1_ETT25_BptxAND
HLT_GlobalRunHPDNoise_v3 (2043441),3500,3500,3500,3500,3500,3500,3500,3500,3500,3500,3500,3500,3500,L1_SingleJetC20_NotBptxOR
HLT_HISinglePhoton10_v2 (2043430),0,0,0,0,0,0,0,0,0,0,0,0,1,L1_SingleEG2_BptxAND
HLT_HISinglePhoton15_v2 (2043431),0,0,0,0,0,0,0,0,0,0,0,0,1,L1_SingleEG2_BptxAND
HLT_HISinglePhoton20_v2 (2043432),0,0,0,0,0,0,0,0,0,0,0,0,1,L1_SingleEG2_BptxAND
HLT_HISinglePhoton40_v2 (2043433),0,0,0,0,0,0,0,0,0,0,0,0,1,L1_SingleEG5
HLT_HISinglePhoton60_v2 (2043434),0,0,0,0,0,0,0,0,0,0,0,0,1,L1_SingleEG5
HLT_HT2000_v1 (2043467),1,1,1,1,1,1,1,1,1,1,1,1,1,L1_HTT280 OR L1_HTT300 OR L1_HTT320
HLT_HT200_DisplacedDijet40_DisplacedTrack_v1 (2043311),20,20,20,20,20,20,20,20,20,20,20,20,1,L1_HTT160 OR L1_HTT200 OR L1_HTT220 OR L1_HTT240 OR L1_HTT255 OR L1_HTT270 OR L1_HTT280 OR L1_HTT300 OR L1_HTT320
HLT_HT200_v1 (2043024),20000,20000,10000,7100,5000,2800,1400,1000,710,500,280,150,1,L1_HTT160 OR L1_HTT200 OR L1_HTT220 OR L1_HTT240 OR L1_HTT255 OR L1_HTT270 OR L1_HTT280 OR L1_HTT300 OR L1_HTT320
HLT_HT2500_v1 (2043468),1,1,1,1,1,1,1,1,1,1,1,1,1,L1_HTT280 OR L1_HTT300 OR L1_HTT320
HLT_HT250_DisplacedDijet40_DisplacedTrack_v2 (2043312),1,1,1,1,1,1,1,1,1,1,1,1,1,L1_HTT160 OR L1_HTT200 OR L1_HTT220 OR L1_HTT240 OR L1_HTT255 OR L1_HTT270 OR L1_HTT280 OR L1_HTT300 OR L1_HTT320
HLT_HT275_v1 (2043025),8000,8000,4000,2800,2000,1100,570,400,280,200,110,60,1,L1_HTT160 OR L1_HTT200 OR L1_HTT220 OR L1_HTT240 OR L1_HTT255 OR L1_HTT270 OR L1_HTT280 OR L1_HTT300 OR L1_HTT320
HLT_HT325_v1 (2043026),4000,4000,2000,1400,1000,570,280,200,140,100,60,30,1,L1_HTT160 OR L1_HTT200 OR L1_HTT220 OR L1_HTT240 OR L1_HTT255 OR L1_HTT270 OR L1_HTT280 OR L1_HTT300 OR L1_HTT320
HLT_HT350_DisplacedDijet40_DisplacedTrack_v2 (2043313),0,1,1,1,1,1,1,1,1,1,1,1,1,L1_HTT160 OR L1_HTT200 OR L1_HTT220 OR L1_HTT240 OR L1_HTT255 OR L1_HTT270 OR L1_HTT280 OR L1_HTT300 OR L1_HTT320
HLT_HT350_DisplacedDijet40_Inclusive_v1 (2043316),45,45,45,45,45,45,45,45,45,45,45,45,1,L1_HTT160 OR L1_HTT200 OR L1_HTT220 OR L1_HTT240 OR L1_HTT255 OR L1_HTT270 OR L1_HTT280 OR L1_HTT300 OR L1_HTT320
HLT_HT350_DisplacedDijet80_DisplacedTrack_v2 (2043314),1,1,1,1,1,1,1,1,1,1,1,1,1,L1_HTT160 OR L1_HTT200 OR L1_HTT220 OR L1_HTT240 OR L1_HTT255 OR L1_HTT270 OR L1_HTT280 OR L1_HTT300 OR L1_HTT320
HLT_HT350_DisplacedDijet80_Tight_DisplacedTrack_v2 (2043315),1,1,1,1,1,1,1,1,1,1,1,1,1,L1_HTT160 OR L1_HTT200 OR L1_HTT220 OR L1_HTT240 OR L1_HTT255 OR L1_HTT270 OR L1_HTT280 OR L1_HTT300 OR L1_HTT320
HLT_HT400_DisplacedDijet40_Inclusive_v2 (2043317),1,1,1,1,1,1,1,1,1,1,1,1,1,L1_HTT160 OR L1_HTT200 OR L1_HTT220 OR L1_HTT240 OR L1_HTT255 OR L1_HTT270 OR L1_HTT280 OR L1_HTT300 OR L1_HTT320
HLT_HT410to430_v1 (2043029),1,1,1,1,1,1,1,1,1,1,1,1,1,L1_HTT200 OR L1_HTT240 OR L1_HTT270 OR L1_HTT280 OR L1_HTT300 OR L1_HTT320
HLT_HT425_v1 (2043027),1500,1500,750,530,370,210,100,75,50,36,20,10,1,L1_HTT160 OR L1_HTT200 OR L1_HTT220 OR L1_HTT240 OR L1_HTT255 OR L1_HTT270 OR L1_HTT280 OR L1_HTT300 OR L1_HTT320
HLT_HT430to450_v1 (2043030),1,1,1,1,1,1,1,1,1,1,1,1,1,L1_HTT200 OR L1_HTT240 OR L1_HTT270 OR L1_HTT280 OR L1_HTT300 OR L1_HTT320
HLT_HT450to470_v1 (2043031),1,1,1,1,1,1,1,1,1,1,1,1,1,L1_HTT200 OR L1_HTT240 OR L1_HTT270 OR L1_HTT280 OR L1_HTT300 OR L1_HTT320
HLT_HT470to500_v1 (2043032),1,1,1,1,1,1,1,1,1,1,1,1,1,L1_HTT200 OR L1_HTT240 OR L1_HTT270 OR L1_HTT280 OR L1_HTT300 OR L1_HTT320
HLT_HT500_DisplacedDijet40_Inclusive_v2 (2043318),0,1,1,1,1,1,1,1,1,1,1,1,1,L1_HTT160 OR L1_HTT200 OR L1_HTT220 OR L1_HTT240 OR L1_HTT255 OR L1_HTT270 OR L1_HTT280 OR L1_HTT300 OR L1_HTT320
HLT_HT500to550_v1 (2043033),1,1,1,1,1,1,1,1,1,1,1,1,1,L1_HTT200 OR L1_HTT240 OR L1_HTT270 OR L1_HTT280 OR L1_HTT300 OR L1_HTT320
HLT_HT550_DisplacedDijet40_Inclusive_v2 (2043319),0,0,1,1,1,1,1,1,1,1,1,1,1,L1_HTT160 OR L1_HTT200 OR L1_HTT220 OR L1_HTT240 OR L1_HTT255 OR L1_HTT270 OR L1_HTT280 OR L1_HTT300 OR L1_HTT320
HLT_HT550to650_v1 (2043034),1,1,1,1,1,1,1,1,1,1,1,1,1,L1_HTT200 OR L1_HTT240 OR L1_HTT270 OR L1_HTT280 OR L1_HTT300 OR L1_HTT320
HLT_HT575_v1 (2043028),500,500,250,170,120,70,35,25,20,12,10,3,1,L1_HTT160 OR L1_HTT200 OR L1_HTT220 OR L1_HTT240 OR L1_HTT255 OR L1_HTT270 OR L1_HTT280 OR L1_HTT300 OR L1_HTT320
HLT_HT650_DisplacedDijet80_Inclusive_v2 (2043320),1,1,1,1,1,1,1,1,1,1,1,1,1,L1_HTT160 OR L1_HTT200 OR L1_HTT220 OR L1_HTT240 OR L1_HTT255 OR L1_HTT270 OR L1_HTT280 OR L1_HTT300 OR L1_HTT320
HLT_HT650_v2 (2043035),1,1,1,1,1,1,1,1,1,1,1,1,1,L1_HTT200 OR L1_HTT240 OR L1_HTT270 OR L1_HTT280 OR L1_HTT300 OR L1_HTT320
HLT_HT750_DisplacedDijet80_Inclusive_v2 (2043321),1,1,1,1,1,1,1,1,1,1,1,1,1,L1_HTT160 OR L1_HTT200 OR L1_HTT220 OR L1_HTT240 OR L1_HTT255 OR L1_HTT270 OR L1_HTT280 OR L1_HTT300 OR L1_HTT320
HLT_HcalCalibration_v1 (2043436),1,1,1,1,1,1,1,1,1,1,1,1,1,
HLT_HcalNZS_v2 (2043447),1,1,1,1,1,1,1,1,1,1,1,1,1,L1_SingleEG5 OR L1_SingleEG24 OR L1_SingleJet35 OR L1_SingleJet60 OR L1_SingleMuOpen OR L1_ZeroBias
HLT_HcalPhiSym_v2 (2043448),1,1,1,1,1,1,1,1,1,1,1,1,1,L1_SingleEG5 OR L1_SingleEG24 OR L1_SingleMuOpen
HLT_IsoMu16_eta2p1_MET30_LooseIsoPFTau50_Trk30_eta2p1_v1 (2043038),1,1,1,1,1,1,1,1,1,1,1,1,1,L1_Mu10er_ETM30 OR L1_Mu14er_ETM30
HLT_IsoMu16_eta2p1_MET30_v1 (2043037),1,1,1,1,1,1,1,1,1,1,1,1,1,L1_Mu10er_ETM30 OR L1_Mu14er_ETM30
HLT_IsoMu17_eta2p1_LooseIsoPFTau20_SingleL1_v4 (2043040),1,1,1,1,1,1,1,1,1,1,1,1,1,L1_SingleMu16er
HLT_IsoMu17_eta2p1_LooseIsoPFTau20_v4 (2043039),1,1,1,1,1,1,1,1,1,1,1,1,1,L1_Mu16er_Tau20er
HLT_IsoMu18_v2 (2043043),0,0,1,1,1,1,1,1,1,1,1,1,1,L1_SingleMu16
HLT_IsoMu19_eta2p1_LooseIsoPFTau20_SingleL1_v1 (2043045),1,1,1,1,1,1,1,1,1,1,1,1,1,L1_SingleMu18er OR L1_SingleMu20er
HLT_IsoMu19_eta2p1_LooseIsoPFTau20_v1 (2043044),1,1,1,1,1,1,1,1,1,1,1,1,1,L1_Mu18er_Tau20er
HLT_IsoMu19_eta2p1_MediumIsoPFTau32_Trk1_eta2p1_Reg_v1 (2043046),1,1,1,1,1,1,1,1,1,1,1,1,1,L1_Mu18er_IsoTau26er OR L1_Mu20er_IsoTau26er
HLT_IsoMu20_v3 (2043047),0,0,1,1,1,1,1,1,1,1,1,1,1,L1_SingleMu18
HLT_IsoMu21_eta2p1_LooseIsoPFTau20_SingleL1_v1 (2043048),1,1,1,1,1,1,1,1,1,1,1,1,1,L1_SingleMu20er OR L1_SingleMu22er
HLT_IsoMu21_eta2p1_MediumIsoPFTau32_Trk1_eta2p1_Reg_v1 (2043049),1,1,1,1,1,1,1,1,1,1,1,1,1,L1_Mu18er_IsoTau26er OR L1_Mu20er_IsoTau26er
HLT_IsoMu22_v2 (2043050),1,1,1,1,1,1,1,1,1,1,1,1,1,L1_SingleMu20
HLT_IsoMu24_v1 (2043051),1,1,1,1,1,1,1,1,1,1,1,1,1,L1_SingleMu22
HLT_IsoMu27_v3 (2043052),1,1,1,1,1,1,1,1,1,1,1,1,1,L1_SingleMu22 OR L1_SingleMu25
HLT_IsoTkMu18_v2 (2043053),0,0,1,1,1,1,1,1,1,1,1,1,1,L1_SingleMu16
HLT_IsoTkMu20_v4 (2043054),0,0,1,1,1,1,1,1,1,1,1,1,1,L1_SingleMu18
HLT_IsoTkMu22_v2 (2043055),1,1,1,1,1,1,1,1,1,1,1,1,1,L1_SingleMu20
HLT_IsoTkMu24_v1 (2043056),1,1,1,1,1,1,1,1,1,1,1,1,1,L1_SingleMu22
HLT_IsoTkMu27_v3 (2043057),1,1,1,1,1,1,1,1,1,1,1,1,1,L1_SingleMu22 OR L1_SingleMu25
HLT_IsoTrackHB_v1 (2043471),1,1,1,1,1,1,1,1,1,1,1,1,1,L1_SingleJet60
HLT_IsoTrackHE_v1 (2043470),1,1,1,1,1,1,1,1,1,1,1,1,1,L1_SingleJet60
HLT_JetE30_NoBPTX3BX_v1 (2043058),1,1,1,1,1,1,1,1,1,1,1,1,1,L1_SingleJetC20_NotBptxOR_3BX
HLT_JetE30_NoBPTX_v2 (2043059),160,160,60,42,30,17,8,6,4,3,1,1,1,L1_SingleJetC20_NotBptxOR
HLT_JetE50_NoBPTX3BX_v1 (2043060),1,1,1,1,1,1,1,1,1,1,1,1,1,L1_SingleJetC32_NotBptxOR_3BX OR L1_SingleJetC36_NotBptxOR_3BX
HLT_JetE70_NoBPTX3BX_v1 (2043061),1,1,1,1,1,1,1,1,1,1,1,1,1,L1_SingleJetC32_NotBptxOR_3BX OR L1_SingleJetC36_NotBptxOR_3BX
HLT_L1BeamGasMinus_v1 (2043445),1,1,1,1,1,1,1,1,1,1,1,1,1,L1_BeamGasMinus
HLT_L1BeamGasPlus_v1 (2043444),1,1,1,1,1,1,1,1,1,1,1,1,1,L1_BeamGasPlus
HLT_L1BptxXOR_v1 (2043443),1,1,1,1,1,1,1,1,1,1,1,1,1,L1_BptxXOR
HLT_L1FatEvents_v1 (2043469),15,15,15,15,15,15,15,15,15,15,15,15,15,
HLT_L1MinimumBiasHF_AND_v1 (2043789),0,0,0,0,0,0,0,0,0,0,0,0,1,L1_MinimumBiasHF1_AND_BptxAND
HLT_L1MinimumBiasHF_OR_v1 (2043788),0,0,0,0,0,0,0,0,0,0,0,0,1,L1_MinimumBiasHF1_OR_BptxAND
HLT_L1SingleMu16_v1 (2043062),80000,80000,40000,5000,3500,2000,1000,700,500,350,200,100,1,L1_SingleMu16
HLT_L1SingleMuOpen_DT_v2 (2043065),0,0,0,0,0,0,0,0,0,0,0,0,1,L1_SingleMuOpen
HLT_L1SingleMuOpen_v2 (2043064),0,0,0,0,0,0,0,0,0,0,0,0,1,L1_SingleMuOpen
HLT_L1_TripleJet_VBF_v4 (2043200),10000,10000,5000,3600,2400,1400,1400,1000,700,500,280,140,1,L1_TripleJet_84_68_48_VBF OR L1_TripleJet_88_72_56_VBF OR L1_TripleJet_92_76_64_VBF OR L1_HTT280 OR L1_HTT300 OR L1_HTT320 OR L1_SingleJet170 OR L1_SingleJet180 OR L1_SingleJet200 OR L1_DoubleJetC100 OR L1_DoubleJetC112 OR L1_DoubleJetC120
HLT_L2DoubleMu23_NoVertex_v2 (2043066),200,200,100,70,50,28,12,10,6,5,2,1,1,L1_DoubleMu_11_4 OR L1_DoubleMu_12_5
HLT_L2DoubleMu28_NoVertex_2Cha_Angle2p5_Mass10_v2 (2043067),1,1,1,1,1,1,1,1,1,1,1,1,1,L1_DoubleMu_11_4 OR L1_DoubleMu_12_5
HLT_L2DoubleMu38_NoVertex_2Cha_Angle2p5_Mass10_v2 (2043068),1,1,1,1,1,1,1,1,1,1,1,1,1,L1_DoubleMu_11_4 OR L1_DoubleMu_12_5
HLT_L2Mu10_NoVertex_NoBPTX3BX_v1 (2043069),100,100,100,70,50,30,15,10,7,5,2,1,1,L1_SingleMuOpen_NotBptxOR_3BX
HLT_L2Mu10_NoVertex_NoBPTX_v2 (2043070),100,100,100,70,50,30,15,10,7,5,2,1,1,L1_SingleMuOpen_NotBptxOR
HLT_L2Mu10_v1 (2043063),20000,20000,10000,500,350,200,100,70,50,35,20,10,1,L1_SingleMu22
HLT_L2Mu35_NoVertex_3Sta_NoBPTX3BX_v1 (2043071),1,1,1,1,1,1,1,1,1,1,1,1,1,L1_SingleMuOpen_NotBptxOR_3BX
HLT_L2Mu40_NoVertex_3Sta_NoBPTX3BX_v1 (2043072),1,1,1,1,1,1,1,1,1,1,1,1,1,L1_SingleMuOpen_NotBptxOR_3BX
HLT_LooseIsoPFTau50_Trk30_eta2p1_MET110_v1 (2043076),1,1,1,1,1,1,1,1,1,1,1,1,1,L1_ETM80 OR L1_ETM90 OR L1_ETM100
HLT_LooseIsoPFTau50_Trk30_eta2p1_MET120_v1 (2043077),1,1,1,1,1,1,1,1,1,1,1,1,1,L1_ETM80 OR L1_ETM90 OR L1_ETM100
HLT_LooseIsoPFTau50_Trk30_eta2p1_MET80_v1 (2043074),0,0,1,1,1,1,1,1,1,1,1,1,1,L1_ETM50 OR L1_ETM60 OR L1_ETM70
HLT_LooseIsoPFTau50_Trk30_eta2p1_MET90_v1 (2043075),1,1,1,1,1,1,1,1,1,1,1,1,1,L1_ETM80 OR L1_ETM90 OR L1_ETM100
HLT_LooseIsoPFTau50_Trk30_eta2p1_v3 (2043073),8,8,4,4,4,4,1,1,1,1,1,1,1,L1_QuadJetC36_Tau52
HLT_MET200_v1 (2043396),1,1,1,1,1,1,1,1,1,1,1,1,1,L1_ETM50 OR L1_ETM60 OR L1_ETM70 OR L1_ETM80 OR L1_ETM90 OR L1_ETM100 OR L1_ETM120
HLT_MET250_v1 (2043459),1,1,1,1,1,1,1,1,1,1,1,1,1,L1_ETM60 OR L1_ETM70 OR L1_ETM80 OR L1_ETM90 OR L1_ETM100 OR L1_ETM120
HLT_MET300_v1 (2043460),1,1,1,1,1,1,1,1,1,1,1,1,1,L1_ETM60 OR L1_ETM70 OR L1_ETM80 OR L1_ETM90 OR L1_ETM100 OR L1_ETM120
HLT_MET600_v1 (2043461),1,1,1,1,1,1,1,1,1,1,1,1,1,L1_ETM60 OR L1_ETM70
HLT_MET60_IsoTrk35_Loose_v1 (2043180),500,500,250,170,120,70,35,25,17,12,7,3,1,L1_ETM50 OR L1_ETM60 OR L1_ETM70
HLT_MET700_v1 (2043462),1,1,1,1,1,1,1,1,1,1,1,1,1,L1_ETM60 OR L1_ETM70
HLT_MET75_IsoTrk50_v2 (2043181),1,1,1,1,1,1,1,1,1,1,1,1,1,L1_ETM60 OR L1_ETM70
HLT_MET90_IsoTrk50_v2 (2043182),1,1,1,1,1,1,1,1,1,1,1,1,1,L1_ETM60 OR L1_ETM70 OR L1_ETM80
HLT_MonoCentralPFJet80_PFMETNoMu100_PFMHTNoMu100_IDTight_v1 (2044506),0,1,1,1,1,1,1,1,1,1,1,1,1,L1_ETM50 OR L1_ETM60 OR L1_ETM60_Jet60_dPhi_Min0p4 OR L1_DoubleJetC60_ETM60 OR L1_ETM70 OR L1_ETM80 OR L1_ETM90 OR L1_ETM100
HLT_MonoCentralPFJet80_PFMETNoMu110_PFMHTNoMu110_IDTight_v1 (2044507),0,1,1,1,1,1,1,1,1,1,1,1,1,L1_ETM50 OR L1_ETM60 OR L1_ETM60_Jet60_dPhi_Min0p4 OR L1_DoubleJetC60_ETM60 OR L1_ETM70 OR L1_ETM80 OR L1_ETM90 OR L1_ETM100
HLT_MonoCentralPFJet80_PFMETNoMu120_PFMHTNoMu120_IDTight_v1 (2043339),1,1,1,1,1,1,1,1,1,1,1,1,1,L1_ETM50 OR L1_ETM60 OR L1_ETM60_Jet60_dPhi_Min0p4 OR L1_DoubleJetC60_ETM60 OR L1_ETM70 OR L1_ETM80 OR L1_ETM90 OR L1_ETM100
HLT_MonoCentralPFJet80_PFMETNoMu90_PFMHTNoMu90_IDTight_v1 (2043336),0,0,1,1,1,1,1,1,1,1,1,1,1,L1_ETM50 OR L1_ETM60 OR L1_ETM60_Jet60_dPhi_Min0p4 OR L1_DoubleJetC60_ETM60 OR L1_ETM70 OR L1_ETM80 OR L1_ETM90 OR L1_ETM100
HLT_Mu10_CentralPFJet30_BTagCSV_p13_v1 (2043348),1,1,1,1,1,1,1,1,1,1,1,1,1,L1_Jet32_DoubleMuOpen_Mu10_dPhi_Jet_Mu0_Max0p4_dPhi_Mu_Mu_Min1p0
HLT_Mu10_TrkIsoVVL_DiPFJet40_DEta3p5_MJJ750_HTT350_PFMETNoMu60_v1 (2043354),1,1,1,1,1,1,1,1,1,1,1,1,1,L1_Mu6_HTT200
HLT_Mu12_Photon25_CaloIdL_L1ISO_v3 (2044148),1000,1000,500,350,250,140,70,50,35,25,14,7,1,L1_Mu5_IsoEG18
HLT_Mu12_Photon25_CaloIdL_L1OR_v3 (2044149),20,20,10,7,5,2,1,1,1,1,1,1,1,L1_Mu5_EG20 OR L1_MU20_EG15
HLT_Mu12_Photon25_CaloIdL_v3 (2044147),10000,10000,5000,3500,2500,1400,700,500,350,250,140,70,1,L1_Mu5_EG20 OR L1_MU20_EG15
HLT_Mu14er_PFMET100_v1 (2043264),1,1,1,1,1,1,1,1,1,1,1,1,1,L1_Mu10er_ETM30 OR L1_Mu14er_ETM30
HLT_Mu15_IsoVVVL_BTagCSV_p067_PFHT400_v1 (2043355),10,10,5,3,2,1,1,1,1,1,1,1,1,L1_SingleMuOpen
HLT_Mu15_IsoVVVL_PFHT350_PFMET50_v2 (2043356),1,1,1,1,1,1,1,1,1,1,1,1,1,L1_SingleMuOpen
HLT_Mu15_IsoVVVL_PFHT350_v2 (2043358),10,10,1,1,1,1,1,1,1,1,1,1,1,L1_SingleMuOpen
HLT_Mu15_IsoVVVL_PFHT600_v3 (2043357),1,1,1,1,1,1,1,1,1,1,1,1,1,L1_SingleMuOpen
HLT_Mu16_TkMu0_dEta18_Onia_v2 (2043364),0,0,1,1,1,1,1,1,1,1,1,1,1,L1_SingleMu14er OR L1_SingleMu16
HLT_Mu16_TkMu0_dEta18_Phi_v2 (2043365),0,0,1,1,1,1,1,1,1,1,1,1,1,L1_SingleMu14er OR L1_SingleMu16
HLT_Mu16_eta2p1_MET30_v1 (2043036),220,220,110,80,60,30,15,10,7,5,3,1,1,L1_Mu14er_ETM30
HLT_Mu17_Mu8_DZ_v2 (2043079),50,50,50,35,25,15,7,5,3,2,1,1,1,L1_DoubleMu_11_4 OR L1_DoubleMu_12_5
HLT_Mu17_Mu8_SameSign_DZ_v2 (2043700),1,1,1,1,1,1,1,1,1,1,1,1,1,L1_DoubleMu_11_4 OR L1_DoubleMu_12_5
HLT_Mu17_Mu8_v1 (2043078),50,50,50,35,25,14,6,5,3,2,1,1,1,L1_DoubleMu_11_4 OR L1_DoubleMu_12_5
HLT_Mu17_Photon22_CaloIdL_L1ISO_v1 (2044150),1,1,1,1,1,1,1,1,1,1,1,1,1,L1_Mu5_IsoEG18
HLT_Mu17_Photon30_CaloIdL_L1ISO_v3 (2044151),1,1,1,1,1,1,1,1,1,1,1,1,1,L1_Mu5_IsoEG18
HLT_Mu17_Photon35_CaloIdL_L1ISO_v3 (2044152),1,1,1,1,1,1,1,1,1,1,1,1,1,L1_Mu5_IsoEG18
HLT_Mu17_TkMu8_DZ_v2 (2043084),50,50,50,35,25,15,7,5,3,2,1,1,1,L1_DoubleMu_11_4 OR L1_DoubleMu_12_5
HLT_Mu17_TrkIsoVVL_Ele12_CaloIdL_TrackIdL_IsoVL_v3 (2044145),0,0,1,1,1,1,1,1,1,1,1,1,1,L1_Mu12_EG10
HLT_Mu17_TrkIsoVVL_Mu8_TrkIsoVVL_DZ_v2 (2043086),1,1,1,1,1,1,1,1,1,1,1,1,1,L1_DoubleMu_11_4 OR L1_DoubleMu_12_5
HLT_Mu17_TrkIsoVVL_Mu8_TrkIsoVVL_v2 (2043085),50,1,1,1,1,1,1,1,1,1,1,1,1,L1_DoubleMu_11_4 OR L1_DoubleMu_12_5
HLT_Mu17_TrkIsoVVL_TkMu8_TrkIsoVVL_DZ_v2 (2043088),1,1,1,1,1,1,1,1,1,1,1,1,1,L1_DoubleMu_11_4 OR L1_DoubleMu_12_5
HLT_Mu17_TrkIsoVVL_TkMu8_TrkIsoVVL_v2 (2043087),50,1,1,1,1,1,1,1,1,1,1,1,1,L1_DoubleMu_11_4 OR L1_DoubleMu_12_5
HLT_Mu17_TrkIsoVVL_v2 (2043231),1300,1,1,3,3,3,3,3,5,4,2,1,1,L1_SingleMu10_LowQ
HLT_Mu17_v2 (2043369),1300,1,1,1,1,1,3,3,5,4,2,1,1,L1_SingleMu10_LowQ
HLT_Mu20_Mu10_DZ_v1 (2043082),25,25,25,14,10,7,3,2,1,1,1,1,1,L1_DoubleMu_11_4 OR L1_DoubleMu_12_5
HLT_Mu20_Mu10_SameSign_DZ_v1 (2043083),1,1,1,1,1,1,1,1,1,1,1,1,1,L1_DoubleMu_11_4 OR L1_DoubleMu_12_5
HLT_Mu20_Mu10_v1 (2043081),25,25,25,14,10,7,3,2,1,1,1,1,1,L1_DoubleMu_11_4 OR L1_DoubleMu_12_5
HLT_Mu20_v2 (2043095),0,0,90,60,40,20,10,8,6,4,2,1,1,L1_SingleMu18
HLT_Mu23NoFiltersNoVtx_Photon23_CaloIdL_v2 (2044116),40,40,20,14,10,5,2,2,1,1,1,1,1,L1_Mu5_EG20 OR L1_MU20_EG15
HLT_Mu23_TrkIsoVVL_Ele12_CaloIdL_TrackIdL_IsoVL_v3 (2044144),1,1,1,1,1,1,1,1,1,1,1,1,1,L1_Mu20_EG10
HLT_Mu23_TrkIsoVVL_Ele8_CaloIdL_TrackIdL_IsoVL_v1 (2044143),1,1,1,1,1,1,1,1,1,1,1,1,1,L1_SingleMu20er OR L1_SingleMu22 OR L1_SingleMu25
HLT_Mu24_eta2p1_v2 (2043097),700,700,350,250,150,100,50,35,25,15,10,5,1,L1_SingleMu20er OR L1_SingleMu22
HLT_Mu25_TkMu0_dEta18_Onia_v2 (2043089),1,1,1,1,1,1,1,1,1,1,1,1,1,L1_SingleMu20 OR L1_SingleMu22 OR L1_SingleMu25 OR L1_SingleMu20er
HLT_Mu27_Ele37_CaloIdL_GsfTrkIdVL_v1 (2043251),1,1,1,1,1,1,1,1,1,1,1,1,1,L1_SingleMu16 OR L1_SingleMu25
HLT_Mu27_TkMu8_v2 (2043090),50,50,1,1,1,1,1,1,1,1,1,1,1,L1_SingleMu22 OR L1_SingleMu25
HLT_Mu27_v2 (2043099),500,500,250,180,120,70,35,25,18,12,7,3,1,L1_SingleMu22 OR L1_SingleMu25
HLT_Mu28NoFiltersNoVtxDisplaced_Photon28_CaloIdL_v2 (2044114),1,1,1,1,1,1,1,1,1,1,1,1,1,L1_Mu5_EG20 OR L1_MU20_EG15
HLT_Mu28NoFiltersNoVtx_CentralCaloJet40_v2 (2043115),600,600,300,200,140,80,40,35,20,15,8,4,1,L1_SingleMu22 OR L1_SingleMu25
HLT_Mu28NoFiltersNoVtx_DisplacedJet40_Loose_v2 (2043111),140,140,70,50,35,20,10,7,5,3,2,1,1,L1_SingleMu22 OR L1_SingleMu25
HLT_Mu300_v1 (2043457),1,1,1,1,1,1,1,1,1,1,1,1,1,L1_SingleMu22 OR L1_SingleMu25 OR L1_SingleMu30
HLT_Mu30_Ele30_CaloIdL_GsfTrkIdVL_v3 (2043249),1,1,1,1,1,1,1,1,1,1,1,1,1,L1_SingleMu22 OR L1_SingleMu25 OR L1_MU20_EG15 OR L1_Mu5_EG20
HLT_Mu30_TkMu11_v2 (2043091),1,1,1,1,1,1,1,1,1,1,1,1,1,L1_SingleMu22 OR L1_SingleMu25
HLT_Mu30_eta2p1_PFJet150_PFJet50_v1 (2043092),0,0,1,1,1,1,1,1,1,1,1,1,1,L1_SingleMu16er OR L1_SingleMu20er
HLT_Mu33NoFiltersNoVtxDisplaced_DisplacedJet50_Loose_v2 (2043110),1,1,1,1,1,1,1,1,1,1,1,1,1,L1_SingleMu22 OR L1_SingleMu25
HLT_Mu33NoFiltersNoVtxDisplaced_DisplacedJet50_Tight_v2 (2043109),1,1,1,1,1,1,1,1,1,1,1,1,1,L1_SingleMu22 OR L1_SingleMu25
HLT_Mu33NoFiltersNoVtxDisplaced_Photon33_CaloIdL_v2 (2044115),1,1,1,1,1,1,1,1,1,1,1,1,1,L1_Mu5_EG20 OR L1_MU20_EG15
HLT_Mu350_v1 (2043458),1,1,1,1,1,1,1,1,1,1,1,1,1,L1_SingleMu22 OR L1_SingleMu25 OR L1_SingleMu30
HLT_Mu37_Ele27_CaloIdL_GsfTrkIdVL_v1 (2043250),1,1,1,1,1,1,1,1,1,1,1,1,1,L1_SingleMu16 OR L1_SingleMu25
HLT_Mu38NoFiltersNoVtxDisplaced_DisplacedJet60_Loose_v2 (2043113),1,1,1,1,1,1,1,1,1,1,1,1,1,L1_SingleMu22 OR L1_SingleMu25
HLT_Mu38NoFiltersNoVtxDisplaced_DisplacedJet60_Tight_v2 (2043112),1,1,1,1,1,1,1,1,1,1,1,1,1,L1_SingleMu22 OR L1_SingleMu25
HLT_Mu38NoFiltersNoVtx_DisplacedJet60_Loose_v2 (2043114),1,1,1,1,1,1,1,1,1,1,1,1,1,L1_SingleMu22 OR L1_SingleMu25
HLT_Mu38NoFiltersNoVtx_Photon38_CaloIdL_v2 (2044112),1,1,1,1,1,1,1,1,1,1,1,1,1,L1_Mu5_EG20 OR L1_MU20_EG15
HLT_Mu3_PFJet40_v1 (2043370),1,1,1,1,1,1,1,1,1,1,1,1,1,L1_SingleMu3
HLT_Mu3er_PFHT140_PFMET125_v1 (2043261),1,1,1,1,1,1,1,1,1,1,1,1,1,L1_Mu0er_ETM40 OR L1_Mu0er_ETM55
HLT_Mu40_TkMu11_v2 (2043093),1,1,1,1,1,1,1,1,1,1,1,1,1,L1_SingleMu22 OR L1_SingleMu25
HLT_Mu40_eta2p1_PFJet200_PFJet50_v3 (2043094),1,1,1,1,1,1,1,1,1,1,1,1,1,L1_SingleMu16er OR L1_SingleMu20er
HLT_Mu42NoFiltersNoVtx_Photon42_CaloIdL_v2 (2044113),1,1,1,1,1,1,1,1,1,1,1,1,1,L1_Mu5_EG20 OR L1_MU20_EG15
HLT_Mu45_eta2p1_v2 (2043102),1,1,1,1,1,1,1,1,1,1,1,1,1,L1_SingleMu22 OR L1_SingleMu25
HLT_Mu50_v2 (2043101),1,1,1,1,1,1,1,1,1,1,1,1,1,L1_SingleMu22 OR L1_SingleMu25
HLT_Mu55_v1 (2043382),1,1,1,1,1,1,1,1,1,1,1,1,1,L1_SingleMu22 OR L1_SingleMu25
HLT_Mu6_PFHT200_PFMET100_v1 (2043263),1,1,1,1,1,1,1,1,1,1,1,1,1,L1_Mu6_HTT200
HLT_Mu6_PFHT200_PFMET80_BTagCSV_p067_v1 (2043262),1,1,1,1,1,1,1,1,1,1,1,1,1,L1_Mu6_HTT200
HLT_Mu7p5_L2Mu2_Jpsi_v2 (2042983),1,1,1,1,1,1,1,1,1,1,1,1,1,L1_DoubleMu0
HLT_Mu7p5_L2Mu2_Upsilon_v2 (2042984),1,1,1,1,1,1,1,1,1,1,1,1,1,L1_DoubleMu0
HLT_Mu7p5_Track2_Jpsi_v2 (2042985),1,1,1,1,1,1,1,1,1,1,1,1,1,L1_SingleMu5 OR L1_SingleMu7
HLT_Mu7p5_Track2_Upsilon_v2 (2042988),1,1,1,1,1,1,1,1,1,1,1,1,1,L1_SingleMu5 OR L1_SingleMu7
HLT_Mu7p5_Track3p5_Jpsi_v2 (2042986),1,1,1,1,1,1,1,1,1,1,1,1,1,L1_SingleMu5 OR L1_SingleMu7
HLT_Mu7p5_Track3p5_Upsilon_v2 (2042989),1,1,1,1,1,1,1,1,1,1,1,1,1,L1_SingleMu5 OR L1_SingleMu7
HLT_Mu7p5_Track7_Jpsi_v2 (2042987),1,1,1,1,1,1,1,1,1,1,1,1,1,L1_SingleMu5 OR L1_SingleMu7
HLT_Mu7p5_Track7_Upsilon_v2 (2042990),1,1,1,1,1,1,1,1,1,1,1,1,1,L1_SingleMu5 OR L1_SingleMu7
HLT_Mu8_DiEle12_CaloIdL_TrackIdL_v3 (2044146),1,1,1,1,1,1,1,1,1,1,1,1,1,L1_Mu6_DoubleEG10
HLT_Mu8_Ele8_CaloIdM_TrackIdM_Mass8_PFHT250_v1 (2044184),0,0,1,1,1,1,1,1,1,1,1,1,1,L1_Mu8_HTT150 OR L1_HTT160 OR L1_HTT200 OR L1_HTT220 OR L1_HTT240 OR L1_HTT255 OR L1_HTT270 OR L1_HTT280 OR L1_HTT300 OR L1_HTT320
HLT_Mu8_Ele8_CaloIdM_TrackIdM_Mass8_PFHT300_v4 (2044186),1,1,1,1,1,1,1,1,1,1,1,1,1,L1_Mu8_HTT150 OR L1_HTT160 OR L1_HTT200 OR L1_HTT220 OR L1_HTT240 OR L1_HTT255 OR L1_HTT270 OR L1_HTT280 OR L1_HTT300 OR L1_HTT320
HLT_Mu8_TrkIsoVVL_Ele17_CaloIdL_TrackIdL_IsoVL_v3 (2044142),0,0,1,1,1,1,1,1,1,1,1,1,1,L1_Mu5_EG15
HLT_Mu8_TrkIsoVVL_Ele23_CaloIdL_TrackIdL_IsoVL_v3 (2044141),1,1,1,1,1,1,1,1,1,1,1,1,1,L1_Mu5_EG20 OR L1_Mu5_IsoEG18
HLT_Mu8_TrkIsoVVL_v3 (2043230),30,60,80,30,30,30,120,80,60,40,24,12,1,L1_SingleMu3 OR L1_SingleMu5 OR L1_SingleMu7
HLT_Mu8_v3 (2043368),60,120,160,60,60,60,300,300,300,300,300,300,1,L1_SingleMu3 OR L1_SingleMu5 OR L1_SingleMu7
HLT_PFHT125_v1 (2043158),30000,1,1,1,1,1,1,1,1,1,1,1,1,L1_HTT120
HLT_PFHT200_DiPFJetAve90_PFAlphaT0p57_v2 (2043170),0,150,1,1,1,1,1,1,1,1,1,1,1,L1_HTT160 OR L1_HTT200 OR L1_HTT220 OR L1_HTT240 OR L1_HTT255 OR L1_HTT270 OR L1_HTT280 OR L1_HTT300 OR L1_ETM50 OR L1_ETM60 OR L1_ETM70 OR L1_ETM80 OR L1_ETM90 OR L1_ETM100
HLT_PFHT200_DiPFJetAve90_PFAlphaT0p63_v2 (2043171),1,1,1,1,1,1,1,1,1,1,1,1,1,L1_HTT160 OR L1_HTT200 OR L1_HTT220 OR L1_HTT240 OR L1_HTT255 OR L1_HTT270 OR L1_HTT280 OR L1_HTT300 OR L1_ETM50 OR L1_ETM60 OR L1_ETM70 OR L1_ETM80 OR L1_ETM90 OR L1_ETM100
HLT_PFHT200_PFAlphaT0p51_v2 (2043169),1,175,175,175,175,175,175,175,175,175,175,175,1,L1_HTT160 OR L1_HTT200 OR L1_HTT220 OR L1_HTT240 OR L1_HTT255 OR L1_HTT270 OR L1_HTT280 OR L1_HTT300 OR L1_ETM50 OR L1_ETM60 OR L1_ETM70 OR L1_ETM80 OR L1_ETM90 OR L1_ETM100
HLT_PFHT200_v2 (2043159),3060,1,1,1,1,1,1,1,1,1,1,1,1,L1_HTT160
HLT_PFHT250_DiPFJetAve90_PFAlphaT0p55_v2 (2043172),0,150,1,1,1,1,1,1,1,1,1,1,1,L1_HTT160 OR L1_HTT200 OR L1_HTT220 OR L1_HTT240 OR L1_HTT255 OR L1_HTT270 OR L1_HTT280 OR L1_HTT300 OR L1_ETM50 OR L1_ETM60 OR L1_ETM70 OR L1_ETM80 OR L1_ETM90 OR L1_ETM100
HLT_PFHT250_DiPFJetAve90_PFAlphaT0p58_v2 (2043173),1,1,1,1,1,1,1,1,1,1,1,1,1,L1_HTT160 OR L1_HTT200 OR L1_HTT220 OR L1_HTT240 OR L1_HTT255 OR L1_HTT270 OR L1_HTT280 OR L1_HTT300 OR L1_ETM50 OR L1_ETM60 OR L1_ETM70 OR L1_ETM80 OR L1_ETM90 OR L1_ETM100
HLT_PFHT250_v2 (2043160),2040,1,1,1,1,1,16,256,128,96,64,32,1,L1_HTT220
HLT_PFHT300_DiPFJetAve90_PFAlphaT0p53_v2 (2043174),0,150,1,1,1,1,1,1,1,1,1,1,1,L1_HTT160 OR L1_HTT200 OR L1_HTT220 OR L1_HTT240 OR L1_HTT255 OR L1_HTT270 OR L1_HTT280 OR L1_HTT300 OR L1_ETM50 OR L1_ETM60 OR L1_ETM70 OR L1_ETM80 OR L1_ETM90 OR L1_ETM100
HLT_PFHT300_DiPFJetAve90_PFAlphaT0p54_v2 (2043175),1,1,1,1,1,1,1,1,1,1,1,1,1,L1_HTT160 OR L1_HTT200 OR L1_HTT220 OR L1_HTT240 OR L1_HTT255 OR L1_HTT270 OR L1_HTT280 OR L1_HTT300 OR L1_ETM50 OR L1_ETM60 OR L1_ETM70 OR L1_ETM80 OR L1_ETM90 OR L1_ETM100
HLT_PFHT300_PFMET100_v1 (2043116),1,1,1,1,1,1,1,1,1,1,1,1,1,L1_HTT160 OR L1_HTT200 OR L1_HTT220 OR L1_HTT240 OR L1_HTT255 OR L1_HTT270 OR L1_HTT280 OR L1_HTT300 OR L1_HTT320
HLT_PFHT300_PFMET110_v1 (2043117),1,1,1,1,1,1,1,1,1,1,1,1,1,L1_HTT160 OR L1_HTT200 OR L1_HTT220 OR L1_HTT240 OR L1_HTT255 OR L1_HTT270 OR L1_HTT280 OR L1_HTT300 OR L1_HTT320
HLT_PFHT300_v2 (2043161),1280,1280,1024,768,512,256,128,96,64,48,32,16,1,L1_HTT160 OR L1_HTT200 OR L1_HTT220 OR L1_HTT240 OR L1_HTT255 OR L1_HTT270 OR L1_HTT280 OR L1_HTT300 OR L1_HTT320
HLT_PFHT350_DiPFJetAve90_PFAlphaT0p52_v2 (2043176),0,150,1,1,1,1,1,1,1,1,1,1,1,L1_HTT160 OR L1_HTT200 OR L1_HTT220 OR L1_HTT240 OR L1_HTT255 OR L1_HTT270 OR L1_HTT280 OR L1_HTT300 OR L1_ETM50 OR L1_ETM60 OR L1_ETM70 OR L1_ETM80 OR L1_ETM90 OR L1_ETM100
HLT_PFHT350_DiPFJetAve90_PFAlphaT0p53_v2 (2043177),1,1,1,1,1,1,1,1,1,1,1,1,1,L1_HTT160 OR L1_HTT200 OR L1_HTT220 OR L1_HTT240 OR L1_HTT255 OR L1_HTT270 OR L1_HTT280 OR L1_HTT300 OR L1_ETM50 OR L1_ETM60 OR L1_ETM70 OR L1_ETM80 OR L1_ETM90 OR L1_ETM100
HLT_PFHT350_v3 (2043162),640,640,512,384,256,128,64,48,32,24,16,8,1,L1_HTT160 OR L1_HTT200 OR L1_HTT220 OR L1_HTT240 OR L1_HTT255 OR L1_HTT270 OR L1_HTT280 OR L1_HTT300 OR L1_HTT320
HLT_PFHT400_DiPFJetAve90_PFAlphaT0p51_v2 (2043178),0,150,1,1,1,1,1,1,1,1,1,1,1,L1_HTT160 OR L1_HTT200 OR L1_HTT220 OR L1_HTT240 OR L1_HTT255 OR L1_HTT270 OR L1_HTT280 OR L1_HTT300 OR L1_ETM50 OR L1_ETM60 OR L1_ETM70 OR L1_ETM80 OR L1_ETM90 OR L1_ETM100
HLT_PFHT400_DiPFJetAve90_PFAlphaT0p52_v2 (2043179),1,1,1,1,1,1,1,1,1,1,1,1,1,L1_HTT160 OR L1_HTT200 OR L1_HTT220 OR L1_HTT240 OR L1_HTT255 OR L1_HTT270 OR L1_HTT280 OR L1_HTT300 OR L1_ETM50 OR L1_ETM60 OR L1_ETM70 OR L1_ETM80 OR L1_ETM90 OR L1_ETM100
HLT_PFHT400_SixJet30_DoubleBTagCSV_p056_v1 (2043378),1,1,1,1,1,1,1,1,1,1,1,1,1,L1_HTT280 OR L1_HTT300
HLT_PFHT400_SixJet30_v3 (2043380),350,20,10,5,2,1,1,1,1,1,1,1,1,L1_HTT280 OR L1_HTT300
HLT_PFHT400_v2 (2043163),320,320,256,192,128,64,32,24,16,12,8,4,1,L1_HTT160 OR L1_HTT200 OR L1_HTT220 OR L1_HTT240 OR L1_HTT255 OR L1_HTT270 OR L1_HTT280 OR L1_HTT300 OR L1_HTT320
HLT_PFHT450_SixJet40_BTagCSV_p056_v1 (2043377),1,1,1,1,1,1,1,1,1,1,1,1,1,L1_HTT280 OR L1_HTT300
HLT_PFHT450_SixJet40_v3 (2043379),60,6,4,1,1,1,1,1,1,1,1,1,1,L1_HTT280 OR L1_HTT300
HLT_PFHT475_v2 (2043164),160,160,128,96,64,32,16,12,8,6,4,2,1,L1_HTT160 OR L1_HTT200 OR L1_HTT220 OR L1_HTT240 OR L1_HTT255 OR L1_HTT270 OR L1_HTT280 OR L1_HTT300 OR L1_HTT320
HLT_PFHT550_4JetPt50_v1 (2043118),110,110,55,36,30,15,6,4,3,2,1,1,1,L1_HTT160 OR L1_HTT200 OR L1_HTT220 OR L1_HTT240 OR L1_HTT255 OR L1_HTT270 OR L1_HTT280 OR L1_HTT300 OR L1_HTT320
HLT_PFHT600_v3 (2043165),40,40,32,24,16,8,4,3,2,1,1,1,1,L1_HTT160 OR L1_HTT200 OR L1_HTT220 OR L1_HTT240 OR L1_HTT255 OR L1_HTT270 OR L1_HTT280 OR L1_HTT300 OR L1_HTT320
HLT_PFHT650_4JetPt50_v1 (2043119),90,90,45,24,20,10,6,4,3,2,1,1,1,L1_HTT160 OR L1_HTT200 OR L1_HTT220 OR L1_HTT240 OR L1_HTT255 OR L1_HTT270 OR L1_HTT280 OR L1_HTT300 OR L1_HTT320
HLT_PFHT650_WideJetMJJ900DEtaJJ1p5_v3 (2043275),1,1,1,1,1,1,1,1,1,1,1,1,1,L1_HTT160 OR L1_HTT200 OR L1_HTT220 OR L1_HTT240 OR L1_HTT255 OR L1_HTT270 OR L1_HTT280 OR L1_HTT300 OR L1_HTT320
HLT_PFHT650_WideJetMJJ950DEtaJJ1p5_v3 (2043276),1,1,1,1,1,1,1,1,1,1,1,1,1,L1_HTT160 OR L1_HTT200 OR L1_HTT220 OR L1_HTT240 OR L1_HTT255 OR L1_HTT270 OR L1_HTT280 OR L1_HTT300 OR L1_HTT320
HLT_PFHT650_v3 (2043166),20,20,16,12,8,4,2,1,1,1,1,1,1,L1_HTT160 OR L1_HTT200 OR L1_HTT220 OR L1_HTT240 OR L1_HTT255 OR L1_HTT270 OR L1_HTT280 OR L1_HTT300 OR L1_HTT320
HLT_PFHT750_4JetPt50_v3 (2043120),1,1,1,1,1,1,1,1,1,1,1,1,1,L1_HTT160 OR L1_HTT200 OR L1_HTT220 OR L1_HTT240 OR L1_HTT255 OR L1_HTT270 OR L1_HTT280 OR L1_HTT300 OR L1_HTT320
HLT_PFHT800_v2 (2043167),1,1,1,1,1,1,1,1,1,1,1,1,1,L1_HTT160 OR L1_HTT200 OR L1_HTT220 OR L1_HTT240 OR L1_HTT255 OR L1_HTT270 OR L1_HTT280 OR L1_HTT300 OR L1_HTT320
HLT_PFHT900_v1 (2043168),1,1,1,1,1,1,1,1,1,1,1,1,1,L1_HTT160 OR L1_HTT200 OR L1_HTT220 OR L1_HTT240 OR L1_HTT255 OR L1_HTT270 OR L1_HTT280 OR L1_HTT300 OR L1_HTT320
HLT_PFJet140_v4 (2043133),12,10,7,5,4,2,15,15,10,6,4,2,1,L1_SingleJet90
HLT_PFJet15_NoCaloMatched_v3 (2043767),0,0,0,0,0,0,0,0,0,0,0,0,1,L1_MinimumBiasHF1_OR_BptxAND
HLT_PFJet200_v4 (2043134),1,1,270,189,135,80,42,28,36,24,15,6,1,L1_SingleJet120
HLT_PFJet25_NoCaloMatched_v1 (2043768),0,0,0,0,0,0,0,0,0,0,0,0,1,L1_MinimumBiasHF1_OR_BptxAND
HLT_PFJet260_v4 (2043135),180,180,90,63,45,16,16,8,3,2,1,1,1,L1_SingleJet170
HLT_PFJet320_v4 (2043136),60,60,30,21,15,4,3,2,1,1,1,1,1,L1_SingleJet170
HLT_PFJet400_v4 (2043137),20,20,10,7,5,2,1,1,1,1,1,1,1,L1_SingleJet170
HLT_PFJet40_v4 (2043130),5000,55,40,25,20,15,60,45,300,300,300,300,0,L1_ZeroBias
HLT_PFJet450_v4 (2043138),1,1,1,1,1,1,1,1,1,1,1,1,1,L1_SingleJet170
HLT_PFJet500_v4 (2043139),1,1,1,1,1,1,1,1,1,1,1,1,1,L1_SingleJet170
HLT_PFJet60_v4 (2043131),120,100,70,50,35,24,12,12,12,12,12,12,1,L1_SingleJet35
HLT_PFJet80_v4 (2043132),50,50,50,50,50,50,50,50,50,50,50,50,1,L1_SingleJet60
HLT_PFMET100_PFMHT100_IDTight_v2 (2044501),0,1,1,1,1,1,1,1,1,1,1,1,1,L1_ETM50 OR L1_ETM60 OR L1_ETM60_Jet60_dPhi_Min0p4 OR L1_ETM70 OR L1_ETM80 OR L1_ETM90 OR L1_ETM100 OR L1_DoubleJetC60_ETM60
HLT_PFMET110_PFMHT110_IDTight_v2 (2044502),0,1,1,1,1,1,1,1,1,1,1,1,1,L1_ETM50 OR L1_ETM60 OR L1_ETM60_Jet60_dPhi_Min0p4 OR L1_ETM70 OR L1_ETM80 OR L1_ETM90 OR L1_ETM100 OR L1_DoubleJetC60_ETM60
HLT_PFMET120_BTagCSV_p067_v1 (2043183),1,1,1,1,1,1,1,1,1,1,1,1,1,L1_ETM50 OR L1_ETM60 OR L1_ETM70 OR L1_ETM80 OR L1_ETM90 OR L1_ETM100
HLT_PFMET120_Mu5_v1 (2043184),1,1,1,1,1,1,1,1,1,1,1,1,1,L1_SingleMuOpen
HLT_PFMET120_PFMHT120_IDTight_v2 (2043192),1,1,1,1,1,1,1,1,1,1,1,1,1,L1_ETM50 OR L1_ETM60 OR L1_ETM60_Jet60_dPhi_Min0p4 OR L1_ETM70 OR L1_ETM80 OR L1_ETM90 OR L1_ETM100 OR L1_ETM120 OR L1_DoubleJetC60_ETM60
HLT_PFMET170_HBHECleaned_v2 (2043186),1,1,1,1,1,1,1,1,1,1,1,1,1,L1_ETM50 OR L1_ETM60 OR L1_ETM70 OR L1_ETM80 OR L1_ETM90 OR L1_ETM100
HLT_PFMET170_JetIdCleaned_v2 (2043187),1,1,1,1,1,1,1,1,1,1,1,1,1,L1_ETM50 OR L1_ETM60 OR L1_ETM70 OR L1_ETM80 OR L1_ETM90 OR L1_ETM100
HLT_PFMET170_NoiseCleaned_v3 (2043185),1,1,1,1,1,1,1,1,1,1,1,1,1,L1_ETM50 OR L1_ETM60 OR L1_ETM70 OR L1_ETM80 OR L1_ETM90 OR L1_ETM100
HLT_PFMET170_NotCleaned_v1 (2043188),1,1,1,1,1,1,1,1,1,1,1,1,1,L1_ETM50 OR L1_ETM60 OR L1_ETM70 OR L1_ETM80 OR L1_ETM90 OR L1_ETM100
HLT_PFMET300_v1 (2043463),1,1,1,1,1,1,1,1,1,1,1,1,1,L1_ETM60 OR L1_ETM70 OR L1_ETM80 OR L1_ETM90 OR L1_ETM100 OR L1_ETM120
HLT_PFMET400_v1 (2043464),1,1,1,1,1,1,1,1,1,1,1,1,1,L1_ETM60 OR L1_ETM70 OR L1_ETM80 OR L1_ETM90 OR L1_ETM100 OR L1_ETM120
HLT_PFMET500_v1 (2043465),1,1,1,1,1,1,1,1,1,1,1,1,1,L1_ETM60 OR L1_ETM70 OR L1_ETM80 OR L1_ETM90 OR L1_ETM100 OR L1_ETM120
HLT_PFMET600_v1 (2043466),1,1,1,1,1,1,1,1,1,1,1,1,1,L1_ETM60 OR L1_ETM70 OR L1_ETM80 OR L1_ETM90 OR L1_ETM100 OR L1_ETM120
HLT_PFMET90_PFMHT90_IDTight_v2 (2044500),0,0,1,1,1,1,1,1,1,1,1,1,1,L1_ETM50 OR L1_ETM60 OR L1_ETM60_Jet60_dPhi_Min0p4 OR L1_ETM70 OR L1_ETM80 OR L1_ETM90 OR L1_DoubleJetC60_ETM60
HLT_PFMETNoMu100_PFMHTNoMu100_IDTight_v1 (2044504),0,1,1,1,1,1,1,1,1,1,1,1,1,L1_ETM50 OR L1_ETM60 OR L1_ETM60_Jet60_dPhi_Min0p4 OR L1_DoubleJetC60_ETM60 OR L1_ETM70 OR L1_ETM80 OR L1_ETM90 OR L1_ETM100
HLT_PFMETNoMu110_PFMHTNoMu110_IDTight_v1 (2044505),0,1,1,1,1,1,1,1,1,1,1,1,1,L1_ETM50 OR L1_ETM60 OR L1_ETM60_Jet60_dPhi_Min0p4 OR L1_DoubleJetC60_ETM60 OR L1_ETM70 OR L1_ETM80 OR L1_ETM90 OR L1_ETM100
HLT_PFMETNoMu120_PFMHTNoMu120_IDTight_v1 (2043335),1,1,1,1,1,1,1,1,1,1,1,1,1,L1_ETM50 OR L1_ETM60 OR L1_ETM60_Jet60_dPhi_Min0p4 OR L1_DoubleJetC60_ETM60 OR L1_ETM70 OR L1_ETM80 OR L1_ETM90 OR L1_ETM100
HLT_PFMETNoMu90_PFMHTNoMu90_IDTight_v1 (2044503),0,0,1,1,1,1,1,1,1,1,1,1,1,L1_ETM50 OR L1_ETM60 OR L1_ETM60_Jet60_dPhi_Min0p4 OR L1_DoubleJetC60_ETM60 OR L1_ETM70 OR L1_ETM80 OR L1_ETM90 OR L1_ETM100
HLT_Photon120_R9Id90_HE10_Iso40_EBOnly_PFMET40_v3 (2044132),1,1,1,1,1,1,1,1,1,1,1,1,1,L1_SingleEG40
HLT_Photon120_R9Id90_HE10_Iso40_EBOnly_VBF_v2 (2044133),1,1,1,1,1,1,1,1,1,1,1,1,1,L1_SingleEG40
HLT_Photon120_R9Id90_HE10_IsoM_v3 (2044175),5,4,2,2,1,1,1,1,1,1,1,1,1,L1_SingleEG34 OR L1_SingleEG40
HLT_Photon120_v3 (2044166),100,100,75,50,30,15,10,4,4,3,2,1,1,L1_SingleEG34 OR L1_SingleEG40
HLT_Photon135_PFMET100_v1 (2044117),1,1,1,1,1,1,1,1,1,1,1,1,1,L1_SingleEG40 OR L1_SingleJet200
HLT_Photon165_HE10_v3 (2044168),1,1,1,1,1,1,1,1,1,1,1,1,1,L1_SingleEG34 OR L1_SingleEG40 OR L1_SingleJet200
HLT_Photon165_R9Id90_HE10_IsoM_v3 (2044176),1,1,1,1,1,1,1,1,1,1,1,1,1,L1_SingleEG34 OR L1_SingleEG40 OR L1_SingleJet200
HLT_Photon175_v3 (2044167),1,1,1,1,1,1,1,1,1,1,1,1,1,L1_SingleEG40 OR L1_SingleJet200
HLT_Photon22_R9Id90_HE10_Iso40_EBOnly_PFMET40_v3 (2044118),9,9,9,90,60,36,18,12,9,6,3,2,1,L1_SingleEG24
HLT_Photon22_R9Id90_HE10_Iso40_EBOnly_VBF_v2 (2044119),3,3,3,30,20,12,6,4,3,2,1,1,1,L1_SingleEG24
HLT_Photon22_R9Id90_HE10_IsoM_v2 (2044169),2000,1,1,1,1,1,90,64,90,64,36,18,1,L1_SingleEG18
HLT_Photon22_v2 (2044160),12,12,12,12,12,12,1100,800,1100,800,440,220,1,L1_SingleEG18
HLT_Photon250_NoHE_v2 (2044120),1,1,1,1,1,1,1,1,1,1,1,1,1,L1_SingleEG40 OR L1_SingleJet200
HLT_Photon26_R9Id85_OR_CaloId24b40e_Iso50T80L_Photon16_AND_HE10_R9Id65_Eta2_Mass60_v2(2044122),300,300,150,100,75,42,21,15,10,7,4,2,1,L1_SingleEG40 OR L1_SingleEG40 OR L1_DoubleEG_22_10 OR L1_DoubleEG_24_17 OR L1_DoubleEG_15_10 OR L1_DoubleEG_18_17 OR L1_DoubleEG_20_18 OR L1_DoubleEG_23_10
HLT_Photon300_NoHE_v2 (2044121),1,1,1,1,1,1,1,1,1,1,1,1,1,L1_SingleEG40 OR L1_SingleJet200
HLT_Photon30_R9Id90_HE10_IsoM_v3 (2044170),2,2,2,2,2,2,50,36,24,18,8,4,1,L1_SingleEG26
HLT_Photon30_v3 (2044161),30,30,30,30,30,30,700,500,350,250,140,70,1,L1_SingleEG26
HLT_Photon36_R9Id85_OR_CaloId24b40e_Iso50T80L_Photon22_AND_HE10_R9Id65_Eta2_Mass15_v2(2044123),1,1,1,1,1,1,1,1,1,1,1,1,1,L1_SingleEG40 OR L1_SingleEG40 OR L1_DoubleEG_22_10 OR L1_DoubleEG_24_17 OR L1_DoubleEG_15_10 OR L1_DoubleEG_18_17 OR L1_DoubleEG_20_18 OR L1_DoubleEG_23_10
HLT_Photon36_R9Id90_HE10_Iso40_EBOnly_PFMET40_v3 (2044124),100,1,1,1,1,1,1,1,1,1,1,1,1,L1_SingleEG30
HLT_Photon36_R9Id90_HE10_Iso40_EBOnly_VBF_v2 (2044125),10,1,1,1,1,1,1,1,1,1,1,1,1,L1_SingleEG30
HLT_Photon36_R9Id90_HE10_IsoM_v3 (2044171),1,1,1,1,1,1,25,18,12,9,4,2,1,L1_SingleEG26
HLT_Photon36_v3 (2044162),15,15,15,15,15,15,350,250,175,25,70,35,1,L1_SingleEG26
HLT_Photon42_R9Id85_OR_CaloId24b40e_Iso50T80L_Photon25_AND_HE10_R9Id65_Eta2_Mass15_v2(2044200),1,1,1,1,1,1,1,1,1,1,1,1,1,L1_SingleEG40 OR L1_SingleEG40 OR L1_DoubleEG_22_10 OR L1_DoubleEG_24_17 OR L1_DoubleEG_15_10 OR L1_DoubleEG_18_17 OR L1_DoubleEG_20_18 OR L1_DoubleEG_23_10
HLT_Photon500_v1 (2044221),1,1,1,1,1,1,1,1,1,1,1,1,1,L1_SingleEG40 OR L1_SingleJet200
HLT_Photon50_R9Id90_HE10_Iso40_EBOnly_PFMET40_v3 (2044126),10,1,1,1,1,1,1,1,1,1,1,1,1,L1_SingleEG40
HLT_Photon50_R9Id90_HE10_Iso40_EBOnly_VBF_v2 (2044127),6,1,1,1,1,1,1,1,1,1,1,1,1,L1_SingleEG40
HLT_Photon50_R9Id90_HE10_IsoM_v3 (2044172),125,120,60,48,30,20,10,6,4,3,2,2,1,L1_SingleEG34 OR L1_SingleEG40
HLT_Photon50_v3 (2044163),5000,2000,1500,1000,720,360,200,160,96,72,40,20,1,L1_SingleEG34 OR L1_SingleEG40
HLT_Photon600_v1 (2044222),1,1,1,1,1,1,1,1,1,1,1,1,1,L1_SingleEG40 OR L1_SingleJet200
HLT_Photon75_R9Id90_HE10_Iso40_EBOnly_PFMET40_v3 (2044128),6,1,1,1,1,1,1,1,1,1,1,1,1,L1_SingleEG40
HLT_Photon75_R9Id90_HE10_Iso40_EBOnly_VBF_v2 (2044129),3,3,1,1,1,1,1,1,1,1,1,1,1,L1_SingleEG40
HLT_Photon75_R9Id90_HE10_IsoM_v3 (2044173),24,24,12,12,6,4,2,2,1,1,1,1,1,L1_SingleEG34 OR L1_SingleEG40
HLT_Photon75_v3 (2044164),400,400,300,200,120,90,40,32,16,36,8,4,1,L1_SingleEG34 OR L1_SingleEG40
HLT_Photon90_CaloIdL_PFHT500_v3 (2044183),1,1,1,1,1,1,1,1,1,1,1,1,1,L1_SingleEG34 OR L1_SingleEG40
HLT_Photon90_CaloIdL_PFHT600_v2 (2044201),1,1,1,1,1,1,1,1,1,1,1,1,1,L1_SingleEG34 OR L1_SingleEG40
HLT_Photon90_R9Id90_HE10_Iso40_EBOnly_PFMET40_v3 (2044130),3,3,1,1,1,1,1,1,1,1,1,1,1,L1_SingleEG40
HLT_Photon90_R9Id90_HE10_Iso40_EBOnly_VBF_v2 (2044131),2,2,1,1,1,1,1,1,1,1,1,1,1,L1_SingleEG40
HLT_Photon90_R9Id90_HE10_IsoM_v3 (2044174),12,12,6,4,3,2,1,1,1,1,1,1,1,L1_SingleEG34 OR L1_SingleEG40
HLT_Photon90_v3 (2044165),200,200,150,100,60,45,20,16,8,18,4,2,1,L1_SingleEG34 OR L1_SingleEG40
HLT_Physics_part0_v2 (2043943),500,500,480,420,360,300,240,180,120,80,80,48,1600,L1_DoubleEG_15_10 OR L1_DoubleEG_23_10 OR L1_DoubleEG_22_12 OR L1_DoubleEG_22_15 OR L1_DoubleEG_24_17 OR L1_DoubleEG_20_18 OR L1_DoubleEG_18_17 OR L1_SingleIsoEG18 OR L1_SingleIsoEG20 OR L1_SingleIsoEG22 OR L1_SingleIsoEG24 OR L1_SingleIsoEG26 OR L1_SingleIsoEG28 OR L1_SingleIsoEG30 OR L1_SingleIsoEG34 OR L1_IsolatedBunch OR L1_AlwaysTrue OR L1_SingleEG5 OR L1_SingleEG10 OR L1_SingleEG15 OR L1_SingleEG18 OR L1_SingleEG24 OR L1_SingleEG26 OR L1_SingleEG28 OR L1_SingleEG30 OR L1_SingleEG34 OR L1_SingleEG40 OR L1_SingleEG45 OR L1_SingleIsoEG18er OR L1_SingleIsoEG20er OR L1_SingleIsoEG22er OR L1_SingleIsoEG24er OR L1_SingleIsoEG26er OR L1_SingleIsoEG28er OR L1_SingleIsoEG30er OR L1_SingleIsoEG34er OR L1_DoubleEG_22_10 OR L1_SingleJet16 OR L1_SingleJet20 OR L1_SingleJet35 OR L1_SingleJet60 OR L1_SingleJet160 OR L1_SingleJet90 OR L1_SingleJet120 OR L1_SingleJet140 OR L1_SingleJet150 OR L1_SingleJet170 OR L1_SingleJet180 OR L1_SingleJet200 OR L1_DoubleJetC40 OR L1_DoubleJetC50 OR L1_DoubleJetC60 OR L1_DoubleJetC80 OR L1_DoubleJetC100 OR L1_DoubleJetC112 OR L1_DoubleJetC120 OR L1_TripleJet_88_72_56_VBF OR L1_TripleJet_84_68_48_VBF OR L1_TripleJet_92_76_64_VBF OR L1_QuadJetC40 OR L1_QuadJetC50 OR L1_QuadJetC60 OR L1_HTT120 OR L1_HTT160 OR L1_HTT200 OR L1_HTT240 OR L1_HTT255 OR L1_HTT270 OR L1_HTT280 OR L1_HTT300 OR L1_HTT320 OR L1_HTT220 OR L1_DoubleMu_11_4 OR L1_DoubleMu_12_5 OR L1_MinimumBiasHF1_OR_BptxAND OR L1_Mu3_JetC60_dEta_Max0p4_dPhi_Max0p4 OR L1_Mu3_JetC60 OR L1_Mu3_JetC16_dEta_Max0p4_dPhi_Max0p4 OR L1_Mu3_JetC16 OR L1_ETM50 OR L1_ETM60 OR L1_ETM60_Jet60_dPhi_Min0p4 OR L1_ETM70 OR L1_ETM80 OR L1_ETM90 OR L1_ETM100 OR L1_DoubleJetC60_ETM60 OR L1_DoubleMu7_EG7 OR L1_DoubleJet8_ForwardBackward OR L1_DoubleJet12_ForwardBackward OR L1_TripleMu0 OR L1_DoubleMu0er1p6_dEta_Max1p8 OR L1_DoubleMu0er1p6_dEta_Max1p8_OS OR L1_DoubleMu_10_0_dEta_Max1p8 OR L1_DoubleMu0 OR L1_DoubleEG6_HTT255 OR L1_DoubleIsoTau26er OR L1_DoubleIsoTau27er OR L1_DoubleIsoTau28er OR L1_DoubleIsoTau29er OR L1_DoubleIsoTau30er OR L1_DoubleIsoTau32er OR L1_Mu8_HTT150 OR L1_Jet32_MuOpen_EG10_dPhi_Jet_Mu_Max0p4_dPhi_Mu_EG_Min1p0 OR L1_HTT320 OR L1_TripleEG_14_10_8 OR L1_IsoEG22er_Tau20er_dEta_Min0p2 OR L1_EG27er_HTT200 OR L1_ETT35_BptxAND OR L1_ETT50_BptxAND OR L1_ETT60_BptxAND OR L1_ETT25_BptxAND OR L1_SingleJetC20_NotBptxOR OR L1_SingleEG2_BptxAND OR L1_SingleMuOpen OR L1_Mu10er_ETM30 OR L1_Mu14er_ETM30 OR L1_SingleMu16er OR L1_Mu16er_Tau20er OR L1_SingleMu16 OR L1_SingleMu18er OR L1_SingleMu20er OR L1_Mu18er_Tau20er OR L1_Mu18er_IsoTau26er OR L1_Mu20er_IsoTau26er OR L1_SingleMu18 OR L1_SingleMu22er OR L1_SingleMu20 OR L1_SingleMu22 OR L1_SingleMu25 OR L1_SingleJetC20_NotBptxOR_3BX OR L1_SingleJetC32_NotBptxOR_3BX OR L1_SingleJetC36_NotBptxOR_3BX OR L1_BeamGasMinus OR L1_BeamGasPlus OR L1_BptxXOR OR L1_MinimumBiasHF1_AND_BptxAND OR L1_SingleMuOpen_NotBptxOR_3BX OR L1_SingleMuOpen_NotBptxOR OR L1_QuadJetC36_Tau52 OR L1_ETM120 OR L1_Jet32_DoubleMuOpen_Mu10_dPhi_Jet_Mu0_Max0p4_dPhi_Mu_Mu_Min1p0 OR L1_Mu6_HTT200 OR L1_Mu5_IsoEG18 OR L1_Mu5_EG20 OR L1_MU20_EG15 OR L1_SingleMu14er OR L1_Mu12_EG10 OR L1_SingleMu10_LowQ OR L1_Mu20_EG10 OR L1_SingleMu25 OR L1_SingleMu30 OR L1_Mu0er_ETM40 OR L1_Mu0er_ETM55 OR L1_SingleMu5 OR L1_SingleMu7 OR L1_Mu6_DoubleEG10 OR L1_Mu5_EG15 OR L1_SingleMu3 OR L1_Mu0er_ETM55 OR L1_QuadMu0 OR L1_EG25er_HTT125 OR L1_TripleMu_5_5_3
HLT_Physics_part1_v2 (2043944),500,500,480,420,360,300,240,180,120,80,80,48,1600,L1_DoubleEG_15_10 OR L1_DoubleEG_23_10 OR L1_DoubleEG_22_12 OR L1_DoubleEG_22_15 OR L1_DoubleEG_24_17 OR L1_DoubleEG_20_18 OR L1_DoubleEG_18_17 OR L1_SingleIsoEG18 OR L1_SingleIsoEG20 OR L1_SingleIsoEG22 OR L1_SingleIsoEG24 OR L1_SingleIsoEG26 OR L1_SingleIsoEG28 OR L1_SingleIsoEG30 OR L1_SingleIsoEG34 OR L1_IsolatedBunch OR L1_AlwaysTrue OR L1_SingleEG5 OR L1_SingleEG10 OR L1_SingleEG15 OR L1_SingleEG18 OR L1_SingleEG24 OR L1_SingleEG26 OR L1_SingleEG28 OR L1_SingleEG30 OR L1_SingleEG34 OR L1_SingleEG40 OR L1_SingleEG45 OR L1_SingleIsoEG18er OR L1_SingleIsoEG20er OR L1_SingleIsoEG22er OR L1_SingleIsoEG24er OR L1_SingleIsoEG26er OR L1_SingleIsoEG28er OR L1_SingleIsoEG30er OR L1_SingleIsoEG34er OR L1_DoubleEG_22_10 OR L1_SingleJet16 OR L1_SingleJet20 OR L1_SingleJet35 OR L1_SingleJet60 OR L1_SingleJet160 OR L1_SingleJet90 OR L1_SingleJet120 OR L1_SingleJet140 OR L1_SingleJet150 OR L1_SingleJet170 OR L1_SingleJet180 OR L1_SingleJet200 OR L1_DoubleJetC40 OR L1_DoubleJetC50 OR L1_DoubleJetC60 OR L1_DoubleJetC80 OR L1_DoubleJetC100 OR L1_DoubleJetC112 OR L1_DoubleJetC120 OR L1_TripleJet_88_72_56_VBF OR L1_TripleJet_84_68_48_VBF OR L1_TripleJet_92_76_64_VBF OR L1_QuadJetC40 OR L1_QuadJetC50 OR L1_QuadJetC60 OR L1_HTT120 OR L1_HTT160 OR L1_HTT200 OR L1_HTT240 OR L1_HTT255 OR L1_HTT270 OR L1_HTT280 OR L1_HTT300 OR L1_HTT320 OR L1_HTT220 OR L1_DoubleMu_11_4 OR L1_DoubleMu_12_5 OR L1_MinimumBiasHF1_OR_BptxAND OR L1_Mu3_JetC60_dEta_Max0p4_dPhi_Max0p4 OR L1_Mu3_JetC60 OR L1_Mu3_JetC16_dEta_Max0p4_dPhi_Max0p4 OR L1_Mu3_JetC16 OR L1_ETM50 OR L1_ETM60 OR L1_ETM60_Jet60_dPhi_Min0p4 OR L1_ETM70 OR L1_ETM80 OR L1_ETM90 OR L1_ETM100 OR L1_DoubleJetC60_ETM60 OR L1_DoubleMu7_EG7 OR L1_DoubleJet8_ForwardBackward OR L1_DoubleJet12_ForwardBackward OR L1_TripleMu0 OR L1_DoubleMu0er1p6_dEta_Max1p8 OR L1_DoubleMu0er1p6_dEta_Max1p8_OS OR L1_DoubleMu_10_0_dEta_Max1p8 OR L1_DoubleMu0 OR L1_DoubleEG6_HTT255 OR L1_DoubleIsoTau26er OR L1_DoubleIsoTau27er OR L1_DoubleIsoTau28er OR L1_DoubleIsoTau29er OR L1_DoubleIsoTau30er OR L1_DoubleIsoTau32er OR L1_Mu8_HTT150 OR L1_Jet32_MuOpen_EG10_dPhi_Jet_Mu_Max0p4_dPhi_Mu_EG_Min1p0 OR L1_HTT320 OR L1_TripleEG_14_10_8 OR L1_IsoEG22er_Tau20er_dEta_Min0p2 OR L1_EG27er_HTT200 OR L1_ETT35_BptxAND OR L1_ETT50_BptxAND OR L1_ETT60_BptxAND OR L1_ETT25_BptxAND OR L1_SingleJetC20_NotBptxOR OR L1_SingleEG2_BptxAND OR L1_SingleMuOpen OR L1_Mu10er_ETM30 OR L1_Mu14er_ETM30 OR L1_SingleMu16er OR L1_Mu16er_Tau20er OR L1_SingleMu16 OR L1_SingleMu18er OR L1_SingleMu20er OR L1_Mu18er_Tau20er OR L1_Mu18er_IsoTau26er OR L1_Mu20er_IsoTau26er OR L1_SingleMu18 OR L1_SingleMu22er OR L1_SingleMu20 OR L1_SingleMu22 OR L1_SingleMu25 OR L1_SingleJetC20_NotBptxOR_3BX OR L1_SingleJetC32_NotBptxOR_3BX OR L1_SingleJetC36_NotBptxOR_3BX OR L1_BeamGasMinus OR L1_BeamGasPlus OR L1_BptxXOR OR L1_MinimumBiasHF1_AND_BptxAND OR L1_SingleMuOpen_NotBptxOR_3BX OR L1_SingleMuOpen_NotBptxOR OR L1_QuadJetC36_Tau52 OR L1_ETM120 OR L1_Jet32_DoubleMuOpen_Mu10_dPhi_Jet_Mu0_Max0p4_dPhi_Mu_Mu_Min1p0 OR L1_Mu6_HTT200 OR L1_Mu5_IsoEG18 OR L1_Mu5_EG20 OR L1_MU20_EG15 OR L1_SingleMu14er OR L1_Mu12_EG10 OR L1_SingleMu10_LowQ OR L1_Mu20_EG10 OR L1_SingleMu25 OR L1_SingleMu30 OR L1_Mu0er_ETM40 OR L1_Mu0er_ETM55 OR L1_SingleMu5 OR L1_SingleMu7 OR L1_Mu6_DoubleEG10 OR L1_Mu5_EG15 OR L1_SingleMu3 OR L1_Mu0er_ETM55 OR L1_QuadMu0 OR L1_EG25er_HTT125 OR L1_TripleMu_5_5_3
HLT_Physics_part2_v2 (2043945),500,500,480,420,360,300,240,180,120,80,80,48,1600,L1_DoubleEG_15_10 OR L1_DoubleEG_23_10 OR L1_DoubleEG_22_12 OR L1_DoubleEG_22_15 OR L1_DoubleEG_24_17 OR L1_DoubleEG_20_18 OR L1_DoubleEG_18_17 OR L1_SingleIsoEG18 OR L1_SingleIsoEG20 OR L1_SingleIsoEG22 OR L1_SingleIsoEG24 OR L1_SingleIsoEG26 OR L1_SingleIsoEG28 OR L1_SingleIsoEG30 OR L1_SingleIsoEG34 OR L1_IsolatedBunch OR L1_AlwaysTrue OR L1_SingleEG5 OR L1_SingleEG10 OR L1_SingleEG15 OR L1_SingleEG18 OR L1_SingleEG24 OR L1_SingleEG26 OR L1_SingleEG28 OR L1_SingleEG30 OR L1_SingleEG34 OR L1_SingleEG40 OR L1_SingleEG45 OR L1_SingleIsoEG18er OR L1_SingleIsoEG20er OR L1_SingleIsoEG22er OR L1_SingleIsoEG24er OR L1_SingleIsoEG26er OR L1_SingleIsoEG28er OR L1_SingleIsoEG30er OR L1_SingleIsoEG34er OR L1_DoubleEG_22_10 OR L1_SingleJet16 OR L1_SingleJet20 OR L1_SingleJet35 OR L1_SingleJet60 OR L1_SingleJet160 OR L1_SingleJet90 OR L1_SingleJet120 OR L1_SingleJet140 OR L1_SingleJet150 OR L1_SingleJet170 OR L1_SingleJet180 OR L1_SingleJet200 OR L1_DoubleJetC40 OR L1_DoubleJetC50 OR L1_DoubleJetC60 OR L1_DoubleJetC80 OR L1_DoubleJetC100 OR L1_DoubleJetC112 OR L1_DoubleJetC120 OR L1_TripleJet_88_72_56_VBF OR L1_TripleJet_84_68_48_VBF OR L1_TripleJet_92_76_64_VBF OR L1_QuadJetC40 OR L1_QuadJetC50 OR L1_QuadJetC60 OR L1_HTT120 OR L1_HTT160 OR L1_HTT200 OR L1_HTT240 OR L1_HTT255 OR L1_HTT270 OR L1_HTT280 OR L1_HTT300 OR L1_HTT320 OR L1_HTT220 OR L1_DoubleMu_11_4 OR L1_DoubleMu_12_5 OR L1_MinimumBiasHF1_OR_BptxAND OR L1_Mu3_JetC60_dEta_Max0p4_dPhi_Max0p4 OR L1_Mu3_JetC60 OR L1_Mu3_JetC16_dEta_Max0p4_dPhi_Max0p4 OR L1_Mu3_JetC16 OR L1_ETM50 OR L1_ETM60 OR L1_ETM60_Jet60_dPhi_Min0p4 OR L1_ETM70 OR L1_ETM80 OR L1_ETM90 OR L1_ETM100 OR L1_DoubleJetC60_ETM60 OR L1_DoubleMu7_EG7 OR L1_DoubleJet8_ForwardBackward OR L1_DoubleJet12_ForwardBackward OR L1_TripleMu0 OR L1_DoubleMu0er1p6_dEta_Max1p8 OR L1_DoubleMu0er1p6_dEta_Max1p8_OS OR L1_DoubleMu_10_0_dEta_Max1p8 OR L1_DoubleMu0 OR L1_DoubleEG6_HTT255 OR L1_DoubleIsoTau26er OR L1_DoubleIsoTau27er OR L1_DoubleIsoTau28er OR L1_DoubleIsoTau29er OR L1_DoubleIsoTau30er OR L1_DoubleIsoTau32er OR L1_Mu8_HTT150 OR L1_Jet32_MuOpen_EG10_dPhi_Jet_Mu_Max0p4_dPhi_Mu_EG_Min1p0 OR L1_HTT320 OR L1_TripleEG_14_10_8 OR L1_IsoEG22er_Tau20er_dEta_Min0p2 OR L1_EG27er_HTT200 OR L1_ETT35_BptxAND OR L1_ETT50_BptxAND OR L1_ETT60_BptxAND OR L1_ETT25_BptxAND OR L1_SingleJetC20_NotBptxOR OR L1_SingleEG2_BptxAND OR L1_SingleMuOpen OR L1_Mu10er_ETM30 OR L1_Mu14er_ETM30 OR L1_SingleMu16er OR L1_Mu16er_Tau20er OR L1_SingleMu16 OR L1_SingleMu18er OR L1_SingleMu20er OR L1_Mu18er_Tau20er OR L1_Mu18er_IsoTau26er OR L1_Mu20er_IsoTau26er OR L1_SingleMu18 OR L1_SingleMu22er OR L1_SingleMu20 OR L1_SingleMu22 OR L1_SingleMu25 OR L1_SingleJetC20_NotBptxOR_3BX OR L1_SingleJetC32_NotBptxOR_3BX OR L1_SingleJetC36_NotBptxOR_3BX OR L1_BeamGasMinus OR L1_BeamGasPlus OR L1_BptxXOR OR L1_MinimumBiasHF1_AND_BptxAND OR L1_SingleMuOpen_NotBptxOR_3BX OR L1_SingleMuOpen_NotBptxOR OR L1_QuadJetC36_Tau52 OR L1_ETM120 OR L1_Jet32_DoubleMuOpen_Mu10_dPhi_Jet_Mu0_Max0p4_dPhi_Mu_Mu_Min1p0 OR L1_Mu6_HTT200 OR L1_Mu5_IsoEG18 OR L1_Mu5_EG20 OR L1_MU20_EG15 OR L1_SingleMu14er OR L1_Mu12_EG10 OR L1_SingleMu10_LowQ OR L1_Mu20_EG10 OR L1_SingleMu25 OR L1_SingleMu30 OR L1_Mu0er_ETM40 OR L1_Mu0er_ETM55 OR L1_SingleMu5 OR L1_SingleMu7 OR L1_Mu6_DoubleEG10 OR L1_Mu5_EG15 OR L1_SingleMu3 OR L1_Mu0er_ETM55 OR L1_QuadMu0 OR L1_EG25er_HTT125 OR L1_TripleMu_5_5_3
HLT_Physics_part3_v2 (2043946),500,500,480,420,360,300,240,180,120,80,80,48,1600,L1_DoubleEG_15_10 OR L1_DoubleEG_23_10 OR L1_DoubleEG_22_12 OR L1_DoubleEG_22_15 OR L1_DoubleEG_24_17 OR L1_DoubleEG_20_18 OR L1_DoubleEG_18_17 OR L1_SingleIsoEG18 OR L1_SingleIsoEG20 OR L1_SingleIsoEG22 OR L1_SingleIsoEG24 OR L1_SingleIsoEG26 OR L1_SingleIsoEG28 OR L1_SingleIsoEG30 OR L1_SingleIsoEG34 OR L1_IsolatedBunch OR L1_AlwaysTrue OR L1_SingleEG5 OR L1_SingleEG10 OR L1_SingleEG15 OR L1_SingleEG18 OR L1_SingleEG24 OR L1_SingleEG26 OR L1_SingleEG28 OR L1_SingleEG30 OR L1_SingleEG34 OR L1_SingleEG40 OR L1_SingleEG45 OR L1_SingleIsoEG18er OR L1_SingleIsoEG20er OR L1_SingleIsoEG22er OR L1_SingleIsoEG24er OR L1_SingleIsoEG26er OR L1_SingleIsoEG28er OR L1_SingleIsoEG30er OR L1_SingleIsoEG34er OR L1_DoubleEG_22_10 OR L1_SingleJet16 OR L1_SingleJet20 OR L1_SingleJet35 OR L1_SingleJet60 OR L1_SingleJet160 OR L1_SingleJet90 OR L1_SingleJet120 OR L1_SingleJet140 OR L1_SingleJet150 OR L1_SingleJet170 OR L1_SingleJet180 OR L1_SingleJet200 OR L1_DoubleJetC40 OR L1_DoubleJetC50 OR L1_DoubleJetC60 OR L1_DoubleJetC80 OR L1_DoubleJetC100 OR L1_DoubleJetC112 OR L1_DoubleJetC120 OR L1_TripleJet_88_72_56_VBF OR L1_TripleJet_84_68_48_VBF OR L1_TripleJet_92_76_64_VBF OR L1_QuadJetC40 OR L1_QuadJetC50 OR L1_QuadJetC60 OR L1_HTT120 OR L1_HTT160 OR L1_HTT200 OR L1_HTT240 OR L1_HTT255 OR L1_HTT270 OR L1_HTT280 OR L1_HTT300 OR L1_HTT320 OR L1_HTT220 OR L1_DoubleMu_11_4 OR L1_DoubleMu_12_5 OR L1_MinimumBiasHF1_OR_BptxAND OR L1_Mu3_JetC60_dEta_Max0p4_dPhi_Max0p4 OR L1_Mu3_JetC60 OR L1_Mu3_JetC16_dEta_Max0p4_dPhi_Max0p4 OR L1_Mu3_JetC16 OR L1_ETM50 OR L1_ETM60 OR L1_ETM60_Jet60_dPhi_Min0p4 OR L1_ETM70 OR L1_ETM80 OR L1_ETM90 OR L1_ETM100 OR L1_DoubleJetC60_ETM60 OR L1_DoubleMu7_EG7 OR L1_DoubleJet8_ForwardBackward OR L1_DoubleJet12_ForwardBackward OR L1_TripleMu0 OR L1_DoubleMu0er1p6_dEta_Max1p8 OR L1_DoubleMu0er1p6_dEta_Max1p8_OS OR L1_DoubleMu_10_0_dEta_Max1p8 OR L1_DoubleMu0 OR L1_DoubleEG6_HTT255 OR L1_DoubleIsoTau26er OR L1_DoubleIsoTau27er OR L1_DoubleIsoTau28er OR L1_DoubleIsoTau29er OR L1_DoubleIsoTau30er OR L1_DoubleIsoTau32er OR L1_Mu8_HTT150 OR L1_Jet32_MuOpen_EG10_dPhi_Jet_Mu_Max0p4_dPhi_Mu_EG_Min1p0 OR L1_HTT320 OR L1_TripleEG_14_10_8 OR L1_IsoEG22er_Tau20er_dEta_Min0p2 OR L1_EG27er_HTT200 OR L1_ETT35_BptxAND OR L1_ETT50_BptxAND OR L1_ETT60_BptxAND OR L1_ETT25_BptxAND OR L1_SingleJetC20_NotBptxOR OR L1_SingleEG2_BptxAND OR L1_SingleMuOpen OR L1_Mu10er_ETM30 OR L1_Mu14er_ETM30 OR L1_SingleMu16er OR L1_Mu16er_Tau20er OR L1_SingleMu16 OR L1_SingleMu18er OR L1_SingleMu20er OR L1_Mu18er_Tau20er OR L1_Mu18er_IsoTau26er OR L1_Mu20er_IsoTau26er OR L1_SingleMu18 OR L1_SingleMu22er OR L1_SingleMu20 OR L1_SingleMu22 OR L1_SingleMu25 OR L1_SingleJetC20_NotBptxOR_3BX OR L1_SingleJetC32_NotBptxOR_3BX OR L1_SingleJetC36_NotBptxOR_3BX OR L1_BeamGasMinus OR L1_BeamGasPlus OR L1_BptxXOR OR L1_MinimumBiasHF1_AND_BptxAND OR L1_SingleMuOpen_NotBptxOR_3BX OR L1_SingleMuOpen_NotBptxOR OR L1_QuadJetC36_Tau52 OR L1_ETM120 OR L1_Jet32_DoubleMuOpen_Mu10_dPhi_Jet_Mu0_Max0p4_dPhi_Mu_Mu_Min1p0 OR L1_Mu6_HTT200 OR L1_Mu5_IsoEG18 OR L1_Mu5_EG20 OR L1_MU20_EG15 OR L1_SingleMu14er OR L1_Mu12_EG10 OR L1_SingleMu10_LowQ OR L1_Mu20_EG10 OR L1_SingleMu25 OR L1_SingleMu30 OR L1_Mu0er_ETM40 OR L1_Mu0er_ETM55 OR L1_SingleMu5 OR L1_SingleMu7 OR L1_Mu6_DoubleEG10 OR L1_Mu5_EG15 OR L1_SingleMu3 OR L1_Mu0er_ETM55 OR L1_QuadMu0 OR L1_EG25er_HTT125 OR L1_TripleMu_5_5_3
HLT_Physics_v2 (2043942),9000,9000,9000,9000,9000,7500,6000,4200,3000,2000,2000,1200,3200,L1_DoubleEG_15_10 OR L1_DoubleEG_23_10 OR L1_DoubleEG_22_12 OR L1_DoubleEG_22_15 OR L1_DoubleEG_24_17 OR L1_DoubleEG_20_18 OR L1_DoubleEG_18_17 OR L1_SingleIsoEG18 OR L1_SingleIsoEG20 OR L1_SingleIsoEG22 OR L1_SingleIsoEG24 OR L1_SingleIsoEG26 OR L1_SingleIsoEG28 OR L1_SingleIsoEG30 OR L1_SingleIsoEG34 OR L1_IsolatedBunch OR L1_AlwaysTrue OR L1_SingleEG5 OR L1_SingleEG10 OR L1_SingleEG15 OR L1_SingleEG18 OR L1_SingleEG24 OR L1_SingleEG26 OR L1_SingleEG28 OR L1_SingleEG30 OR L1_SingleEG34 OR L1_SingleEG40 OR L1_SingleEG45 OR L1_SingleIsoEG18er OR L1_SingleIsoEG20er OR L1_SingleIsoEG22er OR L1_SingleIsoEG24er OR L1_SingleIsoEG26er OR L1_SingleIsoEG28er OR L1_SingleIsoEG30er OR L1_SingleIsoEG34er OR L1_DoubleEG_22_10 OR L1_SingleJet16 OR L1_SingleJet20 OR L1_SingleJet35 OR L1_SingleJet60 OR L1_SingleJet160 OR L1_SingleJet90 OR L1_SingleJet120 OR L1_SingleJet140 OR L1_SingleJet150 OR L1_SingleJet170 OR L1_SingleJet180 OR L1_SingleJet200 OR L1_DoubleJetC40 OR L1_DoubleJetC50 OR L1_DoubleJetC60 OR L1_DoubleJetC80 OR L1_DoubleJetC100 OR L1_DoubleJetC112 OR L1_DoubleJetC120 OR L1_TripleJet_88_72_56_VBF OR L1_TripleJet_84_68_48_VBF OR L1_TripleJet_92_76_64_VBF OR L1_QuadJetC40 OR L1_QuadJetC50 OR L1_QuadJetC60 OR L1_HTT120 OR L1_HTT160 OR L1_HTT200 OR L1_HTT240 OR L1_HTT255 OR L1_HTT270 OR L1_HTT280 OR L1_HTT300 OR L1_HTT320 OR L1_HTT220 OR L1_DoubleMu_11_4 OR L1_DoubleMu_12_5 OR L1_MinimumBiasHF1_OR_BptxAND OR L1_Mu3_JetC60_dEta_Max0p4_dPhi_Max0p4 OR L1_Mu3_JetC60 OR L1_Mu3_JetC16_dEta_Max0p4_dPhi_Max0p4 OR L1_Mu3_JetC16 OR L1_ETM50 OR L1_ETM60 OR L1_ETM60_Jet60_dPhi_Min0p4 OR L1_ETM70 OR L1_ETM80 OR L1_ETM90 OR L1_ETM100 OR L1_DoubleJetC60_ETM60 OR L1_DoubleMu7_EG7 OR L1_DoubleJet8_ForwardBackward OR L1_DoubleJet12_ForwardBackward OR L1_TripleMu0 OR L1_DoubleMu0er1p6_dEta_Max1p8 OR L1_DoubleMu0er1p6_dEta_Max1p8_OS OR L1_DoubleMu_10_0_dEta_Max1p8 OR L1_DoubleMu0 OR L1_DoubleEG6_HTT255 OR L1_DoubleIsoTau26er OR L1_DoubleIsoTau27er OR L1_DoubleIsoTau28er OR L1_DoubleIsoTau29er OR L1_DoubleIsoTau30er OR L1_DoubleIsoTau32er OR L1_Mu8_HTT150 OR L1_Jet32_MuOpen_EG10_dPhi_Jet_Mu_Max0p4_dPhi_Mu_EG_Min1p0 OR L1_HTT320 OR L1_TripleEG_14_10_8 OR L1_IsoEG22er_Tau20er_dEta_Min0p2 OR L1_EG27er_HTT200 OR L1_ETT35_BptxAND OR L1_ETT50_BptxAND OR L1_ETT60_BptxAND OR L1_ETT25_BptxAND OR L1_SingleJetC20_NotBptxOR OR L1_SingleEG2_BptxAND OR L1_SingleMuOpen OR L1_Mu10er_ETM30 OR L1_Mu14er_ETM30 OR L1_SingleMu16er OR L1_Mu16er_Tau20er OR L1_SingleMu16 OR L1_SingleMu18er OR L1_SingleMu20er OR L1_Mu18er_Tau20er OR L1_Mu18er_IsoTau26er OR L1_Mu20er_IsoTau26er OR L1_SingleMu18 OR L1_SingleMu22er OR L1_SingleMu20 OR L1_SingleMu22 OR L1_SingleMu25 OR L1_SingleJetC20_NotBptxOR_3BX OR L1_SingleJetC32_NotBptxOR_3BX OR L1_SingleJetC36_NotBptxOR_3BX OR L1_BeamGasMinus OR L1_BeamGasPlus OR L1_BptxXOR OR L1_MinimumBiasHF1_AND_BptxAND OR L1_SingleMuOpen_NotBptxOR_3BX OR L1_SingleMuOpen_NotBptxOR OR L1_QuadJetC36_Tau52 OR L1_ETM120 OR L1_Jet32_DoubleMuOpen_Mu10_dPhi_Jet_Mu0_Max0p4_dPhi_Mu_Mu_Min1p0 OR L1_Mu6_HTT200 OR L1_Mu5_IsoEG18 OR L1_Mu5_EG20 OR L1_MU20_EG15 OR L1_SingleMu14er OR L1_Mu12_EG10 OR L1_SingleMu10_LowQ OR L1_Mu20_EG10 OR L1_SingleMu25 OR L1_SingleMu30 OR L1_Mu0er_ETM40 OR L1_Mu0er_ETM55 OR L1_SingleMu5 OR L1_SingleMu7 OR L1_Mu6_DoubleEG10 OR L1_Mu5_EG15 OR L1_SingleMu3 OR L1_Mu0er_ETM55 OR L1_QuadMu0 OR L1_EG25er_HTT125 OR L1_TripleMu_5_5_3
HLT_PixelTracks_Multiplicity110ForEndOfFill_v1 (2043804),0,0,0,0,0,0,0,0,0,0,0,0,1,L1_IsolatedBunch
HLT_PixelTracks_Multiplicity135ForEndOfFill_v1 (2043805),0,0,0,0,0,0,0,0,0,0,0,0,1,L1_IsolatedBunch
HLT_PixelTracks_Multiplicity160ForEndOfFill_v1 (2043806),0,0,0,0,0,0,0,0,0,0,0,0,1,L1_IsolatedBunch
HLT_PixelTracks_Multiplicity60ForEndOfFill_v1 (2043802),0,0,0,0,0,0,0,0,0,0,0,0,1,L1_IsolatedBunch
HLT_PixelTracks_Multiplicity85ForEndOfFill_v1 (2043803),0,0,0,0,0,0,0,0,0,0,0,0,1,L1_IsolatedBunch
HLT_QuadJet45_DoubleBTagCSV_p087_v1 (2043202),50,50,25,18,12,7,3,2,1,1,1,1,1,L1_QuadJetC50 OR L1_QuadJetC60 OR L1_HTT280 OR L1_HTT300 OR L1_HTT320 OR L1_TripleJet_84_68_48_VBF OR L1_TripleJet_88_72_56_VBF OR L1_TripleJet_92_76_64_VBF
HLT_QuadJet45_TripleBTagCSV_p087_v1 (2043201),1,1,1,1,1,1,1,1,1,1,1,1,1,L1_QuadJetC50 OR L1_QuadJetC60 OR L1_HTT280 OR L1_HTT300 OR L1_HTT320 OR L1_TripleJet_84_68_48_VBF OR L1_TripleJet_88_72_56_VBF OR L1_TripleJet_92_76_64_VBF
HLT_QuadMuon0_Dimuon0_Jpsi_v2 (2043301),1,1,1,1,1,1,1,1,1,1,1,1,1,L1_QuadMu0
HLT_QuadMuon0_Dimuon0_Upsilon_v2 (2043302),1,1,1,1,1,1,1,1,1,1,1,1,1,L1_QuadMu0
HLT_QuadPFJet_BTagCSV_p016_VBF_Mqq460_v1 (2043196),0,0,1,1,1,1,1,1,1,1,1,1,1,L1_TripleJet_84_68_48_VBF OR L1_TripleJet_88_72_56_VBF OR L1_TripleJet_92_76_64_VBF OR L1_HTT280 OR L1_HTT300 OR L1_HTT320 OR L1_SingleJet170 OR L1_SingleJet180 OR L1_SingleJet200 OR L1_DoubleJetC100 OR L1_DoubleJetC112 OR L1_DoubleJetC120
HLT_QuadPFJet_BTagCSV_p016_VBF_Mqq500_v1 (2043198),1,1,1,1,1,1,1,1,1,1,1,1,1,L1_TripleJet_84_68_48_VBF OR L1_TripleJet_88_72_56_VBF OR L1_TripleJet_92_76_64_VBF OR L1_HTT280 OR L1_HTT300 OR L1_HTT320 OR L1_SingleJet170 OR L1_SingleJet180 OR L1_SingleJet200 OR L1_DoubleJetC100 OR L1_DoubleJetC112 OR L1_DoubleJetC120
HLT_QuadPFJet_BTagCSV_p016_p11_VBF_Mqq200_v1 (2043195),0,0,1,1,1,1,1,1,1,1,1,1,1,L1_TripleJet_84_68_48_VBF OR L1_TripleJet_88_72_56_VBF OR L1_TripleJet_92_76_64_VBF OR L1_HTT280 OR L1_HTT300 OR L1_HTT320 OR L1_SingleJet170 OR L1_SingleJet180 OR L1_SingleJet200 OR L1_DoubleJetC100 OR L1_DoubleJetC112 OR L1_DoubleJetC120
HLT_QuadPFJet_BTagCSV_p016_p11_VBF_Mqq240_v1 (2043197),1,1,1,1,1,1,1,1,1,1,1,1,1,L1_TripleJet_84_68_48_VBF OR L1_TripleJet_88_72_56_VBF OR L1_TripleJet_92_76_64_VBF OR L1_HTT280 OR L1_HTT300 OR L1_HTT320 OR L1_SingleJet170 OR L1_SingleJet180 OR L1_SingleJet200 OR L1_DoubleJetC100 OR L1_DoubleJetC112 OR L1_DoubleJetC120
HLT_QuadPFJet_VBF_v4 (2043199),2500,2500,1250,900,600,350,170,120,90,60,35,17,1,L1_TripleJet_84_68_48_VBF OR L1_TripleJet_88_72_56_VBF OR L1_TripleJet_92_76_64_VBF OR L1_HTT280 OR L1_HTT300 OR L1_HTT320 OR L1_SingleJet170 OR L1_SingleJet180 OR L1_SingleJet200 OR L1_DoubleJetC100 OR L1_DoubleJetC112 OR L1_DoubleJetC120
HLT_Random_v1 (2043419),120,120,120,120,120,120,120,120,120,120,120,120,120,
HLT_Rsq0p02_MR300_TriPFJet80_60_40_BTagCSV_p063_p20_Mbb60_200_v1 (2043309),1,1,1,1,1,1,1,1,1,1,1,1,1,L1_HTT160 OR L1_HTT200 OR L1_HTT220 OR L1_HTT240 OR L1_HTT255 OR L1_HTT270 OR L1_HTT280 OR L1_HTT300 OR L1_SingleJet120 OR L1_SingleJet140 OR L1_SingleJet150 OR L1_SingleJet160 OR L1_SingleJet170 OR L1_SingleJet180 OR L1_SingleJet200 OR L1_DoubleJetC80 OR L1_DoubleJetC100 OR L1_QuadJetC40 OR L1_QuadJetC50 OR L1_QuadJetC60 OR L1_Mu6_HTT200 OR L1_Mu8_HTT150 OR L1_EG27er_HTT200 OR L1_EG25er_HTT125 OR L1_DoubleEG6_HTT255
HLT_Rsq0p02_MR300_TriPFJet80_60_40_DoubleBTagCSV_p063_Mbb60_200_v1 (2043310),1,1,1,1,1,1,1,1,1,1,1,1,1,L1_HTT160 OR L1_HTT200 OR L1_HTT220 OR L1_HTT240 OR L1_HTT255 OR L1_HTT270 OR L1_HTT280 OR L1_HTT300 OR L1_SingleJet120 OR L1_SingleJet140 OR L1_SingleJet150 OR L1_SingleJet160 OR L1_SingleJet170 OR L1_SingleJet180 OR L1_SingleJet200 OR L1_DoubleJetC80 OR L1_DoubleJetC100 OR L1_QuadJetC40 OR L1_QuadJetC50 OR L1_QuadJetC60 OR L1_Mu6_HTT200 OR L1_Mu8_HTT150 OR L1_EG27er_HTT200 OR L1_EG25er_HTT125 OR L1_DoubleEG6_HTT255
HLT_Rsq0p25_v2 (2043303),1,1,1,1,1,1,1,1,1,1,1,1,1,L1_HTT160 OR L1_HTT200 OR L1_HTT220 OR L1_HTT240 OR L1_HTT255 OR L1_HTT270 OR L1_HTT280 OR L1_HTT300 OR L1_SingleJet120 OR L1_SingleJet140 OR L1_SingleJet150 OR L1_SingleJet160 OR L1_SingleJet170 OR L1_SingleJet180 OR L1_SingleJet200 OR L1_DoubleJetC80 OR L1_DoubleJetC100 OR L1_QuadJetC40 OR L1_QuadJetC50 OR L1_QuadJetC60 OR L1_Mu6_HTT200 OR L1_Mu8_HTT150 OR L1_EG27er_HTT200 OR L1_EG25er_HTT125 OR L1_DoubleEG6_HTT255
HLT_Rsq0p30_v2 (2043304),1,1,1,1,1,1,1,1,1,1,1,1,1,L1_HTT160 OR L1_HTT200 OR L1_HTT220 OR L1_HTT240 OR L1_HTT255 OR L1_HTT270 OR L1_HTT280 OR L1_HTT300 OR L1_SingleJet120 OR L1_SingleJet140 OR L1_SingleJet150 OR L1_SingleJet160 OR L1_SingleJet170 OR L1_SingleJet180 OR L1_SingleJet200 OR L1_DoubleJetC80 OR L1_DoubleJetC100 OR L1_QuadJetC40 OR L1_QuadJetC50 OR L1_QuadJetC60 OR L1_Mu6_HTT200 OR L1_Mu8_HTT150 OR L1_EG27er_HTT200 OR L1_EG25er_HTT125 OR L1_DoubleEG6_HTT255
HLT_RsqMR240_Rsq0p09_MR200_4jet_v2 (2043306),0,0,1,1,1,1,1,1,1,1,1,1,1,L1_HTT160 OR L1_HTT200 OR L1_HTT220 OR L1_HTT240 OR L1_HTT255 OR L1_HTT270 OR L1_HTT280 OR L1_HTT300 OR L1_SingleJet120 OR L1_SingleJet140 OR L1_SingleJet150 OR L1_SingleJet160 OR L1_SingleJet170 OR L1_SingleJet180 OR L1_SingleJet200 OR L1_DoubleJetC80 OR L1_DoubleJetC100 OR L1_QuadJetC40 OR L1_QuadJetC50 OR L1_QuadJetC60 OR L1_Mu6_HTT200 OR L1_Mu8_HTT150 OR L1_EG27er_HTT200 OR L1_EG25er_HTT125 OR L1_DoubleEG6_HTT255
HLT_RsqMR240_Rsq0p09_MR200_v2 (2043305),0,0,1,1,1,1,1,1,1,1,1,1,1,L1_HTT160 OR L1_HTT200 OR L1_HTT220 OR L1_HTT240 OR L1_HTT255 OR L1_HTT270 OR L1_HTT280 OR L1_HTT300 OR L1_SingleJet120 OR L1_SingleJet140 OR L1_SingleJet150 OR L1_SingleJet160 OR L1_SingleJet170 OR L1_SingleJet180 OR L1_SingleJet200 OR L1_DoubleJetC80 OR L1_DoubleJetC100 OR L1_QuadJetC40 OR L1_QuadJetC50 OR L1_QuadJetC60 OR L1_Mu6_HTT200 OR L1_Mu8_HTT150 OR L1_EG27er_HTT200 OR L1_EG25er_HTT125 OR L1_DoubleEG6_HTT255
HLT_RsqMR270_Rsq0p09_MR200_4jet_v2 (2043308),1,1,1,1,1,1,1,1,1,1,1,1,1,L1_HTT160 OR L1_HTT200 OR L1_HTT220 OR L1_HTT240 OR L1_HTT255 OR L1_HTT270 OR L1_HTT280 OR L1_HTT300 OR L1_SingleJet120 OR L1_SingleJet140 OR L1_SingleJet150 OR L1_SingleJet160 OR L1_SingleJet170 OR L1_SingleJet180 OR L1_SingleJet200 OR L1_DoubleJetC80 OR L1_DoubleJetC100 OR L1_QuadJetC40 OR L1_QuadJetC50 OR L1_QuadJetC60 OR L1_Mu6_HTT200 OR L1_Mu8_HTT150 OR L1_EG27er_HTT200 OR L1_EG25er_HTT125 OR L1_DoubleEG6_HTT255
HLT_RsqMR270_Rsq0p09_MR200_v2 (2043307),1,1,1,1,1,1,1,1,1,1,1,1,1,L1_HTT160 OR L1_HTT200 OR L1_HTT220 OR L1_HTT240 OR L1_HTT255 OR L1_HTT270 OR L1_HTT280 OR L1_HTT300 OR L1_SingleJet120 OR L1_SingleJet140 OR L1_SingleJet150 OR L1_SingleJet160 OR L1_SingleJet170 OR L1_SingleJet180 OR L1_SingleJet200 OR L1_DoubleJetC80 OR L1_DoubleJetC100 OR L1_QuadJetC40 OR L1_QuadJetC50 OR L1_QuadJetC60 OR L1_Mu6_HTT200 OR L1_Mu8_HTT150 OR L1_EG27er_HTT200 OR L1_EG25er_HTT125 OR L1_DoubleEG6_HTT255
HLT_TkMu20_v2 (2043096),0,0,450,300,200,100,50,40,30,20,10,5,1,L1_SingleMu18
HLT_TkMu24_eta2p1_v2 (2043098),700,700,350,250,170,100,50,35,25,17,10,5,1,L1_SingleMu20er OR L1_SingleMu22
HLT_TkMu27_v2 (2043100),500,500,250,180,120,70,35,25,18,12,7,3,1,L1_SingleMu22 OR L1_SingleMu25
HLT_TripleMu_12_10_5_v2 (2043260),1,1,1,1,1,1,1,1,1,1,1,1,1,L1_TripleMu0 OR L1_TripleMu_5_5_3
HLT_TrkMu15_DoubleTrkMu5NoFiltersNoVtx_v2 (2043366),1,1,1,1,1,1,1,1,1,1,1,1,1,L1_DoubleMu_11_4 OR L1_DoubleMu_12_5
HLT_TrkMu17_DoubleTrkMu8NoFiltersNoVtx_v2 (2043367),1,1,1,1,1,1,1,1,1,1,1,1,1,L1_DoubleMu_11_4 OR L1_DoubleMu_12_5
HLT_VBF_DisplacedJet40_DisplacedTrack_2TrackIP2DSig5_v2 (2043323),1,1,1,1,1,1,1,1,1,1,1,1,1,L1_TripleJet_84_68_48_VBF OR L1_TripleJet_88_72_56_VBF OR L1_TripleJet_92_76_64_VBF OR L1_HTT300
HLT_VBF_DisplacedJet40_DisplacedTrack_v2 (2043322),0,1,1,1,1,1,1,1,1,1,1,1,1,L1_TripleJet_84_68_48_VBF OR L1_TripleJet_88_72_56_VBF OR L1_TripleJet_92_76_64_VBF OR L1_HTT300
HLT_VBF_DisplacedJet40_Hadronic_2PromptTrack_v2 (2043326),1,1,1,1,1,1,1,1,1,1,1,1,1,L1_TripleJet_84_68_48_VBF OR L1_TripleJet_88_72_56_VBF OR L1_TripleJet_92_76_64_VBF OR L1_HTT300
HLT_VBF_DisplacedJet40_Hadronic_v2 (2043325),0,1,1,1,1,1,1,1,1,1,1,1,1,L1_TripleJet_84_68_48_VBF OR L1_TripleJet_88_72_56_VBF OR L1_TripleJet_92_76_64_VBF OR L1_HTT300
HLT_VBF_DisplacedJet40_TightID_DisplacedTrack_v2 (2043324),0,0,1,1,1,1,1,1,1,1,1,1,1,L1_TripleJet_84_68_48_VBF OR L1_TripleJet_88_72_56_VBF OR L1_TripleJet_92_76_64_VBF OR L1_HTT300
HLT_VBF_DisplacedJet40_TightID_Hadronic_v2 (2043327),0,0,1,1,1,1,1,1,1,1,1,1,1,L1_TripleJet_84_68_48_VBF OR L1_TripleJet_88_72_56_VBF OR L1_TripleJet_92_76_64_VBF OR L1_HTT300
HLT_VBF_DisplacedJet40_VTightID_DisplacedTrack_v2 (2043330),0,1,0,0,0,0,0,0,0,0,0,0,1,L1_TripleJet_84_68_48_VBF OR L1_TripleJet_88_72_56_VBF OR L1_TripleJet_92_76_64_VBF OR L1_HTT300
HLT_VBF_DisplacedJet40_VTightID_Hadronic_v2 (2043328),0,1,0,0,0,0,0,0,0,0,0,0,1,L1_TripleJet_84_68_48_VBF OR L1_TripleJet_88_72_56_VBF OR L1_TripleJet_92_76_64_VBF OR L1_HTT300
HLT_VBF_DisplacedJet40_VVTightID_DisplacedTrack_v2 (2043331),0,1,0,0,0,0,0,0,0,0,0,0,1,L1_TripleJet_84_68_48_VBF OR L1_TripleJet_88_72_56_VBF OR L1_TripleJet_92_76_64_VBF OR L1_HTT300
HLT_VBF_DisplacedJet40_VVTightID_Hadronic_v2 (2043329),0,1,0,0,0,0,0,0,0,0,0,0,1,L1_TripleJet_84_68_48_VBF OR L1_TripleJet_88_72_56_VBF OR L1_TripleJet_92_76_64_VBF OR L1_HTT300