Prescale	Path	Group	Total			HLTPhysics1			HLTPhysics2			HLTPhysics3			HLTPhysics4		
	Total HLT rate		426.81	±	1.05	106.97	±	0.53	106.42	±	0.53	106.95	±	0.53	106.48	±	0.53
1	HLT_Ele23_WPLoose_Gsf_v3	SMP,TOP	74.88	±	0.44	18.53	±	0.22	19.01	±	0.22	18.78	±	0.22	18.55	±	0.22
1	HLT_Ele27_WPLoose_Gsf_v1	TOP	50.05	±	0.36	12.34	±	0.18	12.74	±	0.18	12.60	±	0.18	12.36	±	0.18
1	HLT_DoubleMu3_Mass10_v1	PPD,EXO	45.42	±	0.34	11.37	±	0.17	11.41	±	0.17	11.23	±	0.17	11.41	±	0.17
1	HLT_Ele22_eta2p1_WPLoose_Gsf_v3	Egamma	44.86	±	0.34	11.11	±	0.17	11.40	±	0.17	11.28	±	0.17	11.07	±	0.17
1	HLT_Ele27_eta2p1_WPLoose_Gsf_v2	Egamma,HIG,SMP	30.94	±	0.28	7.57	±	0.14	7.91	±	0.14	7.84	±	0.14	7.62	±	0.14
1	HLT_Ele22_eta2p1_WPTight_Gsf_v3	HIG,TAU	29.50	±	0.28	7.19	±	0.14	7.64	±	0.14	7.39	±	0.14	7.27	±	0.14
1	HLT_IsoMu18_v2	SMP,TOP,Muons	26.69	±	0.26	6.87	±	0.13	6.57	±	0.13	6.50	±	0.13	6.76	±	0.13
1	HLT_IsoTkMu18_v2	SMP,Muons	24.33	±	0.25	6.31	±	0.13	5.93	±	0.12	5.90	±	0.12	6.18	±	0.13
11	HLT_Ele17_CaloIdL_TrackIdL_IsoVL_v2	HIG	21.64	±	0.24	5.58	±	0.12	5.32	±	0.12	5.35	±	0.12	5.39	±	0.12
1	HLT_IsoMu20_v3	SMP,TOP,Muons	21.51	±	0.24	5.49	±	0.12	5.31	±	0.12	5.18	±	0.12	5.53	±	0.12
1	HLT_OldIsoMu18_v1	SMP,TOP	21.46	±	0.24	5.55	±	0.12	5.30	±	0.12	5.15	±	0.12	5.46	±	0.12
1	HLT_Ele27_eta2p1_WPTight_Gsf_v2	Egamma	20.79	±	0.23	5.03	±	0.11	5.43	±	0.12	5.25	±	0.12	5.07	±	0.11
1	HLT_OldIsoTkMu18_v2	SMP,TOP	19.93	±	0.23	5.18	±	0.12	4.86	±	0.11	4.80	±	0.11	5.09	±	0.11
1	HLT_IsoTkMu20_v4	SMP,TOP	19.75	±	0.23	5.07	±	0.11	4.82	±	0.11	4.77	±	0.11	5.10	±	0.12
1	HLT_IsoMu22_v2	TOP	17.90	±	0.22	4.60	±	0.11	4.40	±	0.11	4.28	±	0.11	4.62	±	0.11
1	HLT_Mu17_v2	Muons	17.63	±	0.21	4.37	±	0.11	4.43	±	0.11	4.37	±	0.11	4.45	±	0.11
1	HLT_BTagMu_DiJet70_Mu5_v2	BTV	16.73	±	0.21	4.12	±	0.10	4.20	±	0.10	4.01	±	0.10	4.39	±	0.11
1	HLT_IsoTkMu22_v2	SMP,Muons	16.68	±	0.21	4.31	±	0.11	4.07	±	0.10	3.99	±	0.10	4.31	±	0.11
1	HLT_HT550to650_v1	EXO,PPD	16.02	±	0.20	4.07	±	0.10	4.10	±	0.10	3.97	±	0.10	3.88	±	0.10
1	HLT_HT500to550_v1	EXO,PPD	15.01	±	0.20	3.95	±	0.10	3.72	±	0.10	3.78	±	0.10	3.56	±	0.10
1	HLT_HT650_v2	EXO,PPD	14.06	±	0.19	3.58	±	0.10	3.44	±	0.09	3.39	±	0.09	3.66	±	0.10
1	HLT_HT470to500_v1	EXO,PPD	13.78	±	0.19	3.54	±	0.10	3.50	±	0.10	3.36	±	0.09	3.38	±	0.09
1	HLT_Ele32_eta2p1_WPTight_Gsf_v2	HIG,Egamma	12.88	±	0.18	3.06	±	0.09	3.33	±	0.09	3.30	±	0.09	3.19	±	0.09
1	HLT_IsoMu27_v3	SMP,HIG	12.59	±	0.18	3.26	±	0.09	3.06	±	0.09	3.04	±	0.09	3.23	±	0.09
1	HLT_IsoTkMu27_v3	SMP,HIG	12.00	±	0.18	3.11	±	0.09	2.91	±	0.09	2.91	±	0.09	3.06	±	0.09
1	HLT_Dimuon10_Jpsi_Barrel_v2	BPH	11.84	±	0.18	2.93	±	0.09	2.89	±	0.09	3.00	±	0.09	3.02	±	0.09
1	HLT_HT450to470_v1	EXO,PPD	11.60	±	0.17	2.92	±	0.09	2.91	±	0.09	2.95	±	0.09	2.83	±	0.09
1	HLT_Mu17_TrkIsoVVL_v2	SUSY,HIG,Muons	10.32	±	0.16	2.59	±	0.08	2.59	±	0.08	2.55	±	0.08	2.59	±	0.08
1	HLT_Ele30WP60_SC4_Mass55_v3	Egamma	9.50	±	0.16	2.25	±	0.08	2.41	±	0.08	2.50	±	0.08	2.35	±	0.08
1	HLT_BTagMu_DiJet20_Mu5_v2	BTV	8.56	±	0.15	2.18	±	0.08	2.12	±	0.07	2.07	±	0.07	2.20	±	0.08
1	HLT_AK8DiPFJet250_200_TrimMass30_BTagCSV0p45_v2	B2G	8.29	±	0.15	2.12	±	0.07	2.12	±	0.07	2.00	±	0.07	2.05	±	0.07
1	HLT_Rsq0p02_MR300_TriPFJet80_60_40_DoublePFBTagCSV0p7_0p4_Mbb60_200_v1	SUSY	7.34	±	0.14	1.82	±	0.07	1.72	±	0.07	1.92	±	0.07	1.88	±	0.07
1	HLT_DoubleMu4_LowMassNonResonantTrk_Displaced_v2	BPH	7.02	±	0.14	1.78	±	0.07	1.78	±	0.07	1.79	±	0.07	1.66	±	0.07
1	HLT_Photon36_R9Id90_HE10_Iso40_EBOnly_PFMET40_v3	HIG	6.18	±	0.13	1.47	±	0.06	1.50	±	0.06	1.60	±	0.06	1.61	±	0.06
1	HLT_Mu45_eta2p1_v2	EXO,B2G	5.83	±	0.12	1.43	±	0.06	1.42071687	±	0.06074546685	1.444092467	±	0.0612431622	1.529802991	±	0.06303443412
1	HLT_AK8DiPFJet280_200_TrimMass30_BTagCSV0p45_v3	B2G	5.80	±	0.12	1.53	±	0.06	1.425911447	±	0.06085641757	1.42071687	±	0.06074546685	1.423314158	±	0.06080096752
1	HLT_DoubleMediumIsoPFTau35_Trk1_eta2p1_Reg_v2	TAU,HIG	5.68	±	0.12	1.48	±	0.06	1.431106024	±	0.06096716637	1.36357652	±	0.05951135828	1.410327715	±	0.06052295524
1	HLT_Ele23_WPLoose_Gsf_CentralPFJet30_BTagCSV07_v2	TOP	5.48	±	0.12	1.37	±	0.06	1.54	±	0.06	1.26	±	0.06	1.31	±	0.06
1	HLT_DoubleMu4_3_Jpsi_Displaced_v2	BPH	5.47	±	0.12	1.29	±	0.06	1.41	±	0.06	1.39	±	0.06	1.38	±	0.06
1	HLT_QuadPFJet_DoubleBTagCSV_VBF_Mqq200_v4	HIG	5.26	±	0.12	1.36	±	0.06	1.29	±	0.06	1.33	±	0.06	1.28	±	0.06
1	HLT_PFHT800_v2	SUSY	5.20	±	0.12	1.35	±	0.06	1.25	±	0.06	1.21	±	0.06	1.40	±	0.06
20	HLT_Mu20_v2	SMP,Muons	4.92	±	0.11	1.30	±	0.06	1.20	±	0.06	1.24	±	0.06	1.18	±	0.06
1	HLT_AK8PFHT600_TrimR0p1PT0p03Mass50_BTagCSV0p45_v2	B2G	4.90	±	0.11	1.27	±	0.06	1.20	±	0.06	1.25	±	0.06	1.17	±	0.06
1	HLT_Ele27_WPLoose_Gsf_CentralPFJet30_BTagCSV07_v1	TOP	4.88	±	0.11	1.20	±	0.06	1.35	±	0.06	1.11	±	0.05	1.21	±	0.06
1	HLT_AK8PFHT650_TrimR0p1PT0p03Mass50_v2	B2G	4.83	±	0.11	1.25	±	0.06	1.18	±	0.06	1.19	±	0.06	1.21	±	0.06
1	HLT_PFMET170_v2	SUSY,EXO,B2G	4.71	±	0.11	1.13	±	0.05	1.223322935	±	0.05636774544	1.166182586	±	0.05503555893	1.189558183	±	0.05558440357
1	HLT_DoubleMediumIsoPFTau40_Trk1_eta2p1_Reg_v4	TAU,HIG	4.70	±	0.11	1.25	±	0.06	1.18	±	0.06	1.11	±	0.05	1.17	±	0.06
1	HLT_PFMET170_HBHECleaned_v2	SUSY,EXO,B2G	4.65	±	0.11	1.12	±	0.05	1.215531069	±	0.05618794356	1.142806988	±	0.0544811855	1.171377163	±	0.05515799637
1	HLT_PFHT200_DiPFJetAve90_PFAlphaT0p57_v2	SUSY	4.48	±	0.11	1.10	±	0.05	1.07	±	0.05	1.23	±	0.06	1.08	±	0.05
1	HLT_BTagMu_DiJet110_Mu5_v2	BTV	4.38	±	0.11	1.08	±	0.05	1.12	±	0.05	1.01	±	0.05	1.17	±	0.06
1	HLT_Ele22_eta2p1_WPLoose_Gsf_LooseIsoPFTau20_SingleL1_v2	TAU,HIG	4.36	±	0.11	1.12	±	0.05	1.05	±	0.05	1.04	±	0.05	1.15	±	0.05
1	HLT_PFMETNoMu90_PFMHTNoMu90_IDTight_v1	EXO	4.36	±	0.11	1.01	±	0.05	1.15	±	0.05	1.11	±	0.05	1.09	±	0.05
1	HLT_PFMETNoMu90_JetIdCleaned_PFMHTNoMu90_IDTight_v3	EXO	4.36	±	0.11	1.00	±	0.05	1.15	±	0.05	1.11	±	0.05	1.09	±	0.05
1	HLT_PFMET90_PFMHT90_IDTight_v2	HIG	4.34	±	0.11	1.02	±	0.05	1.10	±	0.05	1.12	±	0.05	1.10	±	0.05
1	HLT_Ele15_IsoVVVL_PFHT350_v2	SUSY	4.31	±	0.11	0.99	±	0.05	1.09	±	0.05	1.10	±	0.05	1.13	±	0.05
1	HLT_Ele30WP60_Ele8_Mass55_v2	HIG	4.31	±	0.11	1.03	±	0.05	1.09	±	0.05	1.13	±	0.05	1.06	±	0.05
1	HLT_DoubleMu4_JpsiTrk_Displaced_v2	BPH	4.15	±	0.10	0.99	±	0.05	1.03	±	0.05	1.06	±	0.05	1.07	±	0.05
1	HLT_MonoCentralPFJet80_PFMETNoMu90_PFMHTNoMu90_IDTight_v1	EXO	4.09	±	0.10	0.94	±	0.05	1.07	±	0.05	1.04	±	0.05	1.04	±	0.05
1	HLT_MonoCentralPFJet80_PFMETNoMu90_JetIdCleaned_PFMHTNoMu90_IDTight_v3	EXO	4.09	±	0.10	0.94	±	0.05	1.07	±	0.05	1.04	±	0.05	1.04	±	0.05
8	HLT_PFJet260_v4	JME,SMP,BTV	4.09	±	0.10	1.06	±	0.05	0.92	±	0.05	1.03	±	0.05	1.08	±	0.05
1	HLT_BTagMu_DiJet40_Mu5_v2	BTV	3.87	±	0.10	1.00	±	0.05	0.94	±	0.05	0.94	±	0.05	1.01	±	0.05
1	HLT_Dimuon0_Phi_Barrel_v2	BPH	3.80	±	0.10	0.91	±	0.05	0.88	±	0.05	1.02	±	0.05	0.98	±	0.05
1	HLT_Rsq0p02_MR300_TriPFJet80_60_40_DoublePFBTagCSV0p7_Mbb60_200_v1	SUSY	3.76	±	0.10	0.93	±	0.05	0.91	±	0.05	0.95	±	0.05	0.97	±	0.05
1	HLT_Mu50_v2	EXO,B2G	3.71	±	0.10	0.88	±	0.05	0.94	±	0.05	0.91	±	0.05	0.98	±	0.05
1	HLT_AK8PFHT700_TrimR0p1PT0p03Mass50_v3	B2G	3.71	±	0.10	0.94	±	0.05	0.8882727046	±	0.04803228683	0.9246347451	±	0.04900554348	0.9532049198	±	0.04975689179
1400	HLT_L1_TripleJet_VBF_v4	HIG	3.71	±	0.10	0.92	±	0.05	0.92	±	0.05	0.93	±	0.05	0.93	±	0.05
1	HLT_Dimuon16_Jpsi_v2	BPH	3.69	±	0.10	0.93	±	0.05	0.90	±	0.05	0.91	±	0.05	0.95	±	0.05
1	HLT_MET200_v1	EXO	3.65	±	0.10	0.92	±	0.05	0.91	±	0.05	0.90	±	0.05	0.93	±	0.05
200	HLT_L2Mu10_v1	Muons	3.60	±	0.10	0.92	±	0.05	0.89	±	0.05	0.89	±	0.05	0.90	±	0.05
1	HLT_Photon36_R9Id85_OR_CaloId24b40e_Iso50T80L_Photon22_AND_HE10_R9Id65_Eta2_Mass15_v2	EXO	3.48	±	0.10	0.81	±	0.05	0.93	±	0.05	0.83	±	0.05	0.91	±	0.05
6	HLT_PFHT600_v3	SUSY,EXO	3.38	±	0.09	0.85	±	0.05	0.80	±	0.05	0.81	±	0.05	0.91	±	0.05
1	HLT_PFHT750_4JetPt50_v3	SUSY	3.36	±	0.09	0.84	±	0.05	0.81	±	0.05	0.81	±	0.05	0.91	±	0.05
1	HLT_Ele35_CaloIdVT_GsfTrkIdT_PFJet150_PFJet50_v1	B2G	3.35	±	0.09	0.83	±	0.05	0.84	±	0.05	0.81	±	0.05	0.86	±	0.05
1	HLT_Ele27_eta2p1_WPLoose_Gsf_LooseIsoPFTau20_v3	HIG,TAU	3.34	±	0.09	0.86	±	0.05	0.83	±	0.05	0.76	±	0.04	0.89	±	0.05
1	HLT_Ele23_Ele12_CaloIdL_TrackIdL_IsoVL_v3	HIG,TOP,SMP	3.29	±	0.09	0.86	±	0.05	0.77	±	0.04	0.78	±	0.04	0.89	±	0.05
1	HLT_Diphoton30EB_18EB_R9Id_OR_IsoCaloId_AND_HE_R9Id_DoublePixelVeto_Mass55_v1	HIG,SMP	3.08	±	0.09	0.75	±	0.04	0.86	±	0.05	0.73	±	0.04	0.74	±	0.04
1	HLT_Diphoton30_18_R9Id_OR_IsoCaloId_AND_HE_R9Id_Mass95_v1	HIG	3.07	±	0.09	0.80	±	0.05	0.69	±	0.04	0.74	±	0.04	0.84	±	0.05
1	HLT_LooseIsoPFTau50_Trk30_eta2p1_MET80_v1	TAU,HIG	3.05	±	0.09	0.70	±	0.04	0.77	±	0.04	0.82	±	0.05	0.76	±	0.04
1	HLT_RsqMR240_Rsq0p09_MR200_v2	SUSY	3.01	±	0.09	0.74	±	0.04	0.77	±	0.04	0.78	±	0.04	0.72	±	0.04
1	HLT_Dimuon8_Upsilon_Barrel_v2	BPH	3.00	±	0.09	0.70	±	0.04	0.77	±	0.04	0.75	±	0.04	0.78	±	0.04
1	HLT_Ele105_CaloIdVT_GsfTrkIdT_v3	EXO,B2G	2.95	±	0.09	0.69	±	0.04	0.75	±	0.04	0.68	±	0.04	0.83	±	0.05
1	HLT_Photon36_R9Id90_HE10_Iso40_EBOnly_VBF_v2	HIG	2.93	±	0.09	0.73	±	0.04	0.71	±	0.04	0.72	±	0.04	0.77	±	0.04
1	HLT_VBF_DisplacedJet40_Hadronic_2PromptTrack_v2	EXO	2.92	±	0.09	0.73	±	0.04	0.74	±	0.04	0.69	±	0.04	0.76	±	0.04
5	HLT_PFHT650_v3	SUSY,EXO	2.92	±	0.09	0.79	±	0.05	0.72	±	0.04	0.66	±	0.04	0.75	±	0.04
4	HLT_PFJet320_v4	SMP,BTV	2.83	±	0.09	0.72	±	0.04	0.6311411322	±	0.04048772251	0.7090597905	±	0.04291425075	0.7713947171	±	0.04476086139
1	HLT_Mu27_TkMu8_v2	EXO,B2G	2.79	±	0.09	0.75	±	0.04	0.70	±	0.04	0.68	±	0.04	0.67	±	0.04
2	HLT_Mu12_Photon25_CaloIdL_L1OR_v3	HIG	2.76	±	0.08	0.66	±	0.04	0.6752950386	±	0.04188002044	0.7402272538	±	0.04384727831	0.6830869044	±	0.04212094297
1	HLT_Diphoton30PV_18PV_R9Id_AND_IsoCaloId_AND_HE_R9Id_DoublePixelVeto_Mass55_v1	HIG,SMP	2.72	±	0.08	0.65	±	0.04	0.66	±	0.04	0.67	±	0.04	0.74	±	0.04
1	HLT_Ele22_eta2p1_WPLoose_Gsf_LooseIsoPFTau20_v3	HIG,TAU	2.70	±	0.08	0.67	±	0.04	0.66	±	0.04	0.63	±	0.04	0.74	±	0.04
1	HLT_Diphoton30_18_Solid_R9Id_AND_IsoCaloId_AND_HE_R9Id_Mass55_v1	HIG,SMP	2.65	±	0.08	0.69	±	0.04	0.64	±	0.04	0.63	±	0.04	0.69	±	0.04
125	HLT_Ele12_CaloIdL_TrackIdL_IsoVL_v3	HIG	2.60	±	0.08	0.60	±	0.04	0.66	±	0.04	0.71	±	0.04	0.63	±	0.04
1	HLT_PFMET100_PFMHT100_IDTight_v2	HIG	2.60	±	0.08	0.59	±	0.04	0.70	±	0.04	0.65	±	0.04	0.66	±	0.04
1	HLT_Mu55_v1	EXO	2.53	±	0.08	0.60	±	0.04	0.63	±	0.04	0.61	±	0.04	0.68	±	0.04
1	HLT_PFHT450_SixJet40_v3	HIG	2.47	±	0.08	0.67	±	0.04	0.6363357094	±	0.04065399722	0.5714034942	±	0.03852401572	0.5947790916	±	0.03930410869
2	HLT_Ele17_Ele12_CaloIdL_TrackIdL_IsoVL_v3	HIG,SMP	2.40	±	0.08	0.64	±	0.04	0.56	±	0.04	0.57	±	0.04	0.63	±	0.04
1	HLT_Ele27_eta2p1_WPLoose_Gsf_HT200_v2	HIG	2.38	±	0.08	0.54	±	0.04	0.63	±	0.04	0.58	±	0.04	0.63	±	0.04
1	HLT_IsoMu16_eta2p1_MET30_v1	TAU,HIG	2.31	±	0.08	0.57	±	0.04	0.54	±	0.04	0.63	±	0.04	0.57	±	0.04
1	HLT_AK8PFJet360_TrimMass30_v3	B2G	2.27	±	0.08	0.64	±	0.04	0.50	±	0.04	0.54	±	0.04	0.58	±	0.04
1	HLT_QuadPFJet_DoubleBTagCSV_VBF_Mqq240_v4	HIG	2.26	±	0.08	0.5480278967	±	0.0377277963	0.5765980714	±	0.0386987287	0.592181803	±	0.03921819797	0.5428333195	±	0.03754856585
1	HLT_Ele17_Ele12_CaloIdL_TrackIdL_IsoVL_DZ_v3	HIG,SMP	2.24	±	0.08	0.58	±	0.04	0.52	±	0.04	0.53	±	0.04	0.61	±	0.04
1	HLT_Mu16_TkMu0_dEta18_Onia_v2	BPH,SMP	2.22	±	0.08	0.57	±	0.04	0.55	±	0.04	0.57	±	0.04	0.52	±	0.04
1	HLT_Photon165_HE10_v3	SMP,SUSY	2.16	±	0.07	0.52	±	0.04	0.50	±	0.04	0.56	±	0.04	0.58	±	0.04
1	HLT_Photon90_CaloIdL_PFHT500_v3	SUSY,EXO	2.14	±	0.07	0.51	±	0.04	0.49	±	0.04	0.52	±	0.04	0.62	±	0.04
1	HLT_MET250_v1	Hotline	2.09	±	0.07	0.52	±	0.04	0.52	±	0.04	0.53	±	0.04	0.51	±	0.04
1	HLT_Mu30_TkMu11_v2	EXO,B2G	2.09	±	0.07	0.56	±	0.04	0.51	±	0.04	0.49	±	0.04	0.52	±	0.04
1	HLT_PFJet450_v4	SMP,B2G,BTV	2.08	±	0.07	0.57	±	0.04	0.46	±	0.03	0.51	±	0.04	0.54	±	0.04
1	HLT_DoubleEle33_CaloIdL_GsfTrkIdVL_v3	EXO	2.07	±	0.07	0.56	±	0.04	0.50	±	0.04	0.49	±	0.04	0.51	±	0.04
1	HLT_Ele115_CaloIdVT_GsfTrkIdT_v2	EXO	2.05	±	0.07	0.49	±	0.04	0.5220550106	±	0.03682292129	0.4649146612	±	0.03474935329	0.57919536	±	0.03878579007
1	HLT_Photon42_R9Id85_OR_CaloId24b40e_Iso50T80L_Photon25_AND_HE10_R9Id65_Eta2_Mass15_v2	EXO	2.03	±	0.07	0.50	±	0.04	0.50	±	0.04	0.48	±	0.04	0.55	±	0.04
1	HLT_HT400_DisplacedDijet40_Inclusive_v2	EXO	2.01	±	0.07	0.52	±	0.04	0.51	±	0.04	0.48	±	0.04	0.50	±	0.04
1	HLT_Photon175_v3	SMP,EXO	1.99	±	0.07	0.47	±	0.03	0.46	±	0.03	0.51	±	0.04	0.54	±	0.04
1	HLT_PFHT200_DiPFJetAve90_PFAlphaT0p63_v2	SUSY	1.98	±	0.07	0.51	±	0.04	0.47	±	0.04	0.50	±	0.04	0.50	±	0.04
1	HLT_DiPFJetAve400_v2	JME	1.96	±	0.07	0.53	±	0.04	0.45	±	0.03	0.48	±	0.04	0.51	±	0.04
1	HLT_Photon50_R9Id90_HE10_Iso40_EBOnly_PFMET40_v3	HIG	1.94	±	0.07	0.49	±	0.04	0.44	±	0.03	0.47	±	0.03	0.54	±	0.04
1	HLT_PFMET110_PFMHT110_IDTight_v2	HIG	1.93	±	0.07	0.44	±	0.03	0.53	±	0.04	0.45	±	0.03	0.51	±	0.04
1	HLT_Dimuon20_Jpsi_v2	BPH	1.88	±	0.07	0.45	±	0.03	0.49	±	0.04	0.48	±	0.04	0.46	±	0.03
1	HLT_Mu8_TrkIsoVVL_Ele17_CaloIdL_TrackIdL_IsoVL_v3	HIG,SMP	1.87	±	0.07	0.48	±	0.04	0.49	±	0.04	0.48	±	0.04	0.42	±	0.03
1	HLT_Ele23_Ele12_CaloIdL_TrackIdL_IsoVL_DZ_v3	HIG,TOP,SMP,B2G	1.86	±	0.07	0.48	±	0.04	0.45	±	0.03	0.43	±	0.03	0.50	±	0.04
1	HLT_VBF_DisplacedJet40_Hadronic_v2	EXO	1.86	±	0.07	0.50	±	0.04	0.43	±	0.03	0.43	±	0.03	0.50	±	0.04
2	HLT_PFJet400_v4	SMP,B2G,BTV	1.83	±	0.07	0.50	±	0.04	0.44	±	0.03	0.42	±	0.03	0.47	±	0.04
4	HLT_Photon75_R9Id90_HE10_IsoM_v3	SMP,SUSY	1.81	±	0.07	0.42	±	0.03	0.50	±	0.04	0.42	±	0.03	0.47	±	0.04
1	HLT_PFHT250_DiPFJetAve90_PFAlphaT0p55_v2	SUSY	1.81	±	0.07	0.46	±	0.03	0.42	±	0.03	0.49	±	0.04	0.44	±	0.03
1	HLT_DoubleMu4_3_Bs_v2	BPH	1.81	±	0.07	0.46	±	0.03	0.42	±	0.03	0.46	±	0.03	0.46	±	0.03
1	HLT_Mu17_TrkIsoVVL_Mu8_TrkIsoVVL_DZ_v2	TOP,HIG,SMP,B2G	1.80	±	0.07	0.48	±	0.04	0.47	±	0.04	0.41	±	0.03	0.44	±	0.03
1	HLT_CaloJet500_NoJetID_v2	EXO	1.78	±	0.07	0.47	±	0.03	0.41	±	0.03	0.46	±	0.03	0.45	±	0.03
2	HLT_Photon90_R9Id90_HE10_IsoM_v3	SMP,SUSY	1.77	±	0.07	0.43	±	0.03	0.44	±	0.03	0.45	±	0.03	0.45	±	0.03
1	HLT_PFMETNoMu120_JetIdCleaned_PFMHTNoMu120_IDTight_v2	EXO	1.73	±	0.07	0.39	±	0.03	0.45	±	0.03	0.41	±	0.03	0.48	±	0.04
1	HLT_PFMETNoMu120_PFMHTNoMu120_IDTight_v1	EXO	1.73	±	0.07	0.39	±	0.03	0.45	±	0.03	0.41	±	0.03	0.48	±	0.04
35	HLT_DiPFJetAve200_v2	JME	1.73	±	0.07	0.41	±	0.03	0.45	±	0.03	0.45	±	0.03	0.42	±	0.03
1	HLT_PFHT650_WideJetMJJ900DEtaJJ1p5_v3	EXO	1.72	±	0.07	0.47	±	0.04	0.43	±	0.03	0.43	±	0.03	0.38	±	0.03
6	HLT_DiPFJetAve160_HFJEC_v3	JME	1.72	±	0.07	0.44	±	0.03	0.38	±	0.03	0.43	±	0.03	0.46	±	0.03
1	HLT_Mu17_TrkIsoVVL_TkMu8_TrkIsoVVL_DZ_v2	TOP,HIG,SMP,B2G	1.70	±	0.07	0.44	±	0.03	0.47	±	0.03	0.38	±	0.03	0.41	±	0.03
1	HLT_PFMET170_JetIdCleaned_v2	SUSY,EXO,B2G	1.70	±	0.07	0.42	±	0.03	0.45	±	0.03	0.41	±	0.03	0.42	±	0.03
1	HLT_MonoCentralPFJet80_PFMETNoMu120_JetIdCleaned_PFMHTNoMu120_IDTight_v2	EXO	1.69	±	0.07	0.38	±	0.03	0.44	±	0.03	0.41	±	0.03	0.47	±	0.03
1	HLT_MonoCentralPFJet80_PFMETNoMu120_PFMHTNoMu120_IDTight_v1	EXO	1.69	±	0.07	0.38	±	0.03	0.44	±	0.03	0.41	±	0.03	0.47	±	0.03
1	HLT_Mu17_Photon22_CaloIdL_L1ISO_v1	HIG	1.68	±	0.07	0.39	±	0.03	0.4545255067	±	0.03435889872	0.3973851573	±	0.03212668584	0.4363444864	±	0.033664708
20	HLT_Photon50_R9Id90_HE10_IsoM_v3	SMP,SUSY	1.66	±	0.07	0.45	±	0.03	0.42	±	0.03	0.38	±	0.03	0.41	±	0.03
1	HLT_PFMET170_NoiseCleaned_v3	SUSY,EXO,B2G	1.66	±	0.07	0.42	±	0.03	0.44	±	0.03	0.40	±	0.03	0.41	±	0.03
1	HLT_IsoMu18_CentralPFJet30_BTagCSV07_v2	TOP	1.64	±	0.07	0.40	±	0.03	0.45	±	0.03	0.41	±	0.03	0.38	±	0.03
1	HLT_Dimuon8_PsiPrime_Barrel_v2	BPH	1.63	±	0.06	0.42	±	0.03	0.3818014256	±	0.03149045084	0.4545255067	±	0.03435889872	0.3740095598	±	0.03116746332
1	HLT_Mu30_eta2p1_PFJet150_PFJet50_v1	B2G	1.60	±	0.06	0.41	±	0.03	0.36	±	0.03	0.37	±	0.03	0.46	±	0.03
1	HLT_QuadPFJet_SingleBTagCSV_VBF_Mqq460_v4	HIG	1.59	±	0.06	0.41	±	0.03	0.43	±	0.03	0.35	±	0.03	0.40	±	0.03
14	HLT_Dimuon0er16_Jpsi_NoOS_NoVertexing_v2	BPH	1.59	±	0.06	0.46	±	0.03	0.37	±	0.03	0.41	±	0.03	0.36	±	0.03
1	HLT_IsoMu17_eta2p1_LooseIsoPFTau20_SingleL1_v4	TAU,HIG	1.59	±	0.06	0.38	±	0.03	0.3843987143	±	0.03159737967	0.412968889	±	0.03275056322	0.4051770231	±	0.03244012434
1	HLT_DoubleJetsC100_DoubleBTagCSV0p9_DoublePFJetsC100MaxDeta1p6_v2	SUSY	1.58	±	0.06	0.39	±	0.03	0.37	±	0.03	0.43	±	0.03	0.40	±	0.03
1	HLT_DiPFJet40_DEta3p5_MJJ600_PFMETNoMu80_v1	HIG	1.55	±	0.06	0.33	±	0.03	0.42	±	0.03	0.41	±	0.03	0.39	±	0.03
1	HLT_PFHT350_PFMET100_v1	SUSY,EXO	1.51	±	0.06	0.34	±	0.03	0.41	±	0.03	0.36	±	0.03	0.40	±	0.03
4	HLT_DiPFJetAve320_v2	JME	1.50	±	0.06	0.41	±	0.03	0.32	±	0.03	0.34	±	0.03	0.43	±	0.03
4	HLT_LooseIsoPFTau50_Trk30_eta2p1_v3	TAU,HIG	1.49	±	0.06	0.34	±	0.03	0.3973851573	±	0.03212668584	0.3895932915	±	0.03181015904	0.366217694	±	0.03084109345
14	HLT_Dimuon0er16_Jpsi_NoVertexing_v2	BPH	1.44	±	0.06	0.36	±	0.03	0.3532312509	±	0.03028932988	0.4077743117	±	0.032543933	0.319466499	±	0.02880532414
1	HLT_PFMET120_PFMHT120_IDTight_v2	HIG	1.42	±	0.06	0.34	±	0.03	0.3714122712	±	0.03105905442	0.3142719218	±	0.02857017471	0.3921905801	±	0.03191601677
1	HLT_Ele23_WPLoose_Gsf_WHbbBoost_v2	HIG	1.39	±	0.06	0.31	±	0.03	0.34	±	0.03	0.35	±	0.03	0.39	±	0.03
1	HLT_PFHT400_SixJet30_BTagCSV0p55_2PFBTagCSV0p72_v3	HIG	1.35	±	0.06	0.35	±	0.03	0.36	±	0.03	0.36	±	0.03	0.27	±	0.03
1	HLT_DiPFJetAve60_v2	JME	1.34	±	0.06	0.30	±	0.03	0.3402448079	±	0.02972732689	0.3740095598	±	0.03116746332	0.3272583648	±	0.02915449234
1	HLT_Ele23_WPLoose_Gsf_TriCentralPFJet50_40_30_v2	TOP	1.34	±	0.06	0.32	±	0.03	0.35	±	0.03	0.34	±	0.03	0.34	±	0.03
1	HLT_PFHT650_WideJetMJJ950DEtaJJ1p5_v3	EXO	1.32	±	0.06	0.37	±	0.03	0.319466499	±	0.02880532414	0.3402448079	±	0.02972732689	0.2986881901	±	0.02785281735
1	HLT_Mu40_TkMu11_v2	EXO	1.31	±	0.06	0.31	±	0.03	0.35	±	0.03	0.32	±	0.03	0.33	±	0.03
1	HLT_Mu15_IsoVVVL_PFHT350_v2	SUSY	1.29	±	0.06	0.32	±	0.03	0.34	±	0.03	0.32	±	0.03	0.31	±	0.03
1	HLT_MET300_v1	Hotline	1.29	±	0.06	0.34	±	0.03	0.29	±	0.03	0.34	±	0.03	0.32	±	0.03
1	HLT_DiPFJetAve220_HFJEC_v3	JME	1.27	±	0.06	0.35	±	0.03	0.31	±	0.03	0.30	±	0.03	0.31	±	0.03
400	HLT_Ele23_CaloIdL_TrackIdL_IsoVL_v3	HIG	1.25	±	0.06	0.32	±	0.03	0.32	±	0.03	0.31	±	0.03	0.30	±	0.03
1	HLT_PFHT450_SixJet40_PFBTagCSV0p72_v3	HIG	1.25	±	0.06	0.35	±	0.03	0.31	±	0.03	0.29	±	0.03	0.30	±	0.03
1	HLT_IsoMu20_eta2p1_LooseIsoPFTau20_v3	TAU,HIG	1.24	±	0.06	0.30	±	0.03	0.29	±	0.03	0.32	±	0.03	0.32	±	0.03
1	HLT_Photon50_R9Id90_HE10_Iso40_EBOnly_VBF_v2	HIG	1.23	±	0.06	0.33	±	0.03	0.259728861	±	0.0259728861	0.2986881901	±	0.02785281735	0.3402448079	±	0.02972732689
1	HLT_DoubleEle33_CaloIdL_GsfTrkIdVL_MW_v3	EXO,B2G	1.22	±	0.06	0.33	±	0.03	0.28	±	0.03	0.29	±	0.03	0.32	±	0.03
1	HLT_PFJet500_v4	SMP,B2G,BTV	1.22	±	0.06	0.33	±	0.03	0.25	±	0.03	0.32	±	0.03	0.32	±	0.03
1	HLT_Photon120_R9Id90_HE10_IsoM_v3	SMP,SUSY	1.17	±	0.06	0.29	±	0.03	0.27	±	0.03	0.30	±	0.03	0.30	±	0.03
1	HLT_VBF_DisplacedJet40_TightID_Hadronic_v2	EXO	1.15	±	0.05	0.31	±	0.03	0.27	±	0.03	0.26	±	0.03	0.31	±	0.03
1	HLT_PFHT300_DiPFJetAve90_PFAlphaT0p53_v2	SUSY	1.15	±	0.05	0.30	±	0.03	0.2493397065	±	0.02544812724	0.2831044585	±	0.02711648918	0.3116746332	±	0.0284518712
1	HLT_DoubleJet90_Double30_TripleBTagCSV0p67_v3	HIG	1.14	±	0.05	0.28	±	0.03	0.28	±	0.03	0.31	±	0.03	0.28	±	0.03
180	HLT_PFHT350_v3	SUSY,EXO	1.12	±	0.05	0.21	±	0.02	0.30	±	0.03	0.32	±	0.03	0.30	±	0.03
1	HLT_DiCentralPFJet55_PFMET110_v1	SUSY	1.11	±	0.05	0.25	±	0.03	0.32	±	0.03	0.26	±	0.03	0.27	±	0.03
1	HLT_DoubleJetsC112_DoubleBTagCSV0p9_DoublePFJetsC112MaxDeta1p6_v2	SUSY	1.11	±	0.05	0.28	±	0.03	0.25	±	0.03	0.31	±	0.03	0.27	±	0.03
1	HLT_IsoMu22_CentralPFJet30_BTagCSV07_v2	TOP	1.10	±	0.05	0.28	±	0.03	0.29	±	0.03	0.28	±	0.03	0.26	±	0.03
1	HLT_Ele27_WPLoose_Gsf_TriCentralPFJet50_40_30_v1	TOP	1.09	±	0.05	0.24	±	0.03	0.28	±	0.03	0.29	±	0.03	0.29	±	0.03
1	HLT_Dimuon13_Upsilon_v2	BPH	1.09	±	0.05	0.2649234382	±	0.02623132914	0.2753125926	±	0.0267407229	0.2701180154	±	0.02648725061	0.2753125926	±	0.0267407229
7	HLT_DoubleJet90_Double30_DoubleBTagCSV0p67_v3	HIG	1.05	±	0.05	0.29	±	0.03	0.31	±	0.03	0.24	±	0.03	0.22	±	0.02
1	HLT_PFHT400_DiPFJetAve90_PFAlphaT0p51_v2	SUSY	1.05	±	0.05	0.23	±	0.02	0.28	±	0.03	0.24	±	0.02	0.30	±	0.03
1	HLT_Photon250_NoHE_v2	HIG	1.04	±	0.05	0.30	±	0.03	0.21	±	0.02	0.24	±	0.02	0.29	±	0.03
7	HLT_QuadJet45_DoubleBTagCSV0p67_v3	HIG	1.02	±	0.05	0.24	±	0.02	0.25	±	0.03	0.28	±	0.03	0.26	±	0.03
1	HLT_Mu17_Photon30_CaloIdL_L1ISO_v3	HIG	1.01	±	0.05	0.24	±	0.02	0.25	±	0.03	0.23	±	0.02	0.29	±	0.03
1	HLT_IsoMu17_eta2p1_LooseIsoPFTau20_v4	TAU,HIG	1.01	±	0.05	0.23	±	0.02	0.23	±	0.02	0.29	±	0.03	0.25	±	0.03
1	HLT_Mu8_TrkIsoVVL_Ele23_CaloIdL_TrackIdL_IsoVL_v3	HIG,SMP,TOP	1.00	±	0.05	0.27	±	0.03	0.2545342838	±	0.02571184544	0.2675207268	±	0.02635960046	0.2077830888	±	0.02323085555
1	HLT_Photon90_CaloIdL_PFHT600_v2	SUSY,EXO	1.00	±	0.05	0.23	±	0.02	0.22	±	0.02	0.25	±	0.03	0.30	±	0.03
30	HLT_IsoMu17_eta2p1_v3	TAU,HIG	0.99	±	0.05	0.26	±	0.03	0.19	±	0.02	0.26	±	0.03	0.28	±	0.03
120	HLT_PFHT400_v2	SUSY	0.99	±	0.05	0.25	±	0.03	0.2467424179	±	0.02531523793	0.2285613977	±	0.02436472686	0.2571315724	±	0.02584269537
1	HLT_QuadJet45_TripleBTagCSV0p67_v3	HIG	0.99	±	0.05	0.24	±	0.02	0.2467424179	±	0.02531523793	0.2805071699	±	0.026991815	0.2233668204	±	0.02408626369
1	HLT_PFMET300_v1	Hotline	0.98	±	0.05	0.24	±	0.03	0.23	±	0.02	0.25	±	0.03	0.25	±	0.03
30	HLT_Mu8_TrkIsoVVL_v3	Muon,SUSY,HIG	0.97	±	0.05	0.22	±	0.02	0.2363532635	±	0.02477655422	0.2675207268	±	0.02635960046	0.2519369952	±	0.02558032619
12	HLT_Photon22_R9Id90_HE10_Iso40_EBOnly_VBF_v2	HIG	0.97	±	0.05	0.26	±	0.03	0.24	±	0.02	0.25	±	0.03	0.21	±	0.02
1	HLT_Ele45_CaloIdVT_GsfTrkIdT_PFJet200_PFJet50_v3	B2G	0.97	±	0.05	0.25	±	0.03	0.26	±	0.03	0.22	±	0.02	0.23	±	0.02
1	HLT_Ele15_IsoVVVL_BTagCSV0p72_PFHT400_v3	SUSY	0.96	±	0.05	0.21	±	0.02	0.29	±	0.03	0.22	±	0.02	0.24	±	0.02
1	HLT_PFHT250_DiPFJetAve90_PFAlphaT0p58_v2	SUSY	0.94	±	0.05	0.24	±	0.03	0.22	±	0.02	0.23	±	0.02	0.24	±	0.02
100	HLT_TkMu20_v2	SMP	0.92	±	0.05	0.25	±	0.03	0.24	±	0.03	0.22	±	0.02	0.21	±	0.02
1	HLT_DoublePhoton60_v1	EXO,EGM	0.92	±	0.05	0.24	±	0.02	0.19	±	0.02	0.24	±	0.03	0.24	±	0.03
1	HLT_RsqMR270_Rsq0p09_MR200_v2	SUSY	0.91	±	0.05	0.24	±	0.02	0.22	±	0.02	0.24	±	0.03	0.21	±	0.02
1	HLT_PFHT350_DiPFJetAve90_PFAlphaT0p52_v2	SUSY	0.89	±	0.05	0.24	±	0.02	0.21	±	0.02	0.18	±	0.02	0.26	±	0.03
60	HLT_PFHT475_v2	SUSY,EXO	0.88	±	0.05	0.22	±	0.02	0.21	±	0.02	0.23	±	0.02	0.22	±	0.02
1	HLT_Mu7p5_Track2_Jpsi_v2	BPH	0.87	±	0.05	0.22	±	0.02	0.22	±	0.02	0.24	±	0.03	0.18	±	0.02
60	HLT_Mu8_v3	Muon,SUSY	0.85	±	0.05	0.21	±	0.02	0.22	±	0.02	0.22	±	0.02	0.21	±	0.02
1	HLT_Mu8_Ele8_CaloIdM_TrackIdM_Mass8_PFHT250_v1	SUSY	0.85	±	0.05	0.21	±	0.02	0.21	±	0.02	0.21	±	0.02	0.22	±	0.02
120	HLT_PFJet200_v4	SMP,BTV	0.84	±	0.05	0.22	±	0.02	0.19	±	0.02	0.22	±	0.02	0.21	±	0.02
300	HLT_Ele23_CaloIdM_TrackIdM_PFJet30_v3	SUSY	0.84	±	0.05	0.18	±	0.02	0.20	±	0.02	0.25	±	0.03	0.21	±	0.02
1	HLT_Photon135_PFMET100_v1	EXO	0.83	±	0.05	0.21	±	0.02	0.19	±	0.02	0.20	±	0.02	0.23	±	0.02
36	HLT_Photon22_R9Id90_HE10_Iso40_EBOnly_PFMET40_v3	HIG	0.83	±	0.05	0.21	±	0.02	0.22	±	0.02	0.18	±	0.02	0.21	±	0.02
150	HLT_Ele12_CaloIdL_TrackIdL_IsoVL_PFJet30_v3	SUSY	0.83	±	0.05	0.20	±	0.02	0.21	±	0.02	0.23	±	0.02	0.18	±	0.02
1	HLT_Diphoton30_18_R9Id_OR_IsoCaloId_AND_HE_R9Id_DoublePixelSeedMatch_Mass70_v1	HIG	0.82	±	0.05	0.21	±	0.02	0.20	±	0.02	0.21	±	0.02	0.20	±	0.02
1	HLT_PFHT300_DiPFJetAve90_PFAlphaT0p54_v2	SUSY	0.82	±	0.05	0.21	±	0.02	0.18	±	0.02	0.21	±	0.02	0.23	±	0.02
1	HLT_Mu17_Photon35_CaloIdL_L1ISO_v3	HIG	0.82	±	0.05	0.20	±	0.02	0.18	±	0.02	0.20	±	0.02	0.24	±	0.02
1	HLT_DoubleJetsC100_DoubleBTagCSV0p85_DoublePFJetsC160_v2	SUSY	0.81	±	0.05	0.26	±	0.03	0.18	±	0.02	0.19	±	0.02	0.18	±	0.02
15	HLT_PFHT550_4JetPt50_v1	EXO	0.79	±	0.05	0.22	±	0.02	0.19	±	0.02	0.17	±	0.02	0.21	±	0.02
1	HLT_Mu7p5_Track3p5_Jpsi_v2	BPH	0.79	±	0.05	0.20	±	0.02	0.21	±	0.02	0.22	±	0.02	0.17	±	0.02
1	HLT_QuadPFJet_SingleBTagCSV_VBF_Mqq500_v4	HIG	0.78	±	0.04	0.21	±	0.02	0.19	±	0.02	0.16	±	0.02	0.22	±	0.02
2000	HLT_L1SingleMu16_v1	Muons	0.78	±	0.04	0.20	±	0.02	0.19	±	0.02	0.19	±	0.02	0.20	±	0.02
1	HLT_Ele27_WPLoose_Gsf_WHbbBoost_v2	HIG	0.77	±	0.04	0.19	±	0.02	0.17	±	0.02	0.18	±	0.02	0.23	±	0.02
1	HLT_CaloMHTNoPU90_PFMET90_PFMHT90_IDTight_BTagCSV0p72_v2	HIG	0.76	±	0.04	0.14	±	0.02	0.20	±	0.02	0.24	±	0.02	0.18	±	0.02
800	HLT_Photon22_R9Id90_HE10_IsoM_v2	SMP,SUSY	0.75	±	0.04	0.19	±	0.02	0.19	±	0.02	0.18	±	0.02	0.19	±	0.02
30	HLT_Mu16_eta2p1_MET30_v1	TAU,HIG	0.74	±	0.04	0.16	±	0.02	0.17	±	0.02	0.21	±	0.02	0.20	±	0.02
1	HLT_HT500_DisplacedDijet40_Inclusive_v2	EXO	0.74	±	0.04	0.20	±	0.02	0.15	±	0.02	0.20	±	0.02	0.19	±	0.02
1	HLT_BTagMu_Jet300_Mu5_v2	BTV	0.72	±	0.04	0.20	±	0.02	0.14	±	0.02	0.17	±	0.02	0.21	±	0.02
1	HLT_DoubleIsoMu17_eta2p1_v3	HIG,TAU	0.71	±	0.04	0.19	±	0.02	0.19	±	0.02	0.15	±	0.02	0.18	±	0.02
1	HLT_HT250_DisplacedDijet40_DisplacedTrack_v2	EXO	0.71	±	0.04	0.18	±	0.02	0.17	±	0.02	0.17	±	0.02	0.18	±	0.02
150	HLT_Ele33_CaloIdM_TrackIdM_PFJet30_v3	SUSY	0.71	±	0.04	0.18	±	0.02	0.15	±	0.02	0.21	±	0.02	0.17	±	0.02
24	HLT_DiPFJetAve260_v2	JME	0.71	±	0.04	0.19	±	0.02	0.16	±	0.02	0.17	±	0.02	0.18	±	0.02
1	HLT_Mu17_Mu8_SameSign_DZ_v1	HIG,B2G	0.70	±	0.04	0.21	±	0.02	0.16	±	0.02	0.17	±	0.02	0.17	±	0.02
1	HLT_Mu16_TkMu0_dEta18_Phi_v2	BPH	0.70	±	0.04	0.19	±	0.02	0.17	±	0.02	0.18	±	0.02	0.16	±	0.02
1	HLT_Dimuon13_PsiPrime_v2	BPH	0.69	±	0.04	0.19	±	0.02	0.16	±	0.02	0.18	±	0.02	0.16	±	0.02
1	HLT_Mu38NoFiltersNoVtx_DisplacedJet60_Loose_v2	EXO	0.68	±	0.04	0.15	±	0.02	0.1584346052	±	0.02028547252	0.1636291824	±	0.02061533923	0.2025885116	±	0.0229386319
10	HLT_PFHT650_4JetPt50_v1	EXO	0.67	±	0.04	0.19	±	0.02	0.16	±	0.02	0.12	±	0.02	0.21	±	0.02
1	HLT_PFHT350_DiPFJetAve90_PFAlphaT0p53_v2	SUSY	0.67	±	0.04	0.18	±	0.02	0.15	±	0.02	0.15	±	0.02	0.19	±	0.02
1	HLT_DoubleEle8_CaloIdM_TrackIdM_Mass8_PFHT250_v1	SUSY	0.65	±	0.04	0.17	±	0.02	0.15	±	0.02	0.14	±	0.02	0.19	±	0.02
1	HLT_DoubleEle24_22_eta2p1_WPLoose_Gsf_v2	HIG,TAU	0.65	±	0.04	0.17	±	0.02	0.14	±	0.02	0.16	±	0.02	0.17	±	0.02
1	HLT_PFJet140_v4	SMP,BTV	0.64	±	0.04	0.15	±	0.02	0.15	±	0.02	0.17	±	0.02	0.17	±	0.02
1	HLT_Mu17_TrkIsoVVL_Ele12_CaloIdL_TrackIdL_IsoVL_v3	HIG,SMP	0.64	±	0.04	0.18	±	0.02	0.15	±	0.02	0.16	±	0.02	0.15	±	0.02
1	HLT_Mu33NoFiltersNoVtxDisplaced_DisplacedJet50_Loose_v2	EXO	0.63	±	0.04	0.15	±	0.02	0.1376562963	±	0.01890854649	0.1506427394	±	0.01978036074	0.199991223	±	0.02279111505
1	HLT_DiPFJetAve500_v2	JME	0.63	±	0.04	0.17	±	0.02	0.14	±	0.02	0.19	±	0.02	0.14	±	0.02
15	HLT_Photon120_v3	SMP,EXO	0.63	±	0.04	0.15	±	0.02	0.14	±	0.02	0.19	±	0.02	0.15	±	0.02
1	HLT_DoubleJetsC112_DoubleBTagCSV0p85_DoublePFJetsC172_v2	SUSY	0.62	±	0.04	0.21	±	0.02	0.13	±	0.02	0.14	±	0.02	0.14	±	0.02
1	HLT_VBF_DisplacedJet40_DisplacedTrack_2TrackIP2DSig5_v2	EXO	0.61	±	0.04	0.15	±	0.02	0.18	±	0.02	0.16	±	0.02	0.13	±	0.02
1	HLT_Ele15_IsoVVVL_PFHT350_PFMET50_v2	SUSY	0.61	±	0.04	0.11	±	0.02	0.17	±	0.02	0.16	±	0.02	0.17	±	0.02
1	HLT_Photon75_R9Id90_HE10_Iso40_EBOnly_PFMET40_v3	HIG	0.58	±	0.04	0.14	±	0.02	0.13	±	0.02	0.13	±	0.02	0.18	±	0.02
5	HLT_PFJet80_v4	SMP,BTV	0.57	±	0.04	0.15	±	0.02	0.13	±	0.02	0.16	±	0.02	0.14	±	0.02
100	HLT_Mu24_eta2p1_v2	SMP,EXO	0.56	±	0.04	0.14	±	0.02	0.17	±	0.02	0.12	±	0.02	0.14	±	0.02
1	HLT_Mu15_IsoVVVL_BTagCSV0p72_PFHT400_v3	SUSY	0.55	±	0.04	0.12	±	0.02	0.13	±	0.02	0.15	±	0.02	0.14	±	0.02
1	HLT_Ele15_IsoVVVL_PFHT600_v3	SUSY	0.54	±	0.04	0.15	±	0.02	0.1454481622	±	0.01943632823	0.1090861216	±	0.016832354	0.1350590077	±	0.01872931452
200	HLT_Photon36_R9Id90_HE10_IsoM_v3	SMP,SUSY	0.54	±	0.04	0.14	±	0.02	0.15	±	0.02	0.12	±	0.02	0.13	±	0.02
70	HLT_Mu27_v2	SMP	0.54	±	0.04	0.14	±	0.02	0.13	±	0.02	0.14	±	0.02	0.12	±	0.02
5000	HLT_Photon22_v2	SMP,EXO	0.54	±	0.04	0.13	±	0.02	0.13	±	0.02	0.12	±	0.02	0.16	±	0.02
1	HLT_DoubleMu33NoFiltersNoVtx_v2	EXO	0.53	±	0.04	0.12	±	0.02	0.15	±	0.02	0.13	±	0.02	0.13	±	0.02
100	HLT_TkMu24_eta2p1_v2	SMP	0.52	±	0.04	0.13	±	0.02	0.16	±	0.02	0.11	±	0.02	0.13	±	0.02
1	HLT_IsoTrackHE_v1	HCAL	0.52	±	0.04	0.14	±	0.02	0.15	±	0.02	0.12	±	0.02	0.12	±	0.02
2800	HLT_HT200_v1	EXO	0.52	±	0.04	0.13	±	0.02	0.12	±	0.02	0.13	±	0.02	0.14	±	0.02
5	HLT_DiPFJetAve40_v2	JME	0.52	±	0.04	0.14	±	0.02	0.12	±	0.02	0.13	±	0.02	0.14	±	0.02
1250	HLT_Photon36_v3	SMP,EXO	0.52	±	0.04	0.13	±	0.02	0.13	±	0.02	0.13	±	0.02	0.14	±	0.02
1	HLT_Mu8_Ele8_CaloIdM_TrackIdM_Mass8_PFHT300_v4	SUSY	0.52	±	0.04	0.13	±	0.02	0.13	±	0.02	0.12	±	0.02	0.14	±	0.02
1	HLT_Mu25_TkMu0_dEta18_Onia_v2	BPH,SMP	0.52	±	0.04	0.13	±	0.02	0.10	±	0.02	0.16	±	0.02	0.13	±	0.02
1	HLT_PFHT400_DiPFJetAve90_PFAlphaT0p52_v2	SUSY	0.52	±	0.04	0.12	±	0.02	0.15	±	0.02	0.10	±	0.02	0.15	±	0.02
1	HLT_VBF_DisplacedJet40_DisplacedTrack_v2	EXO	0.51	±	0.04	0.12	±	0.02	0.16	±	0.02	0.13	±	0.02	0.10	±	0.02
1	HLT_HT550_DisplacedDijet40_Inclusive_v2	EXO	0.51	±	0.04	0.14	±	0.02	0.11	±	0.02	0.12	±	0.02	0.14	±	0.02
400	HLT_Photon30_R9Id90_HE10_IsoM_v3	SMP,SUSY	0.51	±	0.04	0.11	±	0.02	0.16	±	0.02	0.11	±	0.02	0.13	±	0.02
1	HLT_Ele27_eta2p1_WPLoose_Gsf_DoubleMediumIsoPFTau35_Trk1_eta2p1_Reg_v2	HIG,TAU,EXO	0.50	±	0.04	0.13	±	0.02	0.11	±	0.02	0.11	±	0.02	0.14	±	0.02
1	HLT_DiPFJetAve100_HFJEC_v3	JME	0.50	±	0.04	0.12	±	0.02	0.12	±	0.02	0.13	±	0.02	0.12	±	0.02
300	HLT_Ele12_CaloIdM_TrackIdM_PFJet30_v3	SUSY	0.50	±	0.04	0.12	±	0.02	0.15	±	0.02	0.11	±	0.02	0.12	±	0.02
1	HLT_Mu40_eta2p1_PFJet200_PFJet50_v3	B2G	0.50	±	0.04	0.14	±	0.02	0.12	±	0.02	0.11	±	0.02	0.13	±	0.02
570	HLT_HT325_v1	EXO	0.49	±	0.04	0.11	±	0.02	0.12	±	0.02	0.12	±	0.02	0.14	±	0.02
70	HLT_TkMu27_v2	SMP	0.49	±	0.04	0.14	±	0.02	0.13	±	0.02	0.11	±	0.02	0.11	±	0.02
1	HLT_Ele27_eta2p1_WPLoose_Gsf_DoubleMediumIsoPFTau40_Trk1_eta2p1_Reg_v3	HIG,TAU,EXO	0.49	±	0.04	0.13	±	0.02	0.11	±	0.02	0.11	±	0.02	0.14	±	0.02
360	HLT_Photon50_v3	SMP,EXO	0.48	±	0.04	0.12	±	0.02	0.13	±	0.02	0.14	±	0.02	0.10	±	0.02
1	HLT_IsoMu16_eta2p1_MET30_LooseIsoPFTau50_Trk30_eta2p1_v1	TAU,HIG	0.48	±	0.04	0.12	±	0.02	0.11	±	0.02	0.14	±	0.02	0.11	±	0.02
1	HLT_RsqMR240_Rsq0p09_MR200_4jet_v2	SUSY	0.48	±	0.04	0.12	±	0.02	0.14	±	0.02	0.12	±	0.02	0.10	±	0.02
2500	HLT_Photon30_v3	SMP,EXO	0.46	±	0.03	0.12	±	0.02	0.08	±	0.01	0.12	±	0.02	0.13	±	0.02
3060	HLT_PFHT200_v2	SUSY	0.45	±	0.03	0.12	±	0.02	0.106488833	±	0.01663076165	0.1220725647	±	0.01780611361	0.1090861216	±	0.016832354
7	HLT_CaloMHTNoPU90_PFMET90_PFMHT90_IDTight_v2	HIG	0.45	±	0.03	0.11	±	0.02	0.12	±	0.02	0.10	±	0.02	0.12	±	0.02
1	HLT_Photon300_NoHE_v2	HIG	0.44	±	0.03	0.13	±	0.02	0.09	±	0.02	0.10	±	0.02	0.12	±	0.02
1	HLT_DoubleMu4_PsiPrimeTrk_Displaced_v2	BPH	0.44	±	0.03	0.09	±	0.01	0.12	±	0.02	0.11	±	0.02	0.12	±	0.02
1	HLT_Mu6_PFHT200_PFMET80_BTagCSV0p72_v1	SUSY	0.44	±	0.03	0.10	±	0.02	0.12	±	0.02	0.09	±	0.02	0.13	±	0.02
210	HLT_HT425_v1	EXO	0.43	±	0.03	0.11	±	0.02	0.11	±	0.02	0.10	±	0.02	0.12	±	0.02
650	HLT_Ele23_CaloIdL_TrackIdL_IsoVL_PFJet30_v3	SUSY	0.43	±	0.03	0.11	±	0.02	0.11	±	0.02	0.09	±	0.02	0.12	±	0.02
1	HLT_IsoTrackHB_v1	HCAL	0.43	±	0.03	0.08	±	0.01	0.1324617191	±	0.01854835072	0.1246698533	±	0.01799454334	0.09609967856	±	0.01579868984
1	HLT_L2DoubleMu28_NoVertex_2Cha_Angle2p5_Mass10_v2	EXO	0.42	±	0.03	0.12	±	0.02	0.10	±	0.02	0.10	±	0.02	0.10	±	0.02
7	HLT_Mu20_Mu10_v1	HIG	0.41	±	0.03	0.11	±	0.02	0.08	±	0.01	0.11	±	0.02	0.11	±	0.02
1	HLT_LooseIsoPFTau50_Trk30_eta2p1_MET120_v1	TAU,HIG	0.41	±	0.03	0.06	±	0.01	0.1298644305	±	0.01836560389	0.106488833	±	0.01663076165	0.1142806988	±	0.01722846358
1	HLT_Photon75_R9Id90_HE10_Iso40_EBOnly_VBF_v2	HIG	0.41	±	0.03	0.11	±	0.02	0.09	±	0.02	0.09	±	0.02	0.12	±	0.02
1	HLT_VBF_DisplacedJet40_TightID_DisplacedTrack_v2	EXO	0.41	±	0.03	0.10	±	0.02	0.13	±	0.02	0.10	±	0.02	0.08	±	0.01
1020	HLT_PFHT300_v2	SUSY	0.40	±	0.03	0.09	±	0.02	0.09	±	0.02	0.10	±	0.02	0.11	±	0.02
1	HLT_Dimuon6_Jpsi_NoVertexing_v2	BPH	0.39	±	0.03	0.10	±	0.02	0.10	±	0.02	0.10	±	0.02	0.08	±	0.01
1	HLT_IsoMu18_TriCentralPFJet50_40_30_v2	TOP	0.39	±	0.03	0.09	±	0.02	0.08571052412	±	0.01492028713	0.09609967856	±	0.01579868984	0.1194752761	±	0.01761566841
1	HLT_PFMET400_v1	Hotline	0.39	±	0.03	0.10	±	0.02	0.10	±	0.02	0.09	±	0.02	0.10	±	0.02
1	HLT_DoubleEle8_CaloIdM_TrackIdM_Mass8_PFHT300_v4	SUSY	0.39	±	0.03	0.10	±	0.02	0.10	±	0.02	0.09	±	0.02	0.10	±	0.02
1	HLT_Mu30_Ele30_CaloIdL_GsfTrkIdVL_v3	EXO,B2G	0.38	±	0.03	0.13	±	0.02	0.09	±	0.01	0.07	±	0.01	0.10	±	0.02
7	HLT_Mu20_Mu10_DZ_v1	HIG	0.38	±	0.03	0.10	±	0.02	0.07	±	0.01	0.10	±	0.02	0.11	±	0.02
1100	HLT_HT275_v1	EXO	0.38	±	0.03	0.09	±	0.02	0.10	±	0.02	0.11	±	0.02	0.09	±	0.02
22	HLT_PFHT400_SixJet30_v3	HIG	0.38	±	0.03	0.11	±	0.02	0.07791865829	±	0.0142259356	0.07272408107	±	0.01374355949	0.1168779874	±	0.01742314167
70	HLT_HT575_v1	EXO	0.37	±	0.03	0.08	±	0.01	0.09	±	0.02	0.06	±	0.01	0.14	±	0.02
1	HLT_Ele10_CaloIdM_TrackIdM_CentralPFJet30_BTagCSV0p54PF_v3	SUSY	0.37	±	0.03	0.09	±	0.02	0.11	±	0.02	0.09	±	0.02	0.08	±	0.01
1	HLT_DoubleMu8_Mass8_PFHT250_v1	SUSY	0.37	±	0.03	0.08	±	0.01	0.11	±	0.02	0.09	±	0.02	0.09	±	0.02
14	HLT_Mu17_Mu8_v1	HIG	0.37	±	0.03	0.10	±	0.02	0.07532136968	±	0.01398682722	0.09869696717	±	0.01601076228	0.09869696717	±	0.01601076228
350	HLT_QuadPFJet_VBF_v4	HIG	0.37	±	0.03	0.11	±	0.02	0.09	±	0.01	0.08	±	0.01	0.10	±	0.02
1	HLT_Mu7p5_L2Mu2_Jpsi_v2	BPH	0.36	±	0.03	0.10	±	0.02	0.10	±	0.02	0.08	±	0.01	0.08	±	0.01
22	HLT_Mu10_CentralPFJet30_BTagCSV0p54PF_v3	SUSY	0.35	±	0.03	0.08	±	0.01	0.10	±	0.02	0.08	±	0.01	0.09	±	0.02
1	HLT_PFMET120_BTagCSV0p72_v1	SUSY	0.35	±	0.03	0.08	±	0.01	0.10	±	0.02	0.07	±	0.01	0.09	±	0.02
1	HLT_IsoMu22_TriCentralPFJet50_40_30_v2	TOP	0.35	±	0.03	0.08	±	0.01	0.08	±	0.01	0.08	±	0.01	0.11	±	0.02
1	HLT_Mu23_TrkIsoVVL_Ele12_CaloIdL_TrackIdL_IsoVL_v3	HIG,TOP,SMP	0.34	±	0.03	0.11	±	0.02	0.08	±	0.01	0.09	±	0.02	0.07	±	0.01
1	HLT_Mu7p5_Track7_Jpsi_v2	BPH	0.34	±	0.03	0.09	±	0.02	0.10	±	0.02	0.09	±	0.02	0.06	±	0.01
1	HLT_DoubleMu38NoFiltersNoVtx_v2	EXO	0.34	±	0.03	0.07	±	0.01	0.09	±	0.02	0.09	±	0.01	0.09	±	0.02
1	HLT_DiPFJetAve140_v2	JME	0.34	±	0.03	0.08	±	0.01	0.08311323551	±	0.01469248311	0.09090510134	±	0.01536576664	0.0805159469	±	0.01446109096
1	HLT_Photon90_R9Id90_HE10_Iso40_EBOnly_PFMET40_v3	HIG	0.33	±	0.03	0.08	±	0.01	0.0805159469	±	0.01446109096	0.07532136968	±	0.01398682722	0.09609967856	±	0.01579868984
1	HLT_DiPFJetAve60_HFJEC_v3	JME	0.32	±	0.03	0.08	±	0.01	0.08	±	0.01	0.08	±	0.01	0.08	±	0.01
1	HLT_Rsq0p25_v2	SUSY	0.32	±	0.03	0.07	±	0.01	0.10	±	0.02	0.07	±	0.01	0.07	±	0.01
2040	HLT_PFHT250_v2	SUSY	0.32	±	0.03	0.08	±	0.01	0.07	±	0.01	0.09	±	0.02	0.08	±	0.01
1	HLT_Photon165_R9Id90_HE10_IsoM_v3	HIG,SUSY,SMP	0.32	±	0.03	0.07	±	0.01	0.08	±	0.01	0.09	±	0.02	0.08	±	0.01
1	HLT_Mu20_Mu10_SameSign_DZ_v1	HIG	0.32	±	0.03	0.10	±	0.02	0.06	±	0.01	0.06	±	0.01	0.09	±	0.02
380	HLT_Ele33_CaloIdL_TrackIdL_IsoVL_PFJet30_v3	SUSY	0.29	±	0.03	0.05	±	0.01	0.08	±	0.01	0.08	±	0.01	0.08	±	0.01
1	HLT_Mu38NoFiltersNoVtxDisplaced_DisplacedJet60_Loose_v2	EXO	0.28	±	0.03	0.06	±	0.01	0.06	±	0.01	0.08	±	0.01	0.08	±	0.01
1	HLT_Mu6_PFHT200_PFMET100_v1	SUSY	0.28	±	0.03	0.06	±	0.01	0.07	±	0.01	0.07	±	0.01	0.08	±	0.01
5	HLT_Mu23NoFiltersNoVtx_Photon23_CaloIdL_v2	EXO	0.28	±	0.03	0.07	±	0.01	0.04675119498	±	0.01101936233	0.07532136968	±	0.01398682722	0.09090510134	±	0.01536576664
1	HLT_DoubleMu8_Mass8_PFHT300_v4	SUSY	0.28	±	0.03	0.07	±	0.01	0.0805159469	±	0.01446109096	0.05973763803	±	0.01245615859	0.06752950386	±	0.0132436253
1	HLT_Mu15_IsoVVVL_PFHT350_PFMET50_v2	SUSY	0.27	±	0.03	0.04	±	0.01	0.08	±	0.01	0.08	±	0.01	0.08	±	0.01
1	HLT_Dimuon0_Jpsi_Muon_v2	BPH	0.27	±	0.03	0.06	±	0.01	0.07	±	0.01	0.07	±	0.01	0.07	±	0.01
1	HLT_Mu14er_PFMET100_v1	SUSY	0.27	±	0.03	0.05	±	0.01	0.07	±	0.01	0.06	±	0.01	0.08	±	0.01
175	HLT_PFHT200_PFAlphaT0p51_v2	SUSY	0.27	±	0.03	0.07	±	0.01	0.06	±	0.01	0.07	±	0.01	0.07	±	0.01
90	HLT_Photon90_v3	SMP,EXO	0.27	±	0.03	0.06	±	0.01	0.06493221525	±	0.01298644305	0.08311323551	±	0.01469248311	0.05454306081	±	0.01190227166
180	HLT_Photon75_v3	SMP,EXO	0.26	±	0.03	0.06	±	0.01	0.06	±	0.01	0.08	±	0.01	0.06	±	0.01
15	HLT_Mu17_Mu8_DZ_v2	TOP,HIG,SMP	0.24	±	0.03	0.07012679247	±	0.0134959075	0.05454306081	±	0.01190227166	0.07272408107	±	0.01374355949	0.04675119498	±	0.01101936233
15	HLT_Mu17_TkMu8_DZ_v2	TOP,HIG,SMP	0.24	±	0.02	0.07	±	0.01	0.06	±	0.01	0.07	±	0.01	0.04	±	0.01
1	HLT_Photon90_R9Id90_HE10_Iso40_EBOnly_VBF_v2	HIG	0.24	±	0.02	0.06	±	0.01	0.05	±	0.01	0.06	±	0.01	0.06	±	0.01
12	HLT_PFJet60_v4	SMP,BTV	0.24	±	0.02	0.05	±	0.01	0.06	±	0.01	0.06	±	0.01	0.07	±	0.01
1	HLT_MET75_IsoTrk50_v2	EXO	0.23	±	0.02	0.05	±	0.01	0.06	±	0.01	0.07	±	0.01	0.05	±	0.01
1	HLT_DiPFJetAve80_HFJEC_v3	JME	0.23	±	0.02	0.06752950386	±	0.0132436253	0.06493221525	±	0.01298644305	0.05454306081	±	0.01190227166	0.04415390637	±	0.01070889528
7	HLT_DiPFJetAve80_v2	JME	0.22	±	0.02	0.07	±	0.01	0.0519457722	±	0.01161542778	0.04934848359	±	0.01132131858	0.05454306081	±	0.01190227166
1	HLT_DiMu9_Ele9_CaloIdL_TrackIdL_v3	HIG	0.22	±	0.02	0.06	±	0.01	0.05	±	0.01	0.06	±	0.01	0.06	±	0.01
1	HLT_Ele16_Ele12_Ele8_CaloIdL_TrackIdL_v3	HIG	0.22	±	0.02	0.06	±	0.01	0.03	±	0.01	0.06	±	0.01	0.06	±	0.01
1	HLT_Mu7p5_Track2_Upsilon_v2	BPH	0.21	±	0.02	0.05	±	0.01	0.06	±	0.01	0.05	±	0.01	0.05	±	0.01
1	HLT_L2DoubleMu38_NoVertex_2Cha_Angle2p5_Mass10_v2	EXO	0.21	±	0.02	0.07	±	0.01	0.06	±	0.01	0.04	±	0.01	0.05	±	0.01
1	HLT_DoublePhoton85_v2	EXO	0.21	±	0.02	0.05	±	0.01	0.04155661776	±	0.01038915444	0.06493221525	±	0.01298644305	0.05454306081	±	0.01190227166
1	HLT_Mu28NoFiltersNoVtxDisplaced_Photon28_CaloIdL_v2	EXO	0.21	±	0.02	0.05	±	0.01	0.03	±	0.01	0.06	±	0.01	0.07	±	0.01
1	HLT_Ele8_CaloIdM_TrackIdM_PFJet30_v3	SUSY	0.21	±	0.02	0.05	±	0.01	0.06	±	0.01	0.06	±	0.01	0.04	±	0.01
80	HLT_Mu28NoFiltersNoVtx_CentralCaloJet40_v2	EXO	0.21	±	0.02	0.05	±	0.01	0.05	±	0.01	0.05	±	0.01	0.06	±	0.01
1	HLT_Mu33NoFiltersNoVtxDisplaced_DisplacedJet50_Tight_v2	EXO	0.21	±	0.02	0.05	±	0.01	0.03	±	0.01	0.06	±	0.01	0.06	±	0.01
1	HLT_PFMET120_Mu5_v1	SUSY	0.21	±	0.02	0.05	±	0.01	0.04415390637	±	0.01070889528	0.03636204054	±	0.009718164113	0.07532136968	±	0.01398682722
42	HLT_Photon26_R9Id85_OR_CaloId24b40e_Iso50T80L_Photon16_AND_HE10_R9Id65_Eta2_Mass60_v2	EXO	0.21	±	0.02	0.06	±	0.01	0.05	±	0.01	0.06	±	0.01	0.03	±	0.01
1	HLT_IsoMu17_eta2p1_MediumIsoPFTau35_Trk1_eta2p1_Reg_v3	TAU,HIG	0.19	±	0.02	0.04	±	0.01	0.04	±	0.01	0.05	±	0.01	0.06	±	0.01
1	HLT_Mu38NoFiltersNoVtx_Photon38_CaloIdL_v2	EXO	0.19	±	0.02	0.06	±	0.01	0.03	±	0.01	0.04	±	0.01	0.05	±	0.01
1	HLT_Mu15_IsoVVVL_PFHT600_v3	SUSY	0.19	±	0.02	0.04	±	0.01	0.05	±	0.01	0.05	±	0.01	0.04	±	0.01
1	HLT_TripleMu_12_10_5_v2	HIG	0.19	±	0.02	0.05	±	0.01	0.04	±	0.01	0.04	±	0.01	0.05	±	0.01
1	HLT_HT350_DisplacedDijet40_DisplacedTrack_v2	EXO	0.18	±	0.02	0.04	±	0.01	0.04	±	0.01	0.04	±	0.01	0.05	±	0.01
1	HLT_Mu3er_PFHT140_PFMET125_v1	SUSY	0.18	±	0.02	0.04	±	0.01	0.04	±	0.01	0.03	±	0.01	0.06	±	0.01
1	HLT_RsqMR270_Rsq0p09_MR200_4jet_v2	SUSY	0.18	±	0.02	0.05	±	0.01	0.05	±	0.01	0.04	±	0.01	0.03	±	0.01
1	HLT_Mu7p5_Track3p5_Upsilon_v2	BPH	0.18	±	0.02	0.04	±	0.01	0.03895932915	±	0.01005925553	0.04934848359	±	0.01132131858	0.04415390637	±	0.01070889528
1	HLT_Dimuon0_Upsilon_Muon_v2	BPH	0.17	±	0.02	0.05	±	0.01	0.05	±	0.01	0.04	±	0.01	0.03	±	0.01
1	HLT_MET90_IsoTrk50_v2	EXO	0.17	±	0.02	0.04	±	0.01	0.05	±	0.01	0.05	±	0.01	0.03	±	0.01
1	HLT_Rsq0p30_v2	SUSY	0.17	±	0.02	0.03	±	0.01	0.05	±	0.01	0.04	±	0.01	0.04	±	0.01
1	HLT_Mu7p5_L2Mu2_Upsilon_v2	BPH	0.16	±	0.02	0.04	±	0.01	0.03116746332	±	0.008997271668	0.04415390637	±	0.01070889528	0.04415390637	±	0.01070889528
1	HLT_IsoMu17_eta2p1_MediumIsoPFTau40_Trk1_eta2p1_Reg_v5	TAU,HIG	0.16	±	0.02	0.04	±	0.01	0.04	±	0.01	0.04	±	0.01	0.04	±	0.01
20	HLT_Mu28NoFiltersNoVtx_DisplacedJet40_Loose_v2	EXO	0.15	±	0.02	0.04	±	0.01	0.02	±	0.01	0.03	±	0.01	0.06	±	0.01
1	HLT_Mu42NoFiltersNoVtx_Photon42_CaloIdL_v2	EXO	0.14	±	0.02	0.05	±	0.01	0.03	±	0.01	0.03	±	0.01	0.04	±	0.01
15	HLT_Mu17_TrkIsoVVL_Mu8_TrkIsoVVL_v2	Muons,SMP	0.13	±	0.02	0.04	±	0.01	0.02	±	0.01	0.03	±	0.01	0.04	±	0.01
1	HLT_Photon120_R9Id90_HE10_Iso40_EBOnly_PFMET40_v3	HIG	0.12	±	0.02	0.02	±	0.01	0.03116746332	±	0.008997271668	0.03636204054	±	0.009718164113	0.03376475193	±	0.00936465726
15	HLT_Mu17_TrkIsoVVL_TkMu8_TrkIsoVVL_v2	Muons,SMP	0.12	±	0.02	0.04	±	0.01	0.02	±	0.01	0.04	±	0.01	0.03	±	0.01
1	HLT_Mu33NoFiltersNoVtxDisplaced_Photon33_CaloIdL_v2	EXO	0.12	±	0.02	0.02	±	0.01	0.02077830888	±	0.007346241555	0.03636204054	±	0.009718164113	0.04155661776	±	0.01038915444
1	HLT_Photon120_R9Id90_HE10_Iso40_EBOnly_VBF_v2	HIG	0.12	±	0.02	0.04	±	0.01	0.02857017471	±	0.008614231791	0.0259728861	±	0.008213347748	0.02337559749	±	0.007791865829
1	HLT_DiPFJetAve300_HFJEC_v3	JME	0.11	±	0.02	0.03	±	0.01	0.03	±	0.01	0.03	±	0.01	0.02	±	0.01
1	HLT_Mu8_DiEle12_CaloIdL_TrackIdL_v3	HIG	0.11	±	0.02	0.03	±	0.01	0.02	±	0.01	0.04	±	0.01	0.02	±	0.01
1	HLT_TrkMu15_DoubleTrkMu5NoFiltersNoVtx_v2	EXO,SUSY	0.10	±	0.02	0.02	±	0.01	0.02	±	0.01	0.03	±	0.01	0.03	±	0.01
1	HLT_TrkMu17_DoubleTrkMu8NoFiltersNoVtx_v2	EXO,SUSY	0.09	±	0.02	0.02	±	0.01	0.02	±	0.01	0.03	±	0.01	0.03	±	0.01
17	HLT_DoubleMu18NoFiltersNoVtx_v2	EXO	0.09	±	0.02	0.02	±	0.01	0.03	±	0.01	0.02	±	0.01	0.03	±	0.01
1	HLT_DiPFJet40_DEta3p5_MJJ600_PFMETNoMu140_v1	HIG	0.09	±	0.01	0.02	±	0.01	0.03	±	0.01	0.02	±	0.01	0.02	±	0.01
1	HLT_Mu38NoFiltersNoVtxDisplaced_DisplacedJet60_Tight_v2	EXO	0.08	±	0.01	0.01	±	0.01	0.01	±	0.01	0.03	±	0.01	0.02	±	0.01
1	HLT_HT650_DisplacedDijet80_Inclusive_v2	EXO	0.08	±	0.01	0.01	±	0.01	0.01	±	0.01	0.02	±	0.01	0.03	±	0.01
1	HLT_ECALHT800_v2	EXO	0.07	±	0.01	0.02	±	0.01	0.02	±	0.01	0.02	±	0.01	0.02	±	0.01
1	HLT_HT2000_v1	Hotline	0.07	±	0.01	0.01	±	0.01	0.02	±	0.01	0.02	±	0.01	0.01	±	0.01
200	HLT_ZeroBias_v2	TSG	0.07	±	0.01	0.01	±	0.01	0.02	±	0.01	0.02	±	0.01	0.02	±	0.01
1	HLT_HT350_DisplacedDijet80_DisplacedTrack_v2	EXO	0.06	±	0.01	0.02	±	0.01	0.02	±	0.01	0.02	±	0.01	0.01	±	0.00
1	HLT_DoubleMu23NoFiltersNoVtxDisplaced_v2	EXO	0.06	±	0.01	0.02	±	0.01	0.01	±	0.01	0.01	±	0.01	0.02	±	0.01
28	HLT_L2DoubleMu23_NoVertex_v2	EXO	0.06	±	0.01	0.02	±	0.01	0.00	±	0.00	0.02	±	0.01	0.02	±	0.01
1	HLT_Mu7p5_Track7_Upsilon_v2	BPH	0.05	±	0.01	0.007791865829	±	0.004498635834	0.01298644305	±	0.005807713889	0.01818102027	±	0.006871779745	0.01558373166	±	0.006362031809
70	HLT_MET60_IsoTrk35_Loose_v1	EXO	0.05	±	0.01	0.01	±	0.01	0.01	±	0.00	0.01	±	0.01	0.02	±	0.01
1	HLT_HT350_DisplacedDijet80_Tight_DisplacedTrack_v2	EXO	0.04	±	0.01	0.01	±	0.01	0.02	±	0.01	0.01	±	0.00	0.01	±	0.00
1	HLT_Mu10_TrkIsoVVL_DiPFJet40_DEta3p5_MJJ750_HTT350_PFMETNoMu60_v1	SUSY	0.03	±	0.01	0.01	±	0.01	0.01	±	0.01	0.01	±	0.01	0.00	±	0.00
1	HLT_HT750_DisplacedDijet80_Inclusive_v2	EXO	0.03	±	0.01	0.01	±	0.00	0.00	±	0.00	0.01	±	0.01	0.01	±	0.01
1	HLT_Photon500_v1	Hotline	0.03	±	0.01	0.01	±	0.00	0.00	±	0.00	0.01	±	0.00	0.01	±	0.01
140	HLT_Mu12_Photon25_CaloIdL_L1ISO_v3	HIG	0.02	±	0.01	0.00	±	0.00	0.01	±	0.00	0.01	±	0.00	0.00	±	0.00
300	HLT_PFJet40_v4	SMP,BTV	0.02	±	0.01	0.01	±	0.00	0.00	±	0.00	0.00	±	0.00	0.01	±	0.00
1	HLT_HT2500_v1	Hotline	0.01	±	0.01	0.00	±	0.00	0.00	±	0.00	0.01	±	0.00	0.00	±	0.00
1	HLT_DoubleMu28NoFiltersNoVtxDisplaced_v2	EXO	0.01	±	0.01	0.00	±	0.00	0.01	±	0.00	0.00	±	0.00	0.00	±	0.00
1	HLT_Mu300_v1	Hotline	0.01	±	0.00	0.00	±	0.00	0.01	±	0.00	0.00	±	0.00	0.00	±	0.00
800	HLT_Activity_Ecal_SC7_v2	ECAL	0.01	±	0.00	0.00	±	0.00	0.00259728861	±	0.00259728861	0.00519457722	±	0.003673120777	0	±	0
1	HLT_Photon600_v1	Hotline	0.01	±	0.00	0.00	±	0.00	0.00	±	0.00	0.00	±	0.00	0.00	±	0.00
1	HLT_QuadMuon0_Dimuon0_Jpsi_v2	BPH	0.01	±	0.00	0.00	±	0.00	0.00	±	0.00	0.00	±	0.00	0.00	±	0.00
1400	HLT_Mu12_Photon25_CaloIdL_v3	HIG	0.01	±	0.00	0.00	±	0.00	0.01	±	0.00	0.00	±	0.00	0.00	±	0.00
1	HLT_QuadMuon0_Dimuon0_Upsilon_v2	BPH	0.01	±	0.00	0.00	±	0.00	0.00	±	0.00	0.00	±	0.00	0.01	±	0.00
1	HLT_Mu350_v1	Hotline	0.01	±	0.00	0.00	±	0.00	0.00	±	0.00	0.00	±	0.00	0.00	±	0.00
1	HLT_HcalCalibration_v1	HCAL	0.00	±	0.00	0.00	±	0.00	0.00	±	0.00	0.00	±	0.00	0.00	±	0.00
0	HLT_HIL1DoubleMu0BPTX_v1	HIN	0.00	±	0.00	0.00	±	0.00	0.00	±	0.00	0.00	±	0.00	0.00	±	0.00
0	HLT_HISinglePhoton20ForEndOfFill_v1	HIN	0.00	±	0.00	0.00	±	0.00	0.00	±	0.00	0.00	±	0.00	0.00	±	0.00
0	HLT_HIL2Mu3BPTX_v1	HIN	0.00	±	0.00	0.00	±	0.00	0.00	±	0.00	0.00	±	0.00	0.00	±	0.00
0	HLT_AK4PFJet100_v3	HIN	0.00	±	0.00	0.00	±	0.00	0.00	±	0.00	0.00	±	0.00	0.00	±	0.00
0	HLT_PixelTracks_Multiplicity135ForEndOfFill_v1	HIN	0.00	±	0.00	0.00	±	0.00	0.00	±	0.00	0.00	±	0.00	0.00	±	0.00
0	HLT_AK4CaloJet30_v3	HIN	0.00	±	0.00	0.00	±	0.00	0	±	0	0	±	0	0	±	0
0	HLT_PixelTracks_Multiplicity110ForEndOfFill_v1	HIN	0.00	±	0.00	0.00	±	0.00	0	±	0	0	±	0	0	±	0
1	HLT_JetE70_NoBPTX3BX_NoHalo_v2	EXO	0.00	±	0.00	0.00	±	0.00	0.00	±	0.00	0.00	±	0.00	0.00	±	0.00
0	HLT_FullTrack50_v2	HIN	0.00	±	0.00	0.00	±	0.00	0.00	±	0.00	0.00	±	0.00	0.00	±	0.00
1	HLT_JetE50_NoBPTX3BX_NoHalo_v2	EXO	0.00	±	0.00	0.00	±	0.00	0.00	±	0.00	0.00	±	0.00	0.00	±	0.00
17	HLT_JetE30_NoBPTX_v2	EXO	0.00	±	0.00	0.00	±	0.00	0.00	±	0.00	0.00	±	0.00	0.00	±	0.00
0	HLT_PixelTracks_Multiplicity85ForEndOfFill_v1	HIN	0.00	±	0.00	0.00	±	0.00	0.00	±	0.00	0.00	±	0.00	0.00	±	0.00
30	HLT_L2Mu10_NoVertex_NoBPTX_v2	EXO	0.00	±	0.00	0.00	±	0.00	0.00	±	0.00	0.00	±	0.00	0.00	±	0.00
0	HLT_HIL3Mu3BPTX_v1	HIN	0.00	±	0.00	0.00	±	0.00	0.00	±	0.00	0.00	±	0.00	0.00	±	0.00
0	HLT_AK4PFJet50_v3	HIN	0.00	±	0.00	0.00	±	0.00	0.00	±	0.00	0.00	±	0.00	0.00	±	0.00
0	HLT_FullTrack12ForEndOfFill_v1	HIN	0.00	±	0.00	0.00	±	0.00	0.00	±	0.00	0.00	±	0.00	0.00	±	0.00
0	HLT_HISinglePhoton60_v2	HIN	0.00	±	0.00	0.00	±	0.00	0	±	0	0	±	0	0	±	0
0	HLT_VBF_DisplacedJet40_VTightID_Hadronic_v2	EXO	0.00	±	0.00	0.00	±	0.00	0.00	±	0.00	0.00	±	0.00	0.00	±	0.00
0	HLT_AK4PFJet30_v3	HIN	0.00	±	0.00	0.00	±	0.00	0.00	±	0.00	0.00	±	0.00	0.00	±	0.00
0	HLT_AK4PFJet80_v3	HIN	0.00	±	0.00	0.00	±	0.00	0.00	±	0.00	0.00	±	0.00	0.00	±	0.00
0	HLT_HISinglePhoton15ForEndOfFill_v1	HIN	0.00	±	0.00	0.00	±	0.00	0.00	±	0.00	0.00	±	0.00	0.00	±	0.00
0	HLT_AK4CaloJet100_v2	HIN	0.00	±	0.00	0.00	±	0.00	0.00	±	0.00	0.00	±	0.00	0.00	±	0.00
30	HLT_L2Mu10_NoVertex_NoBPTX3BX_NoHalo_v2	EXO	0.00	±	0.00	0.00	±	0.00	0.00	±	0.00	0.00	±	0.00	0.00	±	0.00
50	HLT_ZeroBias_IsolatedBunches_v1	TSG	0.00	±	0.00	0.00	±	0.00	0	±	0	0	±	0	0	±	0
1	HLT_JetE30_NoBPTX3BX_NoHalo_v2	EXO	0.00	±	0.00	0.00	±	0.00	0.00	±	0.00	0.00	±	0.00	0.00	±	0.00
1	HLT_L2Mu40_NoVertex_3Sta_NoBPTX3BX_NoHalo_v2	EXO	0.00	±	0.00	0.00	±	0.00	0	±	0	0	±	0	0	±	0
0	HLT_L1SingleMuOpen_v2	0	0.00	±	0.00	0.00	±	0.00	0	±	0	0	±	0	0	±	0
3000	HLT_L1Tech_DT_GlobalOR_v2	DT	0	±	0	0	±	0	0	±	0	0	±	0	0	±	0
1	HLT_L2Mu35_NoVertex_3Sta_NoBPTX3BX_NoHalo_v2	EXO	0.00	±	0.00	0.00	±	0.00	0.00	±	0.00	0.00	±	0.00	0.00	±	0.00
0	HLT_HISinglePhoton10ForEndOfFill_v1	HIN	0.00	±	0.00	0.00	±	0.00	0.00	±	0.00	0.00	±	0.00	0.00	±	0.00
0	HLT_AK4CaloJet40_v2	HIN	0.00	±	0.00	0.00	±	0.00	0.00	±	0.00	0.00	±	0.00	0.00	±	0.00
0	HLT_L1SingleMuOpen_DT_v2	0	0.00	±	0.00	0.00	±	0.00	0.00	±	0.00	0.00	±	0.00	0.00	±	0.00
0	HLT_AK4CaloJet80_v2	HIN	0.00	±	0.00	0.00	±	0.00	0.00	±	0.00	0.00	±	0.00	0.00	±	0.00
0	HLT_HIL2DoubleMu0BPTX_v1	HIN	0.00	±	0.00	0.00	±	0.00	0.00	±	0.00	0.00	±	0.00	0.00	±	0.00
0	HLT_HISinglePhoton40_v2	HIN	0.00	±	0.00	0.00	±	0.00	0.00	±	0.00	0.00	±	0.00	0.00	±	0.00
3500	HLT_GlobalRunHPDNoise_v2	HCAL	0.00	±	0.00	0.00	±	0.00	0	±	0	0	±	0	0	±	0
0	HLT_AK4CaloJet50_v2	HIN	0.00	±	0.00	0.00	±	0.00	0.00	±	0.00	0.00	±	0.00	0.00	±	0.00
0	HLT_PixelTracks_Multiplicity60ForEndOfFill_v1	HIN	0.00	±	0.00	0.00	±	0.00	0	±	0	0	±	0	0	±	0
0	HLT_PixelTracks_Multiplicity160ForEndOfFill_v1	HIN	0.00	±	0.00	0.00	±	0.00	0.00	±	0.00	0.00	±	0.00	0.00	±	0.00
0	HLT_VBF_DisplacedJet40_VTightID_DisplacedTrack_v2	EXO	0.00	±	0.00	0.00	±	0.00	0.00	±	0.00	0.00	±	0.00	0.00	±	0.00
0	HLT_VBF_DisplacedJet40_VVTightID_Hadronic_v2	EXO	0.00	±	0.00	0.00	±	0.00	0.00	±	0.00	0.00	±	0.00	0.00	±	0.00
0	HLT_VBF_DisplacedJet40_VVTightID_DisplacedTrack_v2	EXO	0.00	±	0.00	0.00	±	0.00	0.00	±	0.00	0.00	±	0.00	0.00	±	0.00
0	HLT_VBF_DisplacedJet40_VVTightID_DisplacedTrack_v2	EXO	0.00	±	0.00	0.00	±	0.00									