Path	Group	Primary dataset	Total	ParkingZeroBias0	ParkingZeroBias1	ParkingZeroBias2	ParkingZeroBias3
HLT_L1FatEvents_part1_v1	TSG	HLTPhysics1	291258	73049	72760	72758	72691
HLT_L1FatEvents_part3_v1	TSG	HLTPhysics3	291258	73049	72760	72758	72691
HLT_Physics_v4	TSG	HLTPhysics	291258	73049	72760	72758	72691
HLT_L1FatEvents_v1	TSG	HLTPhysics	291258	73049	72760	72758	72691
HLT_L1FatEvents_part2_v1	TSG	HLTPhysics2	291258	73049	72760	72758	72691
HLT_L1FatEvents_part0_v1	TSG	HLTPhysics0	291258	73049	72760	72758	72691
HLT_Ele27_eta2p1_WPLoose_Gsf_v6	EGM,HIG,TOP,B2G,SUSY,SMP	SingleElectron	167	37	45	39	46
HLT_IsoMu22_v3	SMP,Muon,HIG,TOP,B2G,SUSY	SingleMuon	153	34	31	43	45
HLT_HT410to430_v3	EXO	ParkingHT410to430,ParkingScoutingMonitor	142	35	37	36	34
HLT_IsoMu22_eta2p1_v2	SMP,Muon,HIG,TOP,B2G,SUSY	SingleMuon	140	34	29	39	38
HLT_Ele27_WPTight_Gsf_v5	EGM,HIG,TOP,SUSY,SMP,EXO	SingleElectron	136	31	38	30	37
HLT_IsoTkMu22_v4	SMP,Muon,HIG,TOP,B2G,SUSY	SingleMuon	128	26	25	36	41
HLT_IsoMu24_v2	SMP,Muon,HIG,TOP,B2G,SUSY	SingleMuon	126	25	24	35	42
HLT_Ele25_eta2p1_WPTight_Gsf_v5	EGM,HIG,TOP,SMP	SingleElectron	114	22	32	28	32
HLT_IsoTkMu22_eta2p1_v3	SMP,Muon,HIG,TOP,B2G,SUSY	SingleMuon	114	26	23	30	35
HLT_HT550to650_v3	EXO	ParkingHT550to650,ParkingScoutingMonitor	112	27	27	27	31
HLT_HT470to500_v3	EXO	ParkingHT470to500,ParkingScoutingMonitor	110	28	22	30	30
HLT_IsoTkMu24_v3	SMP,Muon,HIG,B2G,SUSY	SingleMuon	109	20	21	31	37
HLT_Ele27_eta2p1_WPTight_Gsf_v6	EGM,SMP,EXO	SingleElectron	108	20	31	27	30
HLT_IsoMu27_v5	SMP,Muon,HIG,B2G,SUSY	SingleMuon	105	17	23	30	35
HLT_HT430to450_v3	EXO	ParkingHT430to450,ParkingScoutingMonitor	103	24	26	27	26
HLT_HT650_v4	EXO	ParkingHT650,ParkingScoutingMonitor	101	19	25	28	29
HLT_HT500to550_v3	EXO	ParkingHT500to550,ParkingScoutingMonitor	99	25	25	32	17
HLT_IsoTkMu27_v6	SMP,Muon,HIG,B2G,SUSY	SingleMuon	90	15	19	25	31
HLT_Ele32_eta2p1_WPTight_Gsf_v6	EGM,HIG	SingleElectron	86	18	23	21	24
HLT_HT450to470_v3	EXO	ParkingHT450to470,ParkingScoutingMonitor	83	23	21	18	21
HLT_DoubleMediumIsoPFTau32_Trk1_eta2p1_Reg_v3	TAU,HIG,EXO	Tau	80	24	24	20	12
HLT_DoubleMediumIsoPFTau35_Trk1_eta2p1_Reg_v4	TAU,HIG,EXO	Tau	70	22	22	15	11
HLT_Ele45_WPLoose_Gsf_v5	EGM,HIG,B2G,SMP	SingleElectron	65	12	22	13	18
HLT_DoubleMediumIsoPFTau40_Trk1_eta2p1_Reg_v6	TAU,HIG,EXO	Tau	59	20	19	10	10
HLT_PFHT800_v4	SUSY,B2G,EXO	JetHT	48	11	11	13	13
HLT_Mu45_eta2p1_v4	EXO,SMP,Muon,B2G	SingleMuon	38	8	7	10	13
HLT_VLooseIsoPFTau120_Trk50_eta2p1_v2	TAU	Tau	38	7	10	13	8
HLT_AK8DiPFJet280_200_TrimMass30_BTagCSV_p20_v2	B2G	JetHT	37	11	7	8	11
HLT_IsoMu16_eta2p1_MET30_v2	HIG,TAU,EXO	SingleMuon	36	8	9	10	9
HLT_Diphoton30_18_R9Id_OR_IsoCaloId_AND_HE_R9Id_Mass90_v5	HIG	DoubleEG	33	11	9	7	6
HLT_DoubleMu4_LowMassNonResonantTrk_Displaced_v4	BPH	DoubleMuonLowMass	31	8	7	8	8
HLT_PFHT900_v3	B2G,EXO	JetHT	31	8	9	7	7
HLT_Mu17_TrkIsoVVL_TkMu8_TrkIsoVVL_v3	HIG,Muon,TOP,B2G,SUSY,SMP	DoubleMuon	30	8	5	15	2
HLT_Rsq0p02_MR300_TriPFJet80_60_40_DoubleBTagCSV_p063_Mbb60_200_v2	SUSY	BTagCSV	27	4	7	8	8
HLT_AK8PFHT700_TrimR0p1PT0p03Mass50_v5	B2G	JetHT	27	7	6	4	10
HLT_Diphoton30PV_18PV_R9Id_AND_IsoCaloId_AND_HE_R9Id_DoublePixelVeto_Mass55_v5	HIG,SMP	DoubleEG	27	9	8	4	6
HLT_AK8PFJet450_v1	SMP	JetHT	26	8	5	7	6
HLT_Diphoton30_18_Solid_R9Id_AND_IsoCaloId_AND_HE_R9Id_Mass55_v5	HIG,SMP	DoubleEG	26	7	9	4	6
HLT_Diphoton30EB_18EB_R9Id_OR_IsoCaloId_AND_HE_R9Id_DoublePixelVeto_Mass55_v5	HIG,SMP	DoubleEG	26	6	5	6	9
HLT_Photon36_R9Id85_OR_CaloId24b40e_Iso50T80L_Photon22_AND_HE10_R9Id65_Eta2_Mass15_v6	EXO	DoubleEG	25	7	6	4	8
HLT_Ele105_CaloIdVT_GsfTrkIdT_v7	EXO,B2G	SingleElectron	24	4	10	4	6
HLT_PFHT750_4JetPt50_v5	EXO	JetHT	24	4	7	6	7
HLT_Ele50_CaloIdVT_GsfTrkIdT_PFJet140_v4	B2G	SingleElectron	23	6	8	3	6
HLT_VBF_DisplacedJet40_Hadronic_2PromptTrack_v3	EXO	DisplacedJet	22	2	7	9	4
HLT_Mu50_v4	EXO,SMP,B2G,Muon	SingleMuon	22	5	3	8	6
HLT_Ele27_eta2p1_WPLoose_Gsf_LooseIsoPFTau20_SingleL1_v5	TAU,HIG	SingleElectron	21	3	10	4	4
HLT_Ele15_IsoVVVL_PFHT400_v3	SUSY	SingleElectron	20	2	7	6	5
HLT_Mu17_Photon22_CaloIdL_L1ISO_v4	HIG	MuonEG	20	2	10	5	3
HLT_Ele115_CaloIdVT_GsfTrkIdT_v6	EXO,B2G	SingleElectron	20	4	8	4	4
HLT_TkMu50_v3	EXO,SMP,Muon	SingleMuon	20	4	2	7	7
HLT_VLooseIsoPFTau140_Trk50_eta2p1_v2	TAU	Tau	19	5	3	6	5
HLT_Mu17_TrkIsoVVL_Mu8_TrkIsoVVL_v4	HIG,Muon,TOP,B2G,SUSY,SMP	DoubleMuon	19	3	1	11	4
HLT_Ele32_eta2p1_WPLoose_Gsf_LooseIsoPFTau20_SingleL1_v5	TAU,HIG	SingleElectron	19	3	9	4	3
HLT_PFJet450_v5	SMP,B2G,BTV	JetHT	18	5	3	6	4
HLT_BTagMu_DiJet170_Mu5_v2	BTV	BTagMu	18	4	5	4	5
HLT_DoubleEle33_CaloIdL_GsfTrkIdVL_v7	EXO,B2G	DoubleEG	18	4	4	6	4
HLT_AK8PFJet360_TrimMass30_v4	B2G	JetHT	18	6	4	5	3
HLT_Mu55_v3	EXO,B2G	SingleMuon	17	3	3	6	5
HLT_VBF_DisplacedJet40_Hadronic_v3	EXO	DisplacedJet	17	2	5	8	2
HLT_Mu30_TkMu11_v3	EXO,B2G,SUSY	DoubleMuon	17	4	3	7	3
HLT_PFHT650_WideJetMJJ900DEtaJJ1p5_v5	EXO,B2G	JetHT	16	3	2	4	7
HLT_Ele50_CaloIdVT_GsfTrkIdT_PFJet165_v4	B2G	SingleElectron	16	5	5	3	3
HLT_Ele24_eta2p1_WPLoose_Gsf_LooseIsoPFTau20_v5	TAU,HIG	SingleElectron	15	2	4	5	4
HLT_Ele27_eta2p1_WPLoose_Gsf_HT200_v6	HIG	SingleElectron	15	4	5	3	3
HLT_Photon165_HE10_v7	SUSY,EXO,SMP,EGM	SinglePhoton	15	4	4	3	4
HLT_Dimuon8_Upsilon_Barrel_v4	BPH	MuOnia	15	2	6	5	2
HLT_PFMETNoMu100_PFMHTNoMu100_IDTight_v4	HIG,EXO,SUSY	MET	14	2	4	4	4
HLT_PFHT450_SixJet40_BTagCSV_p056_v2	HIG,TOP	JetHT	14	3	4	5	2
HLT_Mu8_TrkIsoVVL_Ele23_CaloIdL_TrackIdL_IsoVL_v6	HIG,TOP,B2G,SUSY	MuonEG	14	1	3	4	6
HLT_Photon42_R9Id85_OR_CaloId24b40e_Iso50T80L_Photon25_AND_HE10_R9Id65_Eta2_Mass15_v6	EXO	DoubleEG	14	3	4	2	5
HLT_DoubleEle33_CaloIdL_GsfTrkIdVL_MW_v7	EXO,SUSY	DoubleEG	14	4	2	5	3
HLT_Mu17_Photon30_CaloIdL_L1ISO_v6	HIG	MuonEG	13	0	8	3	2
HLT_PFHT250_DiPFJetAve90_PFAlphaT0p55_v4	SUSY	HTMHT	13	4	2	1	6
HLT_Photon175_v7	SUSY,EXO,SMP,EGM	SinglePhoton	13	1	5	3	4
HLT_DoubleJet90_Double30_TripleBTagCSV_p087_v2	HIG	BTagCSV	13	2	3	4	4
HLT_QuadJet45_TripleBTagCSV_p087_v3	HIG	BTagCSV	13	2	2	6	3
HLT_PFMET100_PFMHT100_IDTight_v4	HIG,SUSY	MET	13	2	4	4	3
HLT_Mu40_TkMu11_v3	EXO,B2G	DoubleMuon	13	3	3	6	1
HLT_PFHT400_SixJet30_DoubleBTagCSV_p056_v2	HIG,TOP	JetHT	13	5	0	7	1
HLT_DoubleEle37_Ele27_CaloIdL_GsfTrkIdVL_v5	EXO,B2G	DoubleEG	13	2	2	6	3
HLT_PFMETNoMu110_PFMHTNoMu110_IDTight_v4	HIG,EXO,SUSY	MET	12	2	4	3	3
HLT_CaloJet500_NoJetID_v4	EXO	JetHT	12	4	2	3	3
HLT_MonoCentralPFJet80_PFMETNoMu100_PFMHTNoMu100_IDTight_v4	EXO	MET	12	2	4	3	3
HLT_DoubleMu4_JpsiTrk_Displaced_v4	BPH	Charmonium	12	3	3	5	1
HLT_PFMET100_PFMHT100_IDTight_BeamHaloCleaned_v1	JME	MET	12	2	4	3	3
HLT_Mu17_TrkIsoVVL_TkMu8_TrkIsoVVL_DZ_v3	HIG,Muon,TOP,B2G,SUSY,SMP	DoubleMuon	12	4	1	6	1
HLT_PFHT650_WideJetMJJ950DEtaJJ1p5_v5	EXO,B2G	JetHT	12	3	2	4	3
HLT_Ele50_IsoVVVL_PFHT400_v3	SUSY	SingleElectron	12	1	3	4	4
HLT_AK8PFJet500_v1	SMP	JetHT	12	5	2	2	3
HLT_DiCentralPFJet55_PFMET110_v3	SUSY	MET	11	1	5	3	2
HLT_PFMET110_PFMHT110_IDTight_v4	HIG,SUSY	MET	11	2	4	3	2
HLT_Mu17_TrkIsoVVL_Mu8_TrkIsoVVL_DZ_v4	HIG,Muon,TOP,B2G,SUSY,SMP,AlCa/Muon	DoubleMuon	11	2	0	6	3
HLT_IsoMu19_eta2p1_LooseIsoPFTau20_SingleL1_v2	TAU,HIG	SingleMuon	11	2	1	4	4
HLT_Mu17_Photon35_CaloIdL_L1ISO_v6	EXO	MuonEG	10	0	6	2	2
HLT_Mu28NoFiltersNoVtxDisplaced_Photon28_CaloIdL_v5	EXO	MuonEG	10	1	6	1	2
HLT_Photon90_CaloIdL_PFHT500_v6	SUSY	SinglePhoton	10	2	4	0	4
HLT_PFHT200_DiPFJetAve90_PFAlphaT0p63_v4	SUSY	HTMHT	10	2	3	0	5
HLT_Ele23_Ele12_CaloIdL_TrackIdL_IsoVL_DZ_v7	HIG,TOP,B2G,SUSY,SMP,AlCa/EGM	DoubleEG	10	4	4	2	0
HLT_MonoCentralPFJet80_PFMETNoMu110_PFMHTNoMu110_IDTight_v4	EXO	MET	10	2	4	2	2
HLT_Ele24_eta2p1_WPLoose_Gsf_LooseIsoPFTau30_v1	TAU,HIG	SingleElectron	10	2	4	2	2
HLT_DiCentralPFJet430_v2	EXO	JetHT	10	3	1	3	3
HLT_DoubleJetsC100_SingleBTagCSV_p026_SinglePFJetC350_v2	HIG	BTagCSV	9	2	2	3	2
HLT_Mu38NoFiltersNoVtx_DisplacedJet60_Loose_v3	EXO	SingleMuon	9	4	2	3	0
HLT_Ele22_eta2p1_WPLoose_Gsf_LooseIsoPFTau20_SingleL1_v6	TAU,HIG	SingleElectron	9	1	5	1	2
HLT_QuadPFJet_BTagCSV_p016_p11_VBF_Mqq240_v2	HIG	BTagCSV	9	2	3	4	0
HLT_PFMETNoMu120_PFMHTNoMu120_IDTight_v4	HIG,EXO,SUSY	MET	9	1	2	3	3
HLT_DiCentralPFJet330_CFMax0p5_v2	EXO	JetHT	9	5	1	0	3
HLT_Ele24_eta2p1_WPLoose_Gsf_LooseIsoPFTau20_SingleL1_v5	TAU,HIG	SingleElectron	9	1	5	1	2
HLT_IsoMu19_eta2p1_LooseIsoPFTau20_v2	TAU,HIG	SingleMuon	9	1	0	4	4
HLT_LooseIsoPFTau50_Trk30_eta2p1_MET90_v2	TAU,HIG,EXO	Tau	9	3	6	0	0
HLT_PFMET120_PFMHT120_IDTight_v4	HIG,SUSY	MET	9	2	2	3	2
HLT_Dimuon13_Upsilon_v3	BPH	MuOnia	9	0	5	1	3
HLT_DiCentralPFJet220_CFMax0p3_v2	EXO	JetHT	9	3	0	2	4
HLT_Mu38NoFiltersNoVtxDisplaced_DisplacedJet60_Loose_v3	EXO	SingleMuon	8	3	2	3	0
HLT_PFJet500_v5	SMP,B2G,BTV	JetHT	8	4	0	2	2
HLT_DoublePhoton60_v5	EXO,EGM	DoubleEG	8	2	1	0	5
HLT_DoubleJetsC100_SingleBTagCSV_p026_v2	HIG	BTagCSV	8	3	1	2	2
HLT_Photon250_NoHE_v6	HIG	SinglePhoton	8	2	2	1	3
HLT_IsoMu21_eta2p1_LooseIsoPFTau20_SingleL1_v2	TAU,HIG	SingleMuon	7	1	1	3	2
HLT_DoubleJetsC100_DoubleBTagCSV_p014_DoublePFJetsC100MaxDeta1p6_v2	HIG	BTagCSV	7	1	4	1	1
HLT_BTagMu_AK8Jet300_Mu5_v2	BTV	BTagMu	7	2	1	2	2
HLT_Ele27_WPLoose_Gsf_WHbbBoost_v6	HIG	SingleElectron	7	2	3	1	1
HLT_PFHT250_DiPFJetAve90_PFAlphaT0p58_v4	SUSY	HTMHT	7	2	1	0	4
HLT_DoubleMu4_3_Bs_v4	BPH	Charmonium	7	1	1	2	3
HLT_MonoCentralPFJet80_PFMETNoMu120_PFMHTNoMu120_IDTight_v4	EXO	MET	7	1	2	2	2
HLT_DoubleJetsC112_DoubleBTagCSV_p014_DoublePFJetsC112MaxDeta1p6_v2	HIG	BTagCSV	7	1	4	1	1
HLT_Mu23_TrkIsoVVL_Ele8_CaloIdL_TrackIdL_IsoVL_v4	HIG,SUSY,TOP	MuonEG	7	0	2	1	4
HLT_Mu15_IsoVVVL_PFHT400_v2	SUSY	SingleMuon	7	3	2	1	1
HLT_Photon75_R9Id90_HE10_Iso40_EBOnly_PFMET40_v6	HIG	SinglePhoton	6	2	3	1	0
HLT_RsqMR270_Rsq0p09_MR200_v3	SUSY	HTMHT	6	1	3	2	0
HLT_Mu23_TrkIsoVVL_Ele12_CaloIdL_TrackIdL_IsoVL_v6	HIG,SUSY,TOP	MuonEG	6	0	1	1	4
HLT_Ele45_CaloIdVT_GsfTrkIdT_PFJet200_PFJet50_v6	B2G	SingleElectron	6	2	3	0	1
HLT_DoubleJetsC100_SingleBTagCSV_p014_v2	HIG	BTagCSV	6	2	1	1	2
HLT_DoubleJetsC100_SingleBTagCSV_p014_SinglePFJetC350_v2	HIG	BTagCSV	6	2	2	1	1
HLT_PFHT300_PFMET100_v3	SUSY,EXO	HTMHT	6	1	3	1	1
HLT_DiPFJetAve220_HFJEC_v5	FSQ,JME	JetHT	6	0	3	1	2
HLT_Dimuon0_Jpsi_Muon_v3	BPH	Charmonium	6	0	1	3	2
HLT_PFHT400_DiPFJetAve90_PFAlphaT0p51_v4	SUSY	HTMHT	6	4	1	0	1
HLT_Mu8_Ele8_CaloIdM_TrackIdM_Mass8_PFHT300_v7	SUSY	MuonEG	6	2	4	0	0
HLT_Mu38NoFiltersNoVtxDisplaced_DisplacedJet60_Tight_v3	EXO	SingleMuon	5	2	2	1	0
HLT_CaloMHTNoPU90_PFMET90_PFMHT90_IDTight_BTagCSV_p067_v3	HIG	MET	5	1	1	2	1
HLT_PFHT300_PFMET110_v3	SUSY,EXO	HTMHT	5	1	3	0	1
HLT_Mu25_TkMu0_dEta18_Onia_v4	BPH	MuOnia	5	1	0	3	1
HLT_Mu30_Ele30_CaloIdL_GsfTrkIdVL_v5	EXO,SUSY	MuonEG	5	1	2	0	2
HLT_HT350_DisplacedDijet40_DisplacedTrack_v4	EXO	DisplacedJet	5	1	0	3	1
HLT_Mu33NoFiltersNoVtxDisplaced_Photon33_CaloIdL_v5	EXO	MuonEG	5	0	3	0	2
HLT_PFHT650_v5	EXO	JetHT	5	2	2	1	0
HLT_PFHT300_DiPFJetAve90_PFAlphaT0p53_v4	SUSY	HTMHT	5	2	1	1	1
HLT_Dimuon20_Jpsi_v3	BPH	Charmonium	5	0	0	3	2
HLT_QuadPFJet_BTagCSV_p016_VBF_Mqq500_v2	HIG	BTagCSV	5	2	1	1	1
HLT_Mu17_Mu8_SameSign_v3	HIG	DoubleMuon	5	1	2	1	1
HLT_BTagMu_Jet300_Mu5_v3	BTV	BTagMu	5	2	1	1	1
HLT_Photon90_CaloIdL_PFHT600_v5	SUSY,EXO	SinglePhoton	4	1	1	0	2
HLT_DoubleJetsC100_DoubleBTagCSV_p026_DoublePFJetsC160_v2	HIG	BTagCSV	4	0	3	1	0
HLT_PFHT450_SixJet40_v4	HIG	JetHT	4	0	2	1	1
HLT_Ele23_Ele12_CaloIdL_TrackIdL_IsoVL_v7	HIG,TOP,B2G,SMP	DoubleEG	4	0	1	1	2
HLT_AK8PFJet260_v1	SMP	JetHT	4	1	0	2	1
HLT_Mu6_PFHT200_PFMET100_v2	JME	MET	4	2	2	0	0
HLT_HT650_DisplacedDijet80_Inclusive_v4	EXO	DisplacedJet	4	2	1	1	0
HLT_Dimuon0_Upsilon_Muon_v3	BPH	MuOnia	4	2	1	1	0
HLT_MET200_v3	EXO	MET	4	1	1	2	0
HLT_PFMET170_HBHECleaned_v5	JME,SUSY	MET	4	1	1	2	0
HLT_Mu6_PFHT200_PFMET80_BTagCSV_p067_v2	SUSY	MET	4	1	2	0	1
HLT_IsoMu21_eta2p1_LooseIsoPFTau50_Trk30_eta2p1_SingleL1_v1	TAU,HIG	SingleMuon	4	0	0	2	2
HLT_DoubleMu3_Trk_Tau3mu_v2	BPH	DoubleMuonLowMass	4	0	1	0	3
HLT_DoubleIsoMu17_eta2p1_v4	TAU,HIG	SingleMuon	4	0	0	4	0
HLT_DoubleIsoMu17_eta2p1_noDzCut_v2	TAU	SingleMuon	4	0	0	4	0
HLT_PFHT400_SixJet30_v4	HIG	JetHT	4	1	2	1	0
HLT_PFHT300_DiPFJetAve90_PFAlphaT0p54_v4	SUSY	HTMHT	4	2	0	1	1
HLT_DiPFJetAve400_v4	JME	JetHT	4	1	1	0	2
HLT_RsqMR240_Rsq0p09_MR200_4jet_v3	SUSY	HTMHT	4	1	2	1	0
HLT_PFJet400_v5	SMP,B2G,BTV	JetHT	3	1	1	1	0
HLT_PFMET120_BTagCSV_p067_v3	SUSY	MET	3	1	2	0	0
HLT_Ele45_WPLoose_Gsf_L1JetTauSeeded_v2	EGM,B2G	SingleElectron	3	1	2	0	0
HLT_LooseIsoPFTau50_Trk30_eta2p1_MET110_v2	TAU,HIG,EXO	Tau	3	2	1	0	0
HLT_Ele27_eta2p1_WPLoose_Gsf_DoubleMediumIsoPFTau35_Trk1_eta2p1_Reg_v6	TAU,HIG,EXO	SingleElectron	3	1	2	0	0
HLT_PFHT350_DiPFJetAve90_PFAlphaT0p53_v4	SUSY	HTMHT	3	2	0	0	1
HLT_Mu24_eta2p1_v4	SMP,EXO	SingleMuon	3	0	0	1	2
HLT_Photon135_PFMET100_v5	EXO	SinglePhoton	3	1	1	1	0
HLT_PFJet260_v5	JME,SMP,BTV	JetHT	3	1	0	1	1
HLT_Mu14er_PFMET100_v2	JME,SUSY	MET	3	1	2	0	0
HLT_DoubleMu3_PFMET50_v2	SUSY	MET	3	0	1	0	2
HLT_HT350_DisplacedDijet40_Inclusive_v3	EXO	DisplacedJet	3	0	1	1	1
HLT_Ele27_eta2p1_WPLoose_Gsf_DoubleMediumIsoPFTau32_Trk1_eta2p1_Reg_v5	TAU,HIG,EXO	SingleElectron	3	1	2	0	0
HLT_HT750_DisplacedDijet80_Inclusive_v4	EXO	DisplacedJet	3	1	1	1	0
HLT_DoubleEle8_CaloIdM_TrackIdM_Mass8_PFHT300_v7	SUSY	DoubleEG	3	0	1	1	1
HLT_Mu12_Photon25_CaloIdL_L1OR_v6	HIG	MuonEG	3	0	1	1	1
HLT_TkMu24_eta2p1_v5	SMP	SingleMuon	3	0	0	1	2
HLT_Mu3er_PFHT140_PFMET125_v3	SUSY	MET	3	2	1	0	0
HLT_Mu37_Ele27_CaloIdL_GsfTrkIdVL_v3	EXO,B2G,SUSY	MuonEG	3	1	0	0	2
HLT_DoubleMu33NoFiltersNoVtx_v3	EXO	DoubleMuon	3	0	0	3	0
HLT_Ele17_Ele12_CaloIdL_TrackIdL_IsoVL_v7	HIG,SMP	DoubleEG	3	0	1	1	1
HLT_DiPFJetAve500_v4	JME	JetHT	3	1	0	2	0
HLT_Dimuon13_PsiPrime_v3	BPH	Charmonium	3	2	1	0	0
HLT_Diphoton30_18_R9Id_OR_IsoCaloId_AND_HE_R9Id_DoublePixelSeedMatch_Mass70_v5	HIG	DoubleEG	3	1	1	1	0
HLT_Mu8_DiEle12_CaloIdL_TrackIdL_v6	HIG	MuonEG	3	0	2	1	0
HLT_Photon300_NoHE_v6	HIG	SinglePhoton	3	1	1	1	0
HLT_IsoMu16_eta2p1_MET30_LooseIsoPFTau50_Trk30_eta2p1_v2	HIG,TAU,EXO	SingleMuon	3	0	0	2	1
HLT_AK8PFJet400_v1	SMP	JetHT	3	1	1	1	0
HLT_DoublePhoton85_v6	EXO,EGM	DoubleEG	2	0	0	0	2
HLT_DoubleJetsC112_DoubleBTagCSV_p026_DoublePFJetsC172_v2	HIG	BTagCSV	2	0	2	0	0
HLT_Ele27_WPTight_Gsf_L1JetTauSeeded_v2	EGM	SingleElectron	2	0	2	0	0
HLT_LooseIsoPFTau50_Trk30_eta2p1_MET120_v2	TAU,HIG,EXO	Tau	2	1	1	0	0
HLT_Photon120_R9Id90_HE10_IsoM_v6	SMP,SUSY	SinglePhoton	2	0	1	0	1
HLT_Ele27_HighEta_Ele20_Mass55_v5	ECAL	DoubleEG	2	0	0	0	2
HLT_DoubleEle24_22_eta2p1_WPLoose_Gsf_v6	TAU,HIG	DoubleEG	2	0	0	1	1
HLT_Mu17_Mu8_SameSign_DZ_v3	HIG	DoubleMuon	2	0	1	0	1
HLT_DoubleMu38NoFiltersNoVtx_v3	EXO	DoubleMuon	2	0	0	2	0
HLT_DiPFJetAve320_v4	JME	JetHT	2	2	0	0	0
HLT_DiSC30_18_EIso_AND_HE_Mass70_v4	EGM	Commissioning	2	0	1	1	0
HLT_PFHT600_v5	SUSY	JetHT	2	0	2	0	0
HLT_Photon50_R9Id90_HE10_Iso40_EBOnly_VBF_v5	HIG	SinglePhoton	2	1	0	1	0
HLT_AK8PFJet320_v1	SMP	JetHT	2	1	0	0	1
HLT_Mu16_eta2p1_MET30_v2	HIG,TAU	SingleMuon	2	1	0	1	0
HLT_VBF_DisplacedJet40_VTightID_Hadronic_v3	EXO	DisplacedJet	2	0	1	1	0
HLT_Photon165_R9Id90_HE10_IsoM_v7	SMP,SUSY	SinglePhoton	2	0	1	0	1
HLT_DiCentralPFJet170_CFMax0p1_v2	EXO	JetHT	2	0	1	0	1
HLT_DoubleMu4_3_Jpsi_Displaced_v4	BPH	Charmonium	2	1	0	1	0
HLT_Mu15_IsoVVVL_PFHT600_v5	SUSY	SingleMuon	2	0	1	1	0
HLT_Ele15_IsoVVVL_PFHT600_v6	SUSY	SingleElectron	2	0	0	1	1
HLT_Dimuon0er16_Jpsi_NoVertexing_v3	BPH	Charmonium	2	0	1	0	1
HLT_DiMu9_Ele9_CaloIdL_TrackIdL_v6	HIG	MuonEG	2	0	1	1	0
HLT_Mu38NoFiltersNoVtx_Photon38_CaloIdL_v5	EXO	MuonEG	2	0	1	0	1
HLT_DoubleMu4_PsiPrimeTrk_Displaced_v4	BPH	Charmonium	2	1	0	0	1
HLT_VBF_DisplacedJet40_VVTightID_Hadronic_v3	EXO	DisplacedJet	2	0	1	1	0
HLT_DoubleMu8_Mass8_PFHT300_v6	SUSY	DoubleMuon	2	1	1	0	0
HLT_PFMET120_Mu5_v3	JME,SUSY	MET	2	2	0	0	0
HLT_Ele15_IsoVVVL_PFHT400_PFMET50_v3	SUSY	SingleElectron	1	0	1	0	0
HLT_Photon120_R9Id90_HE10_Iso40_EBOnly_VBF_v5	HIG	SinglePhoton	1	0	1	0	0
HLT_Photon50_R9Id90_HE10_Iso40_EBOnly_PFMET40_v6	HIG	SinglePhoton	1	0	0	0	1
HLT_Photon50_R9Id90_HE10_IsoM_v6	SMP,SUSY	SinglePhoton	1	1	0	0	0
HLT_PFHT350_DiPFJetAve90_PFAlphaT0p52_v4	SUSY	HTMHT	1	1	0	0	0
HLT_Mu8_TrkIsoVVL_DiPFJet40_DEta3p5_MJJ750_HTT300_PFMETNoMu60_v1	SUSY	SingleMuon	1	0	0	1	0
HLT_Mu15_IsoVVVL_PFHT400_PFMET50_v2	SUSY	SingleMuon	1	1	0	0	0
HLT_Mu42NoFiltersNoVtx_Photon42_CaloIdL_v5	EXO	MuonEG	1	0	0	0	1
HLT_Rsq0p25_v3	SUSY	HTMHT	1	0	1	0	0
HLT_PFMET300_v3	PPD	MET	1	0	1	0	0
HLT_Mu40_eta2p1_PFJet200_PFJet50_v4	B2G	SingleMuon	1	0	0	0	1
HLT_VBF_DisplacedJet40_DisplacedTrack_2TrackIP2DSig5_v3	EXO	DisplacedJet	1	0	0	0	1
HLT_Photon75_R9Id90_HE10_IsoM_v6	SMP,SUSY	SinglePhoton	1	1	0	0	0
HLT_PFMET170_BeamHaloCleaned_v3	JME	MET	1	1	0	0	0
HLT_PFHT400_v4	SUSY	JetHT	1	0	0	1	0
HLT_HT350_DisplacedDijet80_DisplacedTrack_v4	EXO	DisplacedJet	1	0	0	1	0
HLT_AK8DiPFJet280_200_TrimMass30_v2	B2G	JetHT	1	0	0	1	0
HLT_Photon36_R9Id90_HE10_Iso40_EBOnly_VBF_v5	HIG	SinglePhoton	1	1	0	0	0
HLT_RsqMR270_Rsq0p09_MR200_4jet_v3	SUSY	HTMHT	1	0	1	0	0
HLT_Mu20_Mu10_SameSign_v2	HIG	DoubleMuon	1	1	0	0	0
HLT_Photon120_v6	SMP,EXO	SinglePhoton	1	1	0	0	0
HLT_Mu300_v2	EXO	SingleMuon	1	0	0	0	1
HLT_PFJet320_v5	SMP,BTV	JetHT	1	1	0	0	0
HLT_TripleMu_5_3_3_v1	SUSY	DoubleMuon	1	0	0	0	1
HLT_PFHT550_4JetPt50_v3	EXO	JetHT	1	0	1	0	0
HLT_Photon120_R9Id90_HE10_Iso40_EBOnly_PFMET40_v6	HIG	SinglePhoton	1	1	0	0	0
HLT_DiPFJetAve260_v4	JME	JetHT	1	0	0	0	1
HLT_Photon75_R9Id90_HE10_Iso40_EBOnly_VBF_v5	HIG	SinglePhoton	1	0	0	1	0
HLT_Photon90_R9Id90_HE10_IsoM_v6	SMP,SUSY	SinglePhoton	1	0	0	0	1
HLT_PFMET400_v3	PPD	MET	1	0	1	0	0
HLT_PFMET170_NotCleaned_v4	JME	MET	1	1	0	0	0
HLT_DiPFJetAve300_HFJEC_v5	FSQ,JME	JetHT	1	0	1	0	0
HLT_HT575_v3	EXO	DisplacedJet	1	0	0	1	0
HLT_DiPFJet40_DEta3p5_MJJ600_PFMETNoMu140_v2	HIG	HTMHT	1	0	0	0	1
HLT_Ele24_eta2p1_WPLoose_Gsf_v5	TAU,HIG	SingleElectron	1	0	1	0	0
HLT_PFMETTypeOne190_HBHE_BeamHaloCleaned_v1	JME	MET	1	0	0	1	0
HLT_L2Mu10_v2	Muon	SingleMuon	1	1	0	0	0
HLT_VBF_DisplacedJet40_DisplacedTrack_v3	EXO	DisplacedJet	1	0	0	0	1
HLT_TkMu27_v5	SMP	SingleMuon	1	0	0	0	1
HLT_Photon90_v6	EXO	SinglePhoton	1	0	0	0	1
HLT_MET250_v3	PPD	MET	1	0	1	0	0
HLT_PFHT475_v4	SUSY	JetHT	1	0	0	0	1
HLT_PFHT400_DiPFJetAve90_PFAlphaT0p52_v4	SUSY	HTMHT	1	1	0	0	0
HLT_DoubleJet90_Double30_DoubleBTagCSV_p087_v2	HIG	BTagCSV	1	0	0	0	1
HLT_DiCentralPFJet170_v2	EXO	JetHT	1	0	1	0	0
HLT_MET300_v3	PPD	MET	1	0	1	0	0
HLT_PFMET170_HBHE_BeamHaloCleaned_v1	JME	MET	1	0	0	1	0
HLT_Ele16_Ele12_Ele8_CaloIdL_TrackIdL_v6	HIG	DoubleEG	1	0	1	0	0
HLT_Mu50_IsoVVVL_PFHT400_v2	SUSY	SingleMuon	1	0	0	0	1
HLT_PFHT300_v4	SUSY	JetHT	1	0	1	0	0
HLT_L2DoubleMu28_NoVertex_2Cha_Angle2p5_Mass10_v4	EXO	DoubleMuon	1	0	0	1	0
HLT_Photon90_R9Id90_HE10_Iso40_EBOnly_VBF_v5	HIG	SinglePhoton	1	1	0	0	0
HLT_HT325_v3	EXO	DisplacedJet	1	0	0	0	1
HLT_HT350_DisplacedDijet80_Tight_DisplacedTrack_v4	EXO	DisplacedJet	0	0	0	0	0
HLT_DoubleMu23NoFiltersNoVtxDisplaced_v3	EXO	DoubleMuon	0	0	0	0	0
HLT_HcalCalibration_v2	AlCa/HCAL	TestEnablesEcalHcal	0	0	0	0	0
HLT_AK8PFJet140_v1	SMP	JetHT	0	0	0	0	0
HLT_Photon22_R9Id90_HE10_Iso40_EBOnly_PFMET40_v6	HIG	SinglePhoton	0	0	0	0	0
HLT_Dimuon0er16_Jpsi_NoOS_NoVertexing_v3	BPH	Charmonium	0	0	0	0	0
HLT_Photon30_v6	SMP,EXO	SinglePhoton	0	0	0	0	0
HLT_CaloMHTNoPU90_PFMET90_PFMHT90_IDTight_v4	HIG	MET	0	0	0	0	0
HLT_HT200_DisplacedDijet40_DisplacedTrack_v3	EXO	DisplacedJet	0	0	0	0	0
HLT_HT500_DisplacedDijet40_Inclusive_v4	EXO	DisplacedJet	0	0	0	0	0
HLT_Mu20_Mu10_v3	HIG,SMP	DoubleMuon	0	0	0	0	0
HLT_Photon30_R9Id90_HE10_IsoM_v6	SMP,SUSY	SinglePhoton	0	0	0	0	0
HLT_DiPFJet40_DEta3p5_MJJ600_PFMETNoMu80_v2	HIG	HTMHT	0	0	0	0	0
HLT_DiPFJet15_NoCaloMatched_v2	FSQ	FSQJets	0	0	0	0	0
HLT_Mu17_v3	HIG,SUSY	DoubleMuon	0	0	0	0	0
HLT_FullTracks_Multiplicity100_v2	FSQ,HIN	HighMultiplicityEOF	0	0	0	0	0
HLT_HT425_v3	EXO	DisplacedJet	0	0	0	0	0
HLT_Mu17_TkMu8_DZ_v3	HIG,Muon,SMP	DoubleMuon	0	0	0	0	0
HLT_AK4PFJet100_v4	HIN	HINPFJets	0	0	0	0	0
HLT_Ele8_CaloIdL_TrackIdL_IsoVL_PFJet30_v4	SUSY	DoubleEG	0	0	0	0	0
HLT_PFHT200_PFAlphaT0p51_v4	SUSY	HTMHT	0	0	0	0	0
HLT_Mu28NoFiltersNoVtx_DisplacedJet40_Loose_v3	EXO	SingleMuon	0	0	0	0	0
HLT_Ele8_CaloIdM_TrackIdM_PFJet30_v6	SUSY	DoubleEG	0	0	0	0	0
HLT_Rsq0p30_v3	SUSY	HTMHT	0	0	0	0	0
HLT_AK4PFJet30_v4	HIN	HINPFJets	0	0	0	0	0
HLT_DiPFJetAve80_HFJEC_v5	FSQ,JME	JetHT	0	0	0	0	0
HLT_JetE30_NoBPTX3BX_v3	EXO	NoBPTX	0	0	0	0	0
HLT_PixelTracks_Multiplicity135ForEndOfFill_v3	FSQ,HIN	HighMultiplicityEOF	0	0	0	0	0
HLT_RsqMR240_Rsq0p09_MR200_v3	SUSY	HTMHT	0	0	0	0	0
HLT_Ele25_WPTight_Gsf_v5	EGM	SingleElectron	0	0	0	0	0
HLT_Mu8_TrkIsoVVL_v4	SUSY,Muon,HIG	DoubleMuon	0	0	0	0	0
HLT_PFHT650_4JetPt50_v3	EXO	JetHT	0	0	0	0	0
HLT_Ele10_CaloIdM_TrackIdM_CentralPFJet30_BTagCSV_p13_v4	SUSY	DoubleEG	0	0	0	0	0
HLT_TkMu20_v4	SMP	SingleMuon	0	0	0	0	0
HLT_IsoMu20_v4	SMP,Muon,HIG,TOP,AlCa/TRK	SingleMuon	0	0	0	0	0
HLT_TrkMu17_DoubleTrkMu8NoFiltersNoVtx_v4	EXO	DoubleMuon	0	0	0	0	0
HLT_TripleMu_12_10_5_v3	HIG,SMP	DoubleMuon	0	0	0	0	0
HLT_DoubleEle8_CaloIdM_TrackIdM_Mass8_PFHT250_v4	SUSY	DoubleEG	0	0	0	0	0
HLT_Ele23_Ele12_CaloIdL_TrackIdL_IsoVL_DZ_L1JetTauSeeded_v1	HIG	DoubleEG	0	0	0	0	0
HLT_AK4CaloJet30_v4	HIN	HINCaloJets	0	0	0	0	0
HLT_Mu28NoFiltersNoVtx_CentralCaloJet40_v3	EXO	SingleMuon	0	0	0	0	0
HLT_Ele25_eta2p1_WPLoose_Gsf_v5	EGM	SingleElectron	0	0	0	0	0
HLT_Photon22_R9Id90_HE10_Iso40_EBOnly_VBF_v5	HIG	SinglePhoton	0	0	0	0	0
HLT_MET60_IsoTrk35_Loose_v2	EXO	MET	0	0	0	0	0
HLT_QuadPFJet_BTagCSV_p016_VBF_Mqq460_v2	HIG	BTagCSV	0	0	0	0	0
HLT_Mu12_Photon25_CaloIdL_v6	HIG	MuonEG	0	0	0	0	0
HLT_DiPFJetAve140_v4	JME	JetHT	0	0	0	0	0
HLT_IsoMu17_eta2p1_LooseIsoPFTau20_SingleL1_v5	TAU,HIG	SingleMuon	0	0	0	0	0
HLT_L2DoubleMu38_NoVertex_2Cha_Angle2p5_Mass10_v4	EXO	DoubleMuon	0	0	0	0	0
HLT_Mu27_Ele37_CaloIdL_GsfTrkIdVL_v3	B2G,SUSY	MuonEG	0	0	0	0	0
HLT_HT400_DisplacedDijet40_Inclusive_v4	EXO	DisplacedJet	0	0	0	0	0
HLT_Mu17_Mu8_v3	HIG,Muon,SMP	DoubleMuon	0	0	0	0	0
HLT_DiPFJetAve35_HFJEC_v3	JME	FSQJets	0	0	0	0	0
HLT_Dimuon10_Jpsi_Barrel_v4	BPH	Charmonium	0	0	0	0	0
HLT_Ele23_WPLoose_Gsf_WHbbBoost_v6	HIG	SingleElectron	0	0	0	0	0
HLT_Mu8_TrkIsoVVL_Ele17_CaloIdL_TrackIdL_IsoVL_v6	HIG,TOP,B2G,SUSY	MuonEG	0	0	0	0	0
HLT_AK8PFJet80_v1	SMP	JetHT	0	0	0	0	0
HLT_Ele22_eta2p1_WPLoose_Gsf_v7	TAU,HIG	SingleElectron	0	0	0	0	0
HLT_AK8PFJet60_v1	SMP	JetHT	0	0	0	0	0
HLT_DiPFJet15_FBEta3_NoCaloMatched_v3	FSQ	FSQJets	0	0	0	0	0
HLT_DiPFJet25_NoCaloMatched_v2	FSQ	FSQJets	0	0	0	0	0
HLT_HT275_v3	EXO	DisplacedJet	0	0	0	0	0
HLT_L1MinimumBiasHF_OR_v2	FSQ,HIN	L1MinimumBias	0	0	0	0	0
HLT_AK4PFJet80_v4	HIN	HINPFJets	0	0	0	0	0
HLT_SingleCentralPFJet170_CFMax0p1_v2	EXO	JetHT	0	0	0	0	0
HLT_HT2500_v3	PPD	JetHT	0	0	0	0	0
HLT_AK8PFJet200_v1	SMP	JetHT	0	0	0	0	0
HLT_MET700_v3	PPD,AlCa	MET	0	0	0	0	0
HLT_QuadPFJet_VBF_v5	HIG	JetHT	0	0	0	0	0
HLT_DiPFJetAve100_HFJEC_v5	FSQ,JME	JetHT	0	0	0	0	0
HLT_Ele23_CaloIdL_TrackIdL_IsoVL_v6	HIG	DoubleEG	0	0	0	0	0
HLT_AK8PFHT600_TrimR0p1PT0p03Mass50_BTagCSV_p20_v3	B2G	JetHT	0	0	0	0	0
HLT_DoubleEle33_CaloIdL_MW_v5	EXO	DoubleEG	0	0	0	0	0
HLT_Mu8_Ele8_CaloIdM_TrackIdM_Mass8_PFHT250_v4	SUSY	MuonEG	0	0	0	0	0
HLT_QuadMuon0_Dimuon0_Jpsi_v3	BPH	Charmonium	0	0	0	0	0
HLT_AK8PFJet40_v2	SMP	JetHT	0	0	0	0	0
HLT_VBF_DisplacedJet40_TightID_DisplacedTrack_v3	EXO	DisplacedJet	0	0	0	0	0
HLT_PixelTracks_Multiplicity160ForEndOfFill_v3	FSQ,HIN	HighMultiplicityEOF	0	0	0	0	0
HLT_HISinglePhoton15_v3	HIN	HINPhoton	0	0	0	0	0
HLT_Ele23_CaloIdM_TrackIdM_PFJet30_v6	SUSY	DoubleEG	0	0	0	0	0
HLT_Ele17_CaloIdL_GsfTrkIdVL_v4	B2G	DoubleEG	0	0	0	0	0
HLT_PFTau120_eta2p1_v2	TAU	Tau	0	0	0	0	0
HLT_JetE30_NoBPTX_v3	EXO	NoBPTX	0	0	0	0	0
HLT_QuadPFJet_BTagCSV_p016_p11_VBF_Mqq200_v2	HIG	BTagCSV	0	0	0	0	0
HLT_DoubleMu28NoFiltersNoVtxDisplaced_v3	EXO	DoubleMuon	0	0	0	0	0
HLT_L1SingleMu18_v1	Muon	SingleMuon	0	0	0	0	0
HLT_PixelTracks_Multiplicity85ForEndOfFill_v2	FSQ,HIN	HighMultiplicity85EOF	0	0	0	0	0
HLT_PFJet80_v5	SMP,BTV	JetHT	0	0	0	0	0
HLT_JetE70_NoBPTX3BX_v2	EXO	NoBPTX	0	0	0	0	0
HLT_L2Mu10_NoVertex_NoBPTX_v3	EXO	NoBPTX	0	0	0	0	0
HLT_PixelTracks_Multiplicity110ForEndOfFill_v3	FSQ,HIN	HighMultiplicityEOF	0	0	0	0	0
HLT_Mu16_TkMu0_dEta18_Onia_v3	BPH	MuOnia	0	0	0	0	0
HLT_DiPFJetAve200_v4	JME	JetHT	0	0	0	0	0
HLT_BTagMu_DiJet40_Mu5_v3	BTV	BTagMu	0	0	0	0	0
HLT_PFHT250_v3	SUSY	JetHT	0	0	0	0	0
HLT_PFMETNoMu90_PFMHTNoMu90_IDTight_v4	HIG,EXO,SUSY	MET	0	0	0	0	0
HLT_Dimuon8_PsiPrime_Barrel_v4	BPH	Charmonium	0	0	0	0	0
HLT_DiPFJet25_FBEta3_NoCaloMatched_v3	FSQ	FSQJets	0	0	0	0	0
HLT_Mu7p5_Track7_Jpsi_v3	BPH	Charmonium	0	0	0	0	0
HLT_Photon500_v5	PPD	SinglePhoton	0	0	0	0	0
HLT_AK4CaloJet100_v3	HIN	HINCaloJets	0	0	0	0	0
HLT_Mu16_TkMu0_dEta18_Phi_v3	BPH	MuOnia	0	0	0	0	0
HLT_Ele15_IsoVVVL_BTagCSV_p067_PFHT400_v4	SUSY	SingleElectron	0	0	0	0	0
HLT_L1NotBptxOR_v2	FSQ	EmptyBX	0	0	0	0	0
HLT_AK4PFJet50_v4	HIN	HINPFJets	0	0	0	0	0
HLT_BTagMu_DiJet20_Mu5_v3	BTV	BTagMu	0	0	0	0	0
HLT_BTagMu_DiJet70_Mu5_v3	BTV	BTagMu	0	0	0	0	0
HLT_DiPFJetAve80_v4	JME	JetHT	0	0	0	0	0
HLT_Photon36_R9Id90_HE10_IsoM_v6	SMP,SUSY	SinglePhoton	0	0	0	0	0
HLT_Photon50_v6	SMP,EXO	SinglePhoton	0	0	0	0	0
HLT_IsoTrackHE_v2	AlCa/HCAL	Commissioning	0	0	0	0	0
HLT_Ele17_Ele12_CaloIdL_TrackIdL_IsoVL_DZ_v7	HIG,SUSY,SMP,AlCa/EGM	DoubleEG	0	0	0	0	0
HLT_Ele30WP60_Ele8_Mass55_v6	EGM	DoubleEG	0	0	0	0	0
HLT_Ele12_CaloIdL_TrackIdL_IsoVL_v6	HIG	DoubleEG	0	0	0	0	0
HLT_PFMET90_PFMHT90_IDTight_v4	HIG,SUSY	MET	0	0	0	0	0
HLT_PFJet15_NoCaloMatched_v4	FSQ	FSQJets	0	0	0	0	0
HLT_Mu7p5_Track2_Upsilon_v3	BPH	MuOnia	0	0	0	0	0
HLT_Mu10_TrkIsoVVL_DiPFJet40_DEta3p5_MJJ750_HTT350_PFMETNoMu60_v2	SUSY	SingleMuon	0	0	0	0	0
HLT_TrkMu15_DoubleTrkMu5NoFiltersNoVtx_v4	EXO	DoubleMuon	0	0	0	0	0
HLT_Mu33NoFiltersNoVtxDisplaced_DisplacedJet50_Loose_v3	EXO	SingleMuon	0	0	0	0	0
HLT_HISinglePhoton60_v3	HIN	HINPhoton	0	0	0	0	0
HLT_Ele30WP60_SC4_Mass55_v7	EGM	DoubleEG	0	0	0	0	0
HLT_DiPFJetAve15_HFJEC_v3	JME	FSQJets	0	0	0	0	0
HLT_Mu15_IsoVVVL_PFHT350_PFMET50_v4	SUSY	SingleMuon	0	0	0	0	0
HLT_Ele15_IsoVVVL_PFHT350_v5	SUSY	SingleElectron	0	0	0	0	0
HLT_JetE50_NoBPTX3BX_v2	EXO	NoBPTX	0	0	0	0	0
HLT_PFJet60_v6	SMP,BTV	JetHT	0	0	0	0	0
HLT_L1_TripleJet_VBF_v5	HIG	JetHT	0	0	0	0	0
HLT_MET600_v3	PPD,AlCa	MET	0	0	0	0	0
HLT_Photon90_R9Id90_HE10_Iso40_EBOnly_PFMET40_v6	HIG	SinglePhoton	0	0	0	0	0
HLT_VBF_DisplacedJet40_VVTightID_DisplacedTrack_v3	EXO	DisplacedJet	0	0	0	0	0
HLT_IsoTkMu20_v6	SMP,Muon,HIG,TOP	SingleMuon	0	0	0	0	0
HLT_Mu3_PFJet40_v3	HIG	DoubleMuon	0	0	0	0	0
HLT_Mu7p5_L2Mu2_Jpsi_v3	BPH	Charmonium	0	0	0	0	0
HLT_Mu33NoFiltersNoVtxDisplaced_DisplacedJet50_Tight_v3	EXO	SingleMuon	0	0	0	0	0
HLT_FullTracks_Multiplicity80_v2	FSQ,HIN	HighMultiplicityEOF	0	0	0	0	0
HLT_Mu12_Photon25_CaloIdL_L1ISO_v6	HIG	MuonEG	0	0	0	0	0
HLT_Ele35_CaloIdVT_GsfTrkIdT_PFJet150_PFJet50_v4	B2G	SingleElectron	0	0	0	0	0
HLT_Ele23_CaloIdL_TrackIdL_IsoVL_PFJet30_v6	SUSY	DoubleEG	0	0	0	0	0
HLT_HISinglePhoton10_v3	HIN	HINPhoton	0	0	0	0	0
HLT_MonoCentralPFJet80_PFMETNoMu90_PFMHTNoMu90_IDTight_v4	EXO	MET	0	0	0	0	0
HLT_ECALHT800_v4	EXO	DoubleEG	0	0	0	0	0
HLT_Mu7p5_Track2_Jpsi_v3	BPH	Charmonium	0	0	0	0	0
HLT_IsoMu21_eta2p1_MediumIsoPFTau32_Trk1_eta2p1_Reg_v2	TAU,HIG	SingleMuon	0	0	0	0	0
HLT_ZeroBias_IsolatedBunches_v3	AlCa/TRK	ZeroBias	0	0	0	0	0
HLT_ZeroBias_FirstCollisionAfterAbortGap_copy_v1	AlCa/TRK	ZeroBias	0	0	0	0	0
HLT_Mu8_v4	SUSY,HIG	DoubleMuon	0	0	0	0	0
HLT_IsoTrackHB_v2	AlCa/HCAL	Commissioning	0	0	0	0	0
HLT_Mu20_v3	SMP	SingleMuon	0	0	0	0	0
HLT_Photon75_v6	EXO	SinglePhoton	0	0	0	0	0
HLT_Dimuon6_Jpsi_NoVertexing_v3	BPH	Charmonium	0	0	0	0	0
HLT_Mu7p5_Track7_Upsilon_v3	BPH	MuOnia	0	0	0	0	0
HLT_L1SingleMuOpen_v3	null	SingleMuon	0	0	0	0	0
HLT_DiPFJetAve160_HFJEC_v5	FSQ,JME	JetHT	0	0	0	0	0
HLT_Ele23_WPLoose_Gsf_v7	EGM,TOP,SMP,HIG	SingleElectron	0	0	0	0	0
HLT_Random_v2	AlCa/TRK	ZeroBias	0	0	0	0	0
HLT_PFJet140_v5	SMP,BTV	JetHT	0	0	0	0	0
HLT_HT200_v3	EXO	DisplacedJet	0	0	0	0	0
HLT_HT550_DisplacedDijet80_Inclusive_v1	EXO	DisplacedJet	0	0	0	0	0
HLT_LooseIsoPFTau50_Trk30_eta2p1_MET80_v2	TAU,HIG,EXO	Tau	0	0	0	0	0
HLT_FullTracks_Multiplicity130_v2	FSQ,HIN	HighMultiplicityEOF	0	0	0	0	0
HLT_Mu27_TkMu8_v3	EXO	DoubleMuon	0	0	0	0	0
HLT_DiPFJetAve60_HFJEC_v5	FSQ,JME	JetHT	0	0	0	0	0
HLT_QuadMuon0_Dimuon0_Upsilon_v3	BPH	MuOnia	0	0	0	0	0
HLT_MET90_IsoTrk50_v4	EXO	MET	0	0	0	0	0
HLT_HISinglePhoton20_v3	HIN	HINPhoton	0	0	0	0	0
HLT_Mu17_TrkIsoVVL_Ele12_CaloIdL_TrackIdL_IsoVL_v6	HIG	MuonEG	0	0	0	0	0
HLT_BTagMu_DiJet110_Mu5_v3	BTV	BTagMu	0	0	0	0	0
HLT_PFHT350_v5	SUSY	JetHT	0	0	0	0	0
HLT_Ele17_CaloIdL_TrackIdL_IsoVL_PFJet30_v4	SUSY	DoubleEG	0	0	0	0	0
HLT_ZeroBias_FirstCollisionAfterAbortGap_v3	AlCa/TRK	ZeroBias	0	0	0	0	0
HLT_L1BeamGasPlus_v2	null	Commissioning	0	0	0	0	0
HLT_Ele17_CaloIdM_TrackIdM_PFJet30_v4	SUSY	DoubleEG	0	0	0	0	0
HLT_L1BptxMinus_v2	FSQ	EmptyBX	0	0	0	0	0
HLT_Rsq0p02_MR300_TriPFJet80_60_40_BTagCSV_p063_p20_Mbb60_200_v2	SUSY	BTagCSV	0	0	0	0	0
HLT_Ele12_CaloIdL_TrackIdL_IsoVL_PFJet30_v6	SUSY	DoubleEG	0	0	0	0	0
HLT_Mu30_eta2p1_PFJet150_PFJet50_v2	B2G	SingleMuon	0	0	0	0	0
HLT_DoubleMu8_Mass8_PFHT250_v3	SUSY	DoubleMuon	0	0	0	0	0
HLT_Ele27_WPLoose_Gsf_v5	EGM,TOP,SMP,HIG	SingleElectron	0	0	0	0	0
HLT_HT250_DisplacedDijet40_DisplacedTrack_v4	EXO	DisplacedJet	0	0	0	0	0
HLT_QuadJet45_DoubleBTagCSV_p087_v3	HIG	BTagCSV	0	0	0	0	0
HLT_Photon36_R9Id90_HE10_Iso40_EBOnly_PFMET40_v6	HIG	SinglePhoton	0	0	0	0	0
HLT_HcalPhiSym_v3	AlCa/HCAL	HcalNZS	0	0	0	0	0
HLT_MET75_IsoTrk50_v4	EXO	MET	0	0	0	0	0
HLT_Ele12_CaloIdM_TrackIdM_PFJet30_v6	SUSY	DoubleEG	0	0	0	0	0
HLT_Ele250_CaloIdVT_GsfTrkIdT_v5	AlCa	SingleElectron	0	0	0	0	0
HLT_Ele17_CaloIdL_TrackIdL_IsoVL_v5	HIG	DoubleEG	0	0	0	0	0
HLT_VBF_DisplacedJet40_TightID_Hadronic_v3	EXO	DisplacedJet	0	0	0	0	0
HLT_Mu7p5_L2Mu2_Upsilon_v3	BPH	MuOnia	0	0	0	0	0
HLT_L1SingleMuOpen_DT_v3	null	Commissioning	0	0	0	0	0
HLT_Mu20_Mu10_DZ_v3	HIG,SMP	DoubleMuon	0	0	0	0	0
HLT_DiPFJetAve25_HFJEC_v3	JME	FSQJets	0	0	0	0	0
HLT_Mu20_Mu10_SameSign_DZ_v3	HIG	DoubleMuon	0	0	0	0	0
HLT_Mu15_IsoVVVL_BTagCSV_p067_PFHT400_v3	SUSY	SingleMuon	0	0	0	0	0
HLT_FullTracks_Multiplicity150_v2	FSQ,HIN	HighMultiplicityEOF	0	0	0	0	0
HLT_L2Mu40_NoVertex_3Sta_NoBPTX3BX_v2	EXO	NoBPTX	0	0	0	0	0
HLT_Dimuon0_Phi_Barrel_v4	BPH	MuOnia	0	0	0	0	0
HLT_L2Mu35_NoVertex_3Sta_NoBPTX3BX_v2	EXO	NoBPTX	0	0	0	0	0
HLT_ZeroBias_FirstCollisionAfterAbortGap_TCDS_v1	AlCa/TRK	ZeroBias	0	0	0	0	0
HLT_AK4CaloJet40_v3	HIN	HINCaloJets	0	0	0	0	0
HLT_PFJet40_v6	SMP,BTV	JetHT	0	0	0	0	0
HLT_DoubleEle33_CaloIdL_v5	EXO	DoubleEG	0	0	0	0	0
HLT_DiPFJetAve40_v5	JME	JetHT	0	0	0	0	0
HLT_AK8DiPFJet250_200_TrimMass30_BTagCSV_p20_v2	B2G	JetHT	0	0	0	0	0
HLT_L2DoubleMu23_NoVertex_v4	EXO	DoubleMuon	0	0	0	0	0
HLT_PFHT200_DiPFJetAve90_PFAlphaT0p57_v4	SUSY	HTMHT	0	0	0	0	0
HLT_AK4CaloJet80_v3	HIN	HINCaloJets	0	0	0	0	0
HLT_HT550_DisplacedDijet40_Inclusive_v4	EXO	DisplacedJet	0	0	0	0	0
HLT_Photon36_v6	SMP,EXO	SinglePhoton	0	0	0	0	0
HLT_HISinglePhoton40_v3	HIN	HINPhoton	0	0	0	0	0
HLT_PFJet25_NoCaloMatched_v2	FSQ	FSQJets	0	0	0	0	0
HLT_AK8PFHT650_TrimR0p1PT0p03Mass50_v4	B2G	JetHT	0	0	0	0	0
HLT_GlobalRunHPDNoise_v4	AlCa/HCAL	HcalHPDNoise	0	0	0	0	0
HLT_PFJet200_v5	SMP,BTV	JetHT	0	0	0	0	0
HLT_PFHT125_v2	SUSY	JetHT	0	0	0	0	0
HLT_IsoMu19_eta2p1_MediumIsoPFTau32_Trk1_eta2p1_Reg_v2	TAU,HIG	SingleMuon	0	0	0	0	0
HLT_ZeroBias_v4	AlCa/TRK	ZeroBias	0	0	0	0	0
HLT_AK4CaloJet50_v3	HIN	HINCaloJets	0	0	0	0	0
HLT_PixelTracks_Multiplicity60ForEndOfFill_v2	FSQ,HIN	HighMultiplicityEOF	0	0	0	0	0
HLT_EcalCalibration_v3	AlCa/ECAL	TestEnablesEcalHcal,EcalLaser	0	0	0	0	0
HLT_IsoMu18_v3	SMP,TOP,HIG,Muon	SingleMuon	0	0	0	0	0
HLT_Mu10_CentralPFJet30_BTagCSV_p13_v2	SUSY	DoubleMuon	0	0	0	0	0
HLT_HT2000_v3	PPD	JetHT	0	0	0	0	0
HLT_L1BeamGasMinus_v2	null	Commissioning	0	0	0	0	0
HLT_HcalNZS_v3	AlCa/HCAL	HcalNZS	0	0	0	0	0
HLT_PFMET500_v3	PPD,AlCa	MET	0	0	0	0	0
HLT_PFMET600_v3	PPD,AlCa	MET	0	0	0	0	0
HLT_Ele15_IsoVVVL_PFHT350_PFMET50_v5	SUSY	SingleElectron	0	0	0	0	0
HLT_Mu17_Mu8_DZ_v4	HIG,Muon,SMP	DoubleMuon	0	0	0	0	0
HLT_Mu350_v2	PPD	SingleMuon	0	0	0	0	0
HLT_Ele35_WPLoose_Gsf_v5	EGM,HIG,SMP	SingleElectron	0	0	0	0	0
HLT_Photon22_R9Id90_HE10_IsoM_v5	SMP,SUSY	SinglePhoton	0	0	0	0	0
HLT_Photon22_v5	SMP,EXO	SinglePhoton	0	0	0	0	0
HLT_IsoTkMu18_v4	SMP,Muon,HIG	SingleMuon	0	0	0	0	0
HLT_Mu27_v4	SMP	SingleMuon	0	0	0	0	0
HLT_L1BptxPlus_v2	FSQ	EmptyBX	0	0	0	0	0
HLT_Ele27_eta2p1_WPLoose_Gsf_DoubleMediumIsoPFTau40_Trk1_eta2p1_Reg_v7	TAU,HIG,EXO	SingleElectron	0	0	0	0	0
HLT_L1MinimumBiasHF_AND_v2	FSQ,HIN	L1MinimumBias	0	0	0	0	0
HLT_Mu7p5_Track3p5_Upsilon_v3	BPH	MuOnia	0	0	0	0	0
HLT_L1BptxXOR_v2	null	Commissioning	0	0	0	0	0
HLT_Ele300_CaloIdVT_GsfTrkIdT_v5	AlCa	SingleElectron	0	0	0	0	0
HLT_AK8DiPFJet250_200_TrimMass30_v2	B2G	JetHT	0	0	0	0	0
HLT_Photon600_v5	PPD	SinglePhoton	0	0	0	0	0
HLT_DiPFJetAve60_v5	JME	JetHT	0	0	0	0	0
HLT_Mu15_IsoVVVL_PFHT350_v4	SUSY	SingleMuon	0	0	0	0	0
HLT_L2Mu10_NoVertex_NoBPTX3BX_v2	EXO	NoBPTX	0	0	0	0	0
HLT_VBF_DisplacedJet40_VTightID_DisplacedTrack_v3	EXO	DisplacedJet	0	0	0	0	0
HLT_Mu7p5_Track3p5_Jpsi_v3	BPH	Charmonium	0	0	0	0	0
HLT_Mu17_TrkIsoVVL_v3	HIG,Muon,SUSY	DoubleMuon	0	0	0	0	0
HLT_Photon26_R9Id85_OR_CaloId24b40e_Iso50T80L_Photon16_AND_HE10_R9Id65_Eta2_Mass60_v6	EXO	DoubleEG	0	0	0	0	0
HLT_Dimuon16_Jpsi_v3	BPH	Charmonium	0	0	0	0	0
HLT_IsoMu17_eta2p1_LooseIsoPFTau20_v5	TAU,HIG	SingleMuon	0	0	0	0	0
HLT_DoubleMu18NoFiltersNoVtx_v3	EXO	DoubleMuon	0	0	0	0	0
HLT_LooseIsoPFTau50_Trk30_eta2p1_v4	HIG,TAU,EXO	Tau	0	0	0	0	0
HLT_Mu23NoFiltersNoVtx_Photon23_CaloIdL_v5	EXO	MuonEG	0	0	0	0	0
HLT_PFHT200_v3	SUSY	JetHT	0	0	0	0	0