HLTPathName	Index 0 1.6e34	Index 1 1.45e34	Index 2 1.15e34	Index 3 1.05e34	Index 4 9.5e33	Index 5 8.5e33	Index 6 7.5e33	Index 7 5e33	Index 8 3.5e33	Index 9 2e33	Index 10 1e33	Index 11 7e32	Index 12 5e32	Index 13 3.5e32	Index 14 2e32	Index 15 1e32	Index 16 CirculatingBeam	L1 Prerequisite
ALCAELECTRONOutput	1	1	1	1	1	1	1	1	1	1	1	1	1	1	1	1	1	
ALCALUMIPIXELSOutput	1	1	1	1	1	1	1	1	1	1	1	1	1	1	1	1	1	
ALCAP0Output	1	1	1	1	1	1	1	1	1	1	1	1	1	1	1	1	1	
ALCAPHISYMOutput	1	1	1	1	1	1	1	1	1	1	1	1	1	1	1	1	1	
AlCa_DoubleEle_CaloIdL_TrackIdL_IsoVL_DZ_v5	1	1	1	1	1	1	1	1	1	1	1	1	1	1	1	1	1	L1_DoubleEG_15_10 OR L1_DoubleEG_18_17 OR L1_DoubleEG_20_18 OR L1_DoubleEG_22_10 OR L1_DoubleEG_22_12 OR L1_DoubleEG_22_15 OR L1_DoubleEG_23_10 OR L1_DoubleEG_24_17 OR L1_DoubleEG_25_12
AlCa_DoubleEle_CaloIdL_TrackIdL_IsoVL_v5	1	1	1	1	1	1	1	1	1	1	1	1	1	1	1	1	1	L1_DoubleEG_15_10 OR L1_DoubleEG_18_17 OR L1_DoubleEG_20_18 OR L1_DoubleEG_22_10 OR L1_DoubleEG_22_12 OR L1_DoubleEG_22_15 OR L1_DoubleEG_23_10 OR L1_DoubleEG_24_17 OR L1_DoubleEG_25_12
AlCa_EcalEtaEBonly_v7	7	6	6	5	4	3	3	2	1	1	1	1	1	1	1	1	1	L1_AlwaysTrue OR L1_IsolatedBunch OR L1_SingleEG5 OR L1_SingleEG10 OR L1_SingleEG15 OR L1_SingleEG18 OR L1_SingleEG24 OR L1_SingleEG26 OR L1_SingleEG28 OR L1_SingleEG30 OR L1_SingleEG32 OR L1_SingleEG34 OR L1_SingleEG36 OR L1_SingleEG38 OR L1_SingleEG40 OR L1_SingleEG45 OR L1_SingleIsoEG18 OR L1_SingleIsoEG20 OR L1_SingleIsoEG22 OR L1_SingleIsoEG24 OR L1_SingleIsoEG26 OR L1_SingleIsoEG28 OR L1_SingleIsoEG30 OR L1_SingleIsoEG32 OR L1_SingleIsoEG34 OR L1_SingleIsoEG36 OR L1_SingleIsoEG18er OR L1_SingleIsoEG20er OR L1_SingleIsoEG22er OR L1_SingleIsoEG24er OR L1_SingleIsoEG26er OR L1_SingleIsoEG28er OR L1_SingleIsoEG30er OR L1_SingleIsoEG32er OR L1_SingleIsoEG34er OR L1_DoubleEG_15_10 OR L1_DoubleEG_18_17 OR L1_DoubleEG_20_18 OR L1_DoubleEG_22_10 OR L1_DoubleEG_23_10 OR L1_DoubleEG_22_12 OR L1_DoubleEG_22_15 OR L1_DoubleEG_24_17 OR L1_DoubleEG_25_12 OR L1_SingleJet16 OR L1_SingleJet20 OR L1_SingleJet35 OR L1_SingleJet60 OR L1_SingleJet160 OR L1_SingleJet90 OR L1_SingleJet120 OR L1_SingleJet140 OR L1_SingleJet150 OR L1_SingleJet160 OR L1_SingleJet170 OR L1_SingleJet180 OR L1_SingleJet200 OR L1_DoubleJetC40 OR L1_DoubleJetC50 OR L1_DoubleJetC60 OR L1_DoubleJetC80 OR L1_DoubleJetC100 OR L1_DoubleJetC112 OR L1_DoubleJetC120 OR L1_TripleJet_88_72_56_VBF OR L1_TripleJet_84_68_48_VBF OR L1_TripleJet_92_76_64_VBF OR L1_QuadJetC40 OR L1_QuadJetC50 OR L1_QuadJetC60 OR L1_HTT120 OR L1_HTT160 OR L1_HTT200 OR L1_HTT240 OR L1_HTT255 OR L1_HTT270 OR L1_HTT280 OR L1_HTT300 OR L1_HTT320 OR L1_HTT220
AlCa_EcalEtaEEonly_v7	3	3	2	2	2	1	1	1	1	1	1	1	1	1	1	1	1	L1_AlwaysTrue OR L1_IsolatedBunch OR L1_SingleEG5 OR L1_SingleEG10 OR L1_SingleEG15 OR L1_SingleEG18 OR L1_SingleEG24 OR L1_SingleEG26 OR L1_SingleEG28 OR L1_SingleEG30 OR L1_SingleEG32 OR L1_SingleEG34 OR L1_SingleEG36 OR L1_SingleEG38 OR L1_SingleEG40 OR L1_SingleEG45 OR L1_SingleIsoEG18 OR L1_SingleIsoEG20 OR L1_SingleIsoEG22 OR L1_SingleIsoEG24 OR L1_SingleIsoEG26 OR L1_SingleIsoEG28 OR L1_SingleIsoEG30 OR L1_SingleIsoEG32 OR L1_SingleIsoEG34 OR L1_SingleIsoEG36 OR L1_SingleIsoEG18er OR L1_SingleIsoEG20er OR L1_SingleIsoEG22er OR L1_SingleIsoEG24er OR L1_SingleIsoEG26er OR L1_SingleIsoEG28er OR L1_SingleIsoEG30er OR L1_SingleIsoEG32er OR L1_SingleIsoEG34er OR L1_DoubleEG_15_10 OR L1_DoubleEG_18_17 OR L1_DoubleEG_20_18 OR L1_DoubleEG_22_10 OR L1_DoubleEG_23_10 OR L1_DoubleEG_22_12 OR L1_DoubleEG_22_15 OR L1_DoubleEG_24_17 OR L1_DoubleEG_25_12 OR L1_SingleJet16 OR L1_SingleJet20 OR L1_SingleJet35 OR L1_SingleJet60 OR L1_SingleJet160 OR L1_SingleJet90 OR L1_SingleJet120 OR L1_SingleJet140 OR L1_SingleJet150 OR L1_SingleJet160 OR L1_SingleJet170 OR L1_SingleJet180 OR L1_SingleJet200 OR L1_DoubleJetC40 OR L1_DoubleJetC50 OR L1_DoubleJetC60 OR L1_DoubleJetC80 OR L1_DoubleJetC100 OR L1_DoubleJetC112 OR L1_DoubleJetC120 OR L1_TripleJet_88_72_56_VBF OR L1_TripleJet_84_68_48_VBF OR L1_TripleJet_92_76_64_VBF OR L1_QuadJetC40 OR L1_QuadJetC50 OR L1_QuadJetC60 OR L1_HTT120 OR L1_HTT160 OR L1_HTT200 OR L1_HTT240 OR L1_HTT255 OR L1_HTT270 OR L1_HTT280 OR L1_HTT300 OR L1_HTT320 OR L1_HTT220
AlCa_EcalPhiSym_v5	1	1	1	1	1	1	1	1	1	1	1	1	1	1	1	1	1	L1_ZeroBias OR L1_AlwaysTrue OR L1_IsolatedBunch
AlCa_EcalPi0EBonly_v7	10	9	8	7	6	5	4	3	2	1	1	1	1	1	1	1	1	L1_AlwaysTrue OR L1_IsolatedBunch OR L1_SingleEG5 OR L1_SingleEG10 OR L1_SingleEG15 OR L1_SingleEG18 OR L1_SingleEG24 OR L1_SingleEG26 OR L1_SingleEG28 OR L1_SingleEG30 OR L1_SingleEG32 OR L1_SingleEG34 OR L1_SingleEG36 OR L1_SingleEG38 OR L1_SingleEG40 OR L1_SingleEG45 OR L1_SingleIsoEG18 OR L1_SingleIsoEG20 OR L1_SingleIsoEG22 OR L1_SingleIsoEG24 OR L1_SingleIsoEG26 OR L1_SingleIsoEG28 OR L1_SingleIsoEG30 OR L1_SingleIsoEG32 OR L1_SingleIsoEG34 OR L1_SingleIsoEG36 OR L1_SingleIsoEG18er OR L1_SingleIsoEG20er OR L1_SingleIsoEG22er OR L1_SingleIsoEG24er OR L1_SingleIsoEG26er OR L1_SingleIsoEG28er OR L1_SingleIsoEG30er OR L1_SingleIsoEG32er OR L1_SingleIsoEG34er OR L1_DoubleEG_15_10 OR L1_DoubleEG_18_17 OR L1_DoubleEG_20_18 OR L1_DoubleEG_22_10 OR L1_DoubleEG_23_10 OR L1_DoubleEG_22_12 OR L1_DoubleEG_22_15 OR L1_DoubleEG_24_17 OR L1_DoubleEG_25_12 OR L1_SingleJet16 OR L1_SingleJet20 OR L1_SingleJet35 OR L1_SingleJet60 OR L1_SingleJet160 OR L1_SingleJet90 OR L1_SingleJet120 OR L1_SingleJet140 OR L1_SingleJet150 OR L1_SingleJet160 OR L1_SingleJet170 OR L1_SingleJet180 OR L1_SingleJet200 OR L1_DoubleJetC40 OR L1_DoubleJetC50 OR L1_DoubleJetC60 OR L1_DoubleJetC80 OR L1_DoubleJetC100 OR L1_DoubleJetC112 OR L1_DoubleJetC120 OR L1_TripleJet_88_72_56_VBF OR L1_TripleJet_84_68_48_VBF OR L1_TripleJet_92_76_64_VBF OR L1_QuadJetC40 OR L1_QuadJetC50 OR L1_QuadJetC60 OR L1_HTT120 OR L1_HTT160 OR L1_HTT200 OR L1_HTT240 OR L1_HTT255 OR L1_HTT270 OR L1_HTT280 OR L1_HTT300 OR L1_HTT320 OR L1_HTT220
AlCa_EcalPi0EEonly_v7	3	3	2	2	2	1	1	1	1	1	1	1	1	1	1	1	1	L1_AlwaysTrue OR L1_IsolatedBunch OR L1_SingleEG5 OR L1_SingleEG10 OR L1_SingleEG15 OR L1_SingleEG18 OR L1_SingleEG24 OR L1_SingleEG26 OR L1_SingleEG28 OR L1_SingleEG30 OR L1_SingleEG32 OR L1_SingleEG34 OR L1_SingleEG36 OR L1_SingleEG38 OR L1_SingleEG40 OR L1_SingleEG45 OR L1_SingleIsoEG18 OR L1_SingleIsoEG20 OR L1_SingleIsoEG22 OR L1_SingleIsoEG24 OR L1_SingleIsoEG26 OR L1_SingleIsoEG28 OR L1_SingleIsoEG30 OR L1_SingleIsoEG32 OR L1_SingleIsoEG34 OR L1_SingleIsoEG36 OR L1_SingleIsoEG18er OR L1_SingleIsoEG20er OR L1_SingleIsoEG22er OR L1_SingleIsoEG24er OR L1_SingleIsoEG26er OR L1_SingleIsoEG28er OR L1_SingleIsoEG30er OR L1_SingleIsoEG32er OR L1_SingleIsoEG34er OR L1_DoubleEG_15_10 OR L1_DoubleEG_18_17 OR L1_DoubleEG_20_18 OR L1_DoubleEG_22_10 OR L1_DoubleEG_23_10 OR L1_DoubleEG_22_12 OR L1_DoubleEG_22_15 OR L1_DoubleEG_24_17 OR L1_DoubleEG_25_12 OR L1_SingleJet16 OR L1_SingleJet20 OR L1_SingleJet35 OR L1_SingleJet60 OR L1_SingleJet160 OR L1_SingleJet90 OR L1_SingleJet120 OR L1_SingleJet140 OR L1_SingleJet150 OR L1_SingleJet160 OR L1_SingleJet170 OR L1_SingleJet180 OR L1_SingleJet200 OR L1_DoubleJetC40 OR L1_DoubleJetC50 OR L1_DoubleJetC60 OR L1_DoubleJetC80 OR L1_DoubleJetC100 OR L1_DoubleJetC112 OR L1_DoubleJetC120 OR L1_TripleJet_88_72_56_VBF OR L1_TripleJet_84_68_48_VBF OR L1_TripleJet_92_76_64_VBF OR L1_QuadJetC40 OR L1_QuadJetC50 OR L1_QuadJetC60 OR L1_HTT120 OR L1_HTT160 OR L1_HTT200 OR L1_HTT240 OR L1_HTT255 OR L1_HTT270 OR L1_HTT280 OR L1_HTT300 OR L1_HTT320 OR L1_HTT220
AlCa_LumiPixels_Random_v2	2	2	2	2	2	2	2	2	2	2	2	2	2	2	2	2	2	
AlCa_LumiPixels_ZeroBias_v4	1	1	1	1	1	2	2	2	2	2	2	2	2	2	2	2	2	L1_ZeroBias
AlCa_RPCMuonNoHits_v3	4	4	3	3	3	2	2	1	1	1	1	1	1	1	1	1	1	L1_SingleMu5 OR L1_SingleMu14er OR L1_SingleMu16er OR L1_SingleMu18er OR L1_SingleMu20er
AlCa_RPCMuonNoTriggers_v3	4	4	3	3	3	2	2	1	1	1	1	1	1	1	1	1	1	L1_SingleMu5 OR L1_SingleMu14er OR L1_SingleMu16er OR L1_SingleMu18er OR L1_SingleMu20er
AlCa_RPCMuonNormalisation_v3	25	23	20	18	16	13	11	8	5	3	2	1	1	1	1	1	1	L1_SingleMu5 OR L1_SingleMu14er OR L1_SingleMu16er OR L1_SingleMu18er OR L1_SingleMu20er
AlCa_SingleEle_WPVeryLoose_Gsf_v6	1	1	1	1	1	1	1	1	1	1	1	1	1	1	1	1	1	L1_SingleIsoEG18 OR L1_SingleIsoEG20 OR L1_SingleIsoEG22 OR L1_SingleIsoEG24 OR L1_SingleIsoEG26 OR L1_SingleIsoEG28 OR L1_SingleIsoEG30 OR L1_SingleIsoEG32 OR L1_SingleIsoEG34 OR L1_SingleIsoEG36 OR L1_SingleIsoEG22er OR L1_SingleIsoEG24er OR L1_SingleIsoEG26er OR L1_SingleIsoEG28er OR L1_SingleIsoEG30er OR L1_SingleIsoEG32er OR L1_SingleIsoEG34er
CalibrationOutput	1	1	1	1	1	1	1	1	1	1	1	1	1	1	1	1	1	
DQMCalibrationOutput	1	1	1	1	1	1	1	1	1	1	1	1	1	1	1	1	1	
DQMEventDisplayOutput	1	1	1	1	1	1	1	1	1	1	1	1	1	1	1	1	1	
DQMHistograms	1	1	1	1	1	1	1	1	1	1	1	1	1	1	1	1	1	
DQMOutput	7	7	7	7	7	7	7	7	7	7	7	7	7	7	7	7	7	
DST_CaloJet40_BTagScouting_v5	10	10	10	10	10	10	10	10	10	10	10	10	10	10	10	10	10	L1_ZeroBias
DST_CaloJet40_CaloBTagScouting_v4	10	10	10	10	10	10	10	10	10	10	10	10	10	10	10	10	10	L1_ZeroBias
DST_CaloJet40_CaloScouting_PFScouting_v5	10	10	10	10	10	10	10	10	10	10	10	10	10	10	10	10	10	L1_ZeroBias
DST_DoubleMu3_Mass10_BTagScouting_v5	1	1	1	1	1	1	1	1	1	1	1	1	1	1	1	1	1	L1_DoubleMu_11_4 OR L1_DoubleMu_12_5
DST_DoubleMu3_Mass10_CaloScouting_PFScouting_v4	1	1	1	1	1	1	1	1	1	1	1	1	1	1	1	1	1	L1_DoubleMu_11_4 OR L1_DoubleMu_12_5
DST_HT250_CaloBTagScouting_v2	1	1	1	1	1	1	1	1	1	1	1	1	1	1	1	1	1	L1_HTT200 OR L1_HTT240 OR L1_HTT270 OR L1_HTT280 OR L1_HTT300 OR L1_HTT320
DST_HT250_CaloScouting_v4	1	1	1	1	1	1	1	1	1	1	1	1	1	1	1	1	1	L1_HTT200 OR L1_HTT240 OR L1_HTT270 OR L1_HTT280 OR L1_HTT300 OR L1_HTT320
DST_HT410_BTagScouting_v5	1	1	1	1	1	1	1	1	1	1	1	1	1	1	1	1	1	L1_HTT200 OR L1_HTT240 OR L1_HTT270 OR L1_HTT280 OR L1_HTT300 OR L1_HTT320
DST_HT410_PFScouting_v5	1	1	1	1	1	1	1	1	1	1	1	1	1	1	1	1	1	L1_HTT200 OR L1_HTT240 OR L1_HTT270 OR L1_HTT280 OR L1_HTT300 OR L1_HTT320
DST_HT450_BTagScouting_v5	1	1	1	1	1	1	1	1	1	1	1	1	1	1	1	1	1	L1_HTT200 OR L1_HTT240 OR L1_HTT270 OR L1_HTT280 OR L1_HTT300 OR L1_HTT320
DST_HT450_PFScouting_v5	1	1	1	1	1	1	1	1	1	1	1	1	1	1	1	1	1	L1_HTT200 OR L1_HTT240 OR L1_HTT270 OR L1_HTT280 OR L1_HTT300 OR L1_HTT320
DST_L1DoubleMu_BTagScouting_v5	1000	1000	1000	1000	1000	1000	1000	1000	1000	1000	1000	1000	1000	1000	1000	1000	1000	L1_DoubleMu_11_4 OR L1_DoubleMu_12_5
DST_L1DoubleMu_CaloScouting_PFScouting_v4	1000	1000	1000	1000	1000	1000	1000	1000	1000	1000	1000	1000	1000	1000	1000	1000	1000	L1_DoubleMu_11_4 OR L1_DoubleMu_12_5
DST_L1HTT_BTagScouting_v5	1000	1000	1000	1000	1000	1000	1000	1000	1000	1000	1000	1000	1000	1000	1000	1000	1000	L1_HTT200 OR L1_HTT240 OR L1_HTT270 OR L1_HTT280 OR L1_HTT300 OR L1_HTT320
DST_L1HTT_CaloBTagScouting_v4	1000	1000	1000	1000	1000	1000	1000	1000	1000	1000	1000	1000	1000	1000	1000	1000	1000	L1_HTT200 OR L1_HTT240 OR L1_HTT270 OR L1_HTT280 OR L1_HTT300 OR L1_HTT320
DST_L1HTT_CaloScouting_PFScouting_v5	1000	1000	1000	1000	1000	1000	1000	1000	1000	1000	1000	1000	1000	1000	1000	1000	1000	L1_HTT200 OR L1_HTT240 OR L1_HTT270 OR L1_HTT280 OR L1_HTT300 OR L1_HTT320
DST_Physics_v2	10	10	10	10	10	10	10	10	10	10	10	10	10	10	10	10	10	
DST_ZeroBias_BTagScouting_v5	200	200	200	200	200	400	400	200	200	200	200	200	200	200	200	200	200	L1_ZeroBias
DST_ZeroBias_CaloScouting_PFScouting_v4	200	200	200	200	200	400	400	200	200	200	200	200	200	200	200	200	200	L1_ZeroBias
EcalCalibrationOutput	1	1	1	1	1	1	1	1	1	1	1	1	1	1	1	1	1	
ExpressOutput	1	1	1	1	1	1	1	1	1	1	1	1	1	1	1	1	1	
HLTMonitorOutput	1	1	1	1	1	1	1	1	1	1	1	1	1	1	1	1	1	
HLT_AK4CaloJet100_v3 	0	0	0	0	0	0	0	0	0	0	0	0	0	0	0	0	1	L1_SingleJet35
HLT_AK4CaloJet30_v4	0	0	0	0	0	0	0	0	0	0	0	0	0	0	0	0	1	L1_MinimumBiasHF0_OR_BptxAND
HLT_AK4CaloJet40_v3	0	0	0	0	0	0	0	0	0	0	0	0	0	0	0	0	1	L1_MinimumBiasHF0_OR_BptxAND
HLT_AK4CaloJet50_v3	0	0	0	0	0	0	0	0	0	0	0	0	0	0	0	0	1	L1_MinimumBiasHF0_OR_BptxAND
HLT_AK4CaloJet80_v3	0	0	0	0	0	0	0	0	0	0	0	0	0	0	0	0	1	L1_SingleJet35
HLT_AK4PFJet100_v5	0	0	0	0	0	0	0	0	0	0	0	0	0	0	0	0	1	L1_SingleJet35
HLT_AK4PFJet30_v5	0	0	0	0	0	0	0	0	0	0	0	0	0	0	0	0	1	L1_MinimumBiasHF0_OR_BptxAND
HLT_AK4PFJet50_v5	0	0	0	0	0	0	0	0	0	0	0	0	0	0	0	0	1	L1_MinimumBiasHF0_OR_BptxAND
HLT_AK4PFJet80_v5	0	0	0	0	0	0	0	0	0	0	0	0	0	0	0	0	1	L1_SingleJet35
HLT_AK8DiPFJet250_200_TrimMass30_BTagCSV_p20_v3	0	0	0	0	0	0	1	1	1	1	1	1	1	1	1	1	1	L1_SingleJet180 OR L1_SingleJet200
HLT_AK8DiPFJet250_200_TrimMass30_v3	0	0	0	0	0	0	0	0	0	0	0	0	0	1	1	1	1	L1_SingleJet180 OR L1_SingleJet200
HLT_AK8DiPFJet280_200_TrimMass30_BTagCSV_p20_v3	1	1	1	1	1	1	1	1	1	1	1	1	1	1	1	1	1	L1_SingleJet180 OR L1_SingleJet200
HLT_AK8DiPFJet280_200_TrimMass30_v3	56	50	45	40	35	28	24	17	12	7	3	2	1	1	1	1	1	L1_SingleJet180 OR L1_SingleJet200
HLT_AK8PFHT600_TrimR0p1PT0p03Mass50_BTagCSV_p20_v4	0	0	0	0	0	0	1	1	1	1	1	1	1	1	1	1	1	L1_HTT240 OR L1_HTT255 OR L1_HTT270 OR L1_HTT280 OR L1_HTT300 OR L1_HTT320
HLT_AK8PFHT650_TrimR0p1PT0p03Mass50_v5	0	0	0	0	0	0	1	1	1	1	1	1	1	1	1	1	1	L1_HTT240 OR L1_HTT255 OR L1_HTT270 OR L1_HTT280 OR L1_HTT300 OR L1_HTT320
HLT_AK8PFHT700_TrimR0p1PT0p03Mass50_v6	1	1	1	1	1	1	1	1	1	1	1	1	1	1	1	1	1	L1_HTT240 OR L1_HTT255 OR L1_HTT270 OR L1_HTT280 OR L1_HTT300 OR L1_HTT320
HLT_AK8PFJet140_v2	2	4	4	6	6	6	6	6	6	6	6	6	6	6	6	6	1	L1_SingleJet90
HLT_AK8PFJet200_v2	4	6	7	9	19	17	18	20	18	20	20	18	20	27	16	8	1	L1_SingleJet120
HLT_AK8PFJet260_v3	145	132	119	105	91	73	64	46	32	18	9	6	5	3	2	1	1	L1_SingleJet170 OR L1_SingleJet180 OR L1_SingleJet200
HLT_AK8PFJet320_v3	50	44	40	35	30	24	21	15	11	6	3	2	2	1	1	1	1	L1_SingleJet170 OR L1_SingleJet180 OR L1_SingleJet200
HLT_AK8PFJet360_TrimMass30_v5	1	1	1	1	1	1	1	1	1	1	1	1	1	1	1	1	1	L1_SingleJet180 OR L1_SingleJet200
HLT_AK8PFJet400_v3	18	15	14	12	10	8	7	5	4	2	1	1	1	1	1	1	1	L1_SingleJet170 OR L1_SingleJet180 OR L1_SingleJet200
HLT_AK8PFJet40_v3	95	90	80	70	60	95	85	60	45	25	10	10	5	5	5	5	1	L1_ZeroBias
HLT_AK8PFJet450_v3	1	1	1	1	1	1	1	1	1	1	1	1	1	1	1	1	1	L1_SingleJet170 OR L1_SingleJet180 OR L1_SingleJet200
HLT_AK8PFJet500_v3	1	1	1	1	1	1	1	1	1	1	1	1	1	1	1	1	1	L1_SingleJet170 OR L1_SingleJet180 OR L1_SingleJet200
HLT_AK8PFJet60_v2	48	56	56	58	70	68	66	70	60	70	70	66	70	60	76	76	1	L1_SingleJet35
HLT_AK8PFJet80_v2	40	48	54	58	72	66	70	70	64	72	72	70	70	64	66	100	1	L1_SingleJet60
HLT_BTagMu_AK8Jet300_Mu5_v2	1	1	1	1	1	1	1	1	1	1	1	1	1	1	1	1	1	L1_SingleJet200
HLT_BTagMu_DiJet110_Mu5_v3	1	1	1	1	1	1	1	1	1	2	1	1	1	1	1	1	1	L1_Mu3_JetC60_dEta_Max0p4_dPhi_Max0p4
HLT_BTagMu_DiJet170_Mu5_v2	5	4	4	3	3	2	2	2	1	1	1	1	1	1	1	1	1	L1_Mu3_JetC120_dEta_Max0p4_dPhi_Max0p4
HLT_BTagMu_DiJet20_Mu5_v3	7	6	6	5	6	6	6	6	6	6	6	6	6	6	6	1	1	L1_Mu3_JetC16_dEta_Max0p4_dPhi_Max0p4
HLT_BTagMu_DiJet40_Mu5_v3	1	1	1	1	1	1	1	1	1	1	1	1	1	1	1	1	1	L1_Mu3_JetC16_dEta_Max0p4_dPhi_Max0p4
HLT_BTagMu_DiJet70_Mu5_v3	5	5	5	5	5	5	5	5	5	6	6	4	3	2	1	1	1	L1_Mu3_JetC60_dEta_Max0p4_dPhi_Max0p4
HLT_BTagMu_Jet300_Mu5_v3	1	1	1	1	1	1	1	1	1	1	1	1	1	1	1	1	1	L1_SingleJet200
HLT_CaloJet500_NoJetID_v4	1	1	1	1	1	1	1	1	1	1	1	1	1	1	1	1	1	L1_SingleJet170 OR L1_SingleJet180 OR L1_SingleJet200
HLT_CaloMHTNoPU90_PFMET90_PFMHT90_IDTight_BTagCSV_p067_v4	1	1	1	1	1	1	1	1	1	1	1	1	1	1	1	1	1	L1_ETM50 OR L1_ETM60 OR L1_ETM70 OR L1_ETM75 OR L1_ETM80 OR L1_ETM85 OR L1_ETM90 OR L1_ETM95 OR L1_ETM100 OR L1_ETM75_Jet60_dPhi_Min0p4 OR L1_DoubleJetC60_ETM60
HLT_CaloMHTNoPU90_PFMET90_PFMHT90_IDTight_v5	64	58	52	46	40	32	28	20	14	8	4	3	2	1	1	1	1	L1_ETM50 OR L1_ETM60 OR L1_ETM70 OR L1_ETM75 OR L1_ETM80 OR L1_ETM85 OR L1_ETM90 OR L1_ETM95 OR L1_ETM100 OR L1_ETM75_Jet60_dPhi_Min0p4 OR L1_DoubleJetC60_ETM60
HLT_DiCentralPFJet170_CFMax0p1_v3	1	1	1	1	1	1	1	1	1	1	1	1	1	1	1	1	1	L1_DoubleJetC100 OR L1_DoubleJetC112 OR L1_DoubleJetC120 OR L1_SingleJet200
HLT_DiCentralPFJet170_v3	557	504	452	400	348	278	243	174	122	70	35	24	17	12	7	3	1	L1_DoubleJetC100 OR L1_DoubleJetC112 OR L1_DoubleJetC120 OR L1_SingleJet200
HLT_DiCentralPFJet220_CFMax0p3_v3	0	0	0	0	0	0	0	0	0	0	0	0	0	0	0	0	1	L1_DoubleJetC100 OR L1_DoubleJetC112 OR L1_DoubleJetC120 OR L1_SingleJet200
HLT_DiCentralPFJet330_CFMax0p5_v3	1	1	1	1	1	1	1	1	1	1	1	1	1	1	1	1	1	L1_DoubleJetC100 OR L1_DoubleJetC112 OR L1_DoubleJetC120 OR L1_SingleJet200
HLT_DiCentralPFJet430_v3	1	1	1	1	1	1	1	1	1	1	1	1	1	1	1	1	1	L1_DoubleJetC100 OR L1_DoubleJetC112 OR L1_DoubleJetC120 OR L1_SingleJet200
HLT_DiMu9_Ele9_CaloIdL_TrackIdL_v6	1	1	1	1	1	1	1	1	1	1	1	1	1	1	1	1	1	L1_DoubleMu7_EG7
HLT_DiPFJet15_FBEta3_NoCaloMatched_v4	0	0	0	0	0	0	0	0	0	0	0	0	0	0	0	0	0	L1_DoubleJet8_ForwardBackward
HLT_DiPFJet15_NoCaloMatched_v3	0	0	0	0	0	0	0	0	0	0	0	0	0	0	0	0	0	L1_SingleJet8_BptxAND
HLT_DiPFJet25_FBEta3_NoCaloMatched_v4	0	0	0	0	0	0	0	0	0	0	0	0	0	0	0	0	0	L1_DoubleJet12_ForwardBackward
HLT_DiPFJet25_NoCaloMatched_v3	0	0	0	0	0	0	0	0	0	0	0	0	0	0	0	0	0	L1_SingleJet12_BptxAND
HLT_DiPFJet40_DEta3p5_MJJ600_PFMETNoMu140_v3	1	1	1	1	1	1	1	1	1	1	1	1	1	1	1	1	1	L1_ETM80 OR L1_ETM90 OR L1_ETM100
HLT_DiPFJet40_DEta3p5_MJJ600_PFMETNoMu80_v3	1	1	1	1	2	1	2	2	2	2	17	12	9	6	3	2	1	L1_ETM50 OR L1_ETM60
HLT_DiPFJetAve100_HFJEC_v6	1	1	1	1	1	1	1	1	1	1	1	1	1	1	1	2	1	L1_SingleJet60
HLT_DiPFJetAve140_v5	1	2	2	3	3	3	3	3	3	3	1	1	1	1	1	1	1	L1_SingleJet90
HLT_DiPFJetAve15_HFJEC_v4	0	0	0	0	0	0	0	0	0	0	0	0	0	0	0	0	0	L1_SingleJet8_BptxAND
HLT_DiPFJetAve160_HFJEC_v6	1	1	1	2	3	3	3	3	3	3	3	3	3	5	1	1	1	L1_SingleJet120
HLT_DiPFJetAve200_v5	3	4	5	6	12	12	12	13	12	13	13	12	13	18	10	1	1	L1_SingleJet120
HLT_DiPFJetAve220_HFJEC_v7	3	3	2	2	2	1	1	1	1	1	1	1	1	1	1	1	1	L1_SingleJet170 OR L1_SingleJet180 OR L1_SingleJet200
HLT_DiPFJetAve25_HFJEC_v4	0	0	0	0	0	0	0	0	0	0	0	0	0	0	0	0	0	L1_SingleJet12_BptxAND
HLT_DiPFJetAve260_v6	140	126	113	100	87	70	61	43	30	17	9	6	4	3	2	1	1	L1_SingleJet170 OR L1_SingleJet180 OR L1_SingleJet200
HLT_DiPFJetAve300_HFJEC_v7	1	1	1	1	1	1	1	1	1	1	1	1	1	1	1	1	1	L1_SingleJet170 OR L1_SingleJet180 OR L1_SingleJet200
HLT_DiPFJetAve320_v6	25	23	20	18	16	13	11	8	5	3	2	1	1	1	1	1	1	L1_SingleJet170 OR L1_SingleJet180 OR L1_SingleJet200
HLT_DiPFJetAve35_HFJEC_v4	0	0	0	0	0	0	0	0	0	0	0	0	0	0	0	0	0	L1_SingleJet16
HLT_DiPFJetAve400_v6	9	8	7	6	5	4	4	3	2	1	1	1	1	1	1	1	1	L1_SingleJet170 OR L1_SingleJet180 OR L1_SingleJet200
HLT_DiPFJetAve40_v6	83	76	68	60	52	84	73	52	37	21	10	7	5	4	2	1	0	L1_ZeroBias
HLT_DiPFJetAve500_v6	3	3	2	2	2	1	1	1	1	1	1	1	1	1	1	1	1	L1_SingleJet170 OR L1_SingleJet180 OR L1_SingleJet200
HLT_DiPFJetAve60_HFJEC_v6	1	1	1	1	1	1	1	1	1	1	1	1	1	1	1	1	1	L1_SingleJet35
HLT_DiPFJetAve60_v6	3	3	2	2	2	3	2	2	1	1	1	1	1	1	1	1	0	L1_ZeroBias
HLT_DiPFJetAve80_HFJEC_v6	3	4	5	5	6	6	6	6	5	6	6	6	6	5	6	8	4	L1_SingleJet60
HLT_DiPFJetAve80_v5	22	26	29	31	39	36	38	38	35	39	39	38	38	35	36	54	28	L1_SingleJet60
HLT_DiSC30_18_EIso_AND_HE_Mass70_v5	100	90	80	72	60	50	45	30	20	12	6	4	3	2	1	1	1	L1_SingleIsoEG22er OR L1_SingleIsoEG24 OR L1_SingleEG40 OR L1_DoubleEG_18_17 OR L1_DoubleEG_22_12 OR L1_DoubleEG_15_10
HLT_Dimuon0_Jpsi_Muon_v4	1	1	1	1	1	1	1	1	1	1	1	1	1	1	1	1	1	L1_TripleMu0 OR L1_TripleMu_5_0_0
HLT_Dimuon0_Phi_Barrel_v5	0	0	0	0	0	1	1	1	1	1	1	1	1	1	1	1	1	L1_DoubleMu0er1p6_dEta_Max1p8_OS OR L1_DoubleMu0er1p4_dEta_Max1p8_OS
HLT_Dimuon0_Upsilon_Muon_v4	1	1	1	1	1	1	1	1	1	1	1	1	1	1	1	1	1	L1_TripleMu0 OR L1_TripleMu_5_0_0
HLT_Dimuon0er16_Jpsi_NoOS_NoVertexing_v3	1	1	1	1	2	1	2	57	40	23	11	8	6	1	1	1	1	L1_DoubleMu0er1p6_dEta_Max1p8
HLT_Dimuon0er16_Jpsi_NoVertexing_v3	0	0	0	0	0	0	0	0	0	0	0	0	0	1	1	1	1	L1_DoubleMu0er1p6_dEta_Max1p8_OS
HLT_Dimuon10_Jpsi_Barrel_v5	0	0	0	0	0	0	0	0	0	1	1	1	1	1	1	1	1	L1_DoubleMu0er1p6_dEta_Max1p8_OS OR L1_DoubleMu0er1p4_dEta_Max1p8_OS
HLT_Dimuon13_PsiPrime_v4	1	1	1	1	1	1	1	1	1	1	1	1	1	1	1	1	1	L1_DoubleMu_10_0_dEta_Max1p8 OR L1_DoubleMu_11_4 OR L1_DoubleMu_12_5
HLT_Dimuon13_Upsilon_v4	1	1	1	1	1	1	1	1	1	1	1	1	1	1	1	1	1	L1_DoubleMu_10_0_dEta_Max1p8 OR L1_DoubleMu_11_4 OR L1_DoubleMu_12_5
HLT_Dimuon16_Jpsi_v4	0	0	0	0	0	1	1	1	1	1	1	1	1	1	1	1	1	L1_DoubleMu_10_0_dEta_Max1p8 OR L1_DoubleMu_11_4 OR L1_DoubleMu_12_5
HLT_Dimuon20_Jpsi_v4	1	1	1	1	1	1	1	1	1	1	1	1	1	1	1	1	1	L1_DoubleMu_10_0_dEta_Max1p8 OR L1_DoubleMu_11_4 OR L1_DoubleMu_12_5
HLT_Dimuon6_Jpsi_NoVertexing_v3	1	1	1	1	1	1	1	1	1	1	1	1	1	1	1	1	1	L1_DoubleMu0
HLT_Dimuon8_PsiPrime_Barrel_v5	0	0	0	0	0	1	1	1	1	1	1	1	1	1	1	1	1	L1_DoubleMu0er1p6_dEta_Max1p8_OS OR L1_DoubleMu0er1p4_dEta_Max1p8_OS
HLT_Dimuon8_Upsilon_Barrel_v5	1	1	1	1	1	1	1	1	1	1	1	1	1	1	1	1	1	L1_DoubleMu0er1p6_dEta_Max1p8_OS OR L1_DoubleMu0er1p4_dEta_Max1p8_OS
HLT_Diphoton30EB_18EB_R9Id_OR_IsoCaloId_AND_HE_R9Id_DoublePixelVeto_Mass55_v6	1	1	1	1	1	1	1	1	1	1	1	1	1	1	1	1	1	L1_SingleEG30 OR L1_SingleEG32 OR L1_SingleEG34 OR L1_SingleEG36 OR L1_SingleEG38 OR L1_SingleEG40 OR L1_SingleIsoEG22er OR L1_SingleIsoEG24er OR L1_SingleIsoEG26er OR L1_SingleIsoEG28er OR L1_SingleIsoEG30er OR L1_SingleIsoEG32er OR L1_SingleIsoEG34er OR L1_SingleIsoEG24 OR L1_SingleIsoEG26 OR L1_SingleIsoEG28 OR L1_SingleIsoEG30 OR L1_SingleIsoEG32 OR L1_SingleIsoEG34 OR L1_SingleIsoEG36 OR L1_DoubleEG_15_10 OR L1_DoubleEG_18_17 OR L1_DoubleEG_20_18 OR L1_DoubleEG_22_10 OR L1_DoubleEG_22_12 OR L1_DoubleEG_22_15 OR L1_DoubleEG_23_10 OR L1_DoubleEG_24_17 OR L1_DoubleEG_25_12
HLT_Diphoton30PV_18PV_R9Id_AND_IsoCaloId_AND_HE_R9Id_DoublePixelVeto_Mass55_v6	1	1	1	1	1	1	1	1	1	1	1	1	1	1	1	1	1	L1_SingleEG30 OR L1_SingleEG32 OR L1_SingleEG34 OR L1_SingleEG36 OR L1_SingleEG38 OR L1_SingleEG40 OR L1_SingleIsoEG22er OR L1_SingleIsoEG24er OR L1_SingleIsoEG26er OR L1_SingleIsoEG28er OR L1_SingleIsoEG30er OR L1_SingleIsoEG32er OR L1_SingleIsoEG34er OR L1_SingleIsoEG24 OR L1_SingleIsoEG26 OR L1_SingleIsoEG28 OR L1_SingleIsoEG30 OR L1_SingleIsoEG32 OR L1_SingleIsoEG34 OR L1_SingleIsoEG36 OR L1_DoubleEG_15_10 OR L1_DoubleEG_18_17 OR L1_DoubleEG_20_18 OR L1_DoubleEG_22_10 OR L1_DoubleEG_22_12 OR L1_DoubleEG_22_15 OR L1_DoubleEG_23_10 OR L1_DoubleEG_24_17 OR L1_DoubleEG_25_12
HLT_Diphoton30_18_R9Id_OR_IsoCaloId_AND_HE_R9Id_DoublePixelSeedMatch_Mass70_v6	1	1	1	1	1	1	1	1	1	1	1	1	1	1	1	1	1	L1_SingleEG30 OR L1_SingleEG32 OR L1_SingleEG34 OR L1_SingleEG36 OR L1_SingleEG38 OR L1_SingleEG40 OR L1_SingleIsoEG22er OR L1_SingleIsoEG24er OR L1_SingleIsoEG26er OR L1_SingleIsoEG28er OR L1_SingleIsoEG30er OR L1_SingleIsoEG32er OR L1_SingleIsoEG34er OR L1_SingleIsoEG24 OR L1_SingleIsoEG26 OR L1_SingleIsoEG28 OR L1_SingleIsoEG30 OR L1_SingleIsoEG32 OR L1_SingleIsoEG34 OR L1_SingleIsoEG36 OR L1_DoubleEG_15_10 OR L1_DoubleEG_18_17 OR L1_DoubleEG_20_18 OR L1_DoubleEG_22_10 OR L1_DoubleEG_22_12 OR L1_DoubleEG_22_15 OR L1_DoubleEG_23_10 OR L1_DoubleEG_24_17 OR L1_DoubleEG_25_12
HLT_Diphoton30_18_R9Id_OR_IsoCaloId_AND_HE_R9Id_Mass90_v6	1	1	1	1	1	1	1	1	1	1	1	1	1	1	1	1	1	L1_SingleEG30 OR L1_SingleEG32 OR L1_SingleEG34 OR L1_SingleEG36 OR L1_SingleEG38 OR L1_SingleEG40 OR L1_SingleIsoEG22er OR L1_SingleIsoEG24er OR L1_SingleIsoEG26er OR L1_SingleIsoEG28er OR L1_SingleIsoEG30er OR L1_SingleIsoEG32er OR L1_SingleIsoEG34er OR L1_SingleIsoEG24 OR L1_SingleIsoEG26 OR L1_SingleIsoEG28 OR L1_SingleIsoEG30 OR L1_SingleIsoEG32 OR L1_SingleIsoEG34 OR L1_SingleIsoEG36 OR L1_DoubleEG_15_10 OR L1_DoubleEG_18_17 OR L1_DoubleEG_20_18 OR L1_DoubleEG_22_10 OR L1_DoubleEG_22_12 OR L1_DoubleEG_22_15 OR L1_DoubleEG_23_10 OR L1_DoubleEG_24_17 OR L1_DoubleEG_25_12
HLT_Diphoton30_18_Solid_R9Id_AND_IsoCaloId_AND_HE_R9Id_Mass55_v6	1000	1000	1000	1000	1000	1000	1000	1000	1000	1000	1000	1000	1000	1000	1000	1000	1000	L1_SingleEG30 OR L1_SingleEG32 OR L1_SingleEG34 OR L1_SingleEG36 OR L1_SingleEG38 OR L1_SingleEG40 OR L1_SingleIsoEG22er OR L1_SingleIsoEG24er OR L1_SingleIsoEG26er OR L1_SingleIsoEG28er OR L1_SingleIsoEG30er OR L1_SingleIsoEG32er OR L1_SingleIsoEG34er OR L1_SingleIsoEG24 OR L1_SingleIsoEG26 OR L1_SingleIsoEG28 OR L1_SingleIsoEG30 OR L1_SingleIsoEG32 OR L1_SingleIsoEG34 OR L1_SingleIsoEG36 OR L1_DoubleEG_15_10 OR L1_DoubleEG_18_17 OR L1_DoubleEG_20_18 OR L1_DoubleEG_22_10 OR L1_DoubleEG_22_12 OR L1_DoubleEG_22_15 OR L1_DoubleEG_23_10 OR L1_DoubleEG_24_17 OR L1_DoubleEG_25_12
HLT_DoubleEle24_22_eta2p1_WPLoose_Gsf_v7	1	1	1	1	1	1	1	1	1	1	1	1	1	1	1	1	1	L1_DoubleEG_22_10 OR L1_DoubleEG_22_12 OR L1_DoubleEG_22_15 OR L1_DoubleEG_23_10 OR L1_DoubleEG_24_17 OR L1_DoubleEG_25_12
HLT_DoubleEle33_CaloIdL_GsfTrkIdVL_MW_v9	1	1	1	1	1	1	1	1	1	1	1	1	1	1	1	1	1	L1_SingleEG26 OR L1_SingleEG30 OR L1_SingleEG32 OR L1_SingleEG34 OR L1_SingleEG36 OR L1_SingleEG38 OR L1_SingleEG40 OR L1_DoubleEG_18_17 OR L1_DoubleEG_20_18 OR L1_DoubleEG_22_10 OR L1_DoubleEG_22_12 OR L1_DoubleEG_22_12 OR L1_DoubleEG_22_15 OR L1_DoubleEG_23_10 OR L1_DoubleEG_24_17 OR L1_DoubleEG_25_12 OR L1_SingleJet170 OR L1_SingleJet180 OR L1_SingleJet200 OR L1_SingleTau100er OR L1_SingleTau120er
HLT_DoubleEle33_CaloIdL_GsfTrkIdVL_v8	0	0	0	0	0	0	0	0	0	0	0	0	0	0	0	0	0	L1_SingleEG26 OR L1_SingleEG30 OR L1_SingleEG32 OR L1_SingleEG34 OR L1_SingleEG36 OR L1_SingleEG38 OR L1_SingleEG40 OR L1_DoubleEG_18_17 OR L1_DoubleEG_20_18 OR L1_DoubleEG_22_10 OR L1_DoubleEG_22_12 OR L1_DoubleEG_22_12 OR L1_DoubleEG_22_15 OR L1_DoubleEG_23_10 OR L1_DoubleEG_24_17 OR L1_DoubleEG_25_12 OR L1_SingleJet170 OR L1_SingleJet180 OR L1_SingleJet200 OR L1_SingleTau100er OR L1_SingleTau120er
HLT_DoubleEle33_CaloIdL_MW_v7	1	1	1	1	1	1	1	1	1	1	1	1	1	1	1	1	1	L1_SingleEG26 OR L1_SingleEG30 OR L1_SingleEG32 OR L1_SingleEG34 OR L1_SingleEG36 OR L1_SingleEG38 OR L1_SingleEG40 OR L1_DoubleEG_18_17 OR L1_DoubleEG_20_18 OR L1_DoubleEG_22_10 OR L1_DoubleEG_22_12 OR L1_DoubleEG_22_12 OR L1_DoubleEG_22_15 OR L1_DoubleEG_23_10 OR L1_DoubleEG_24_17 OR L1_DoubleEG_25_12 OR L1_SingleJet170 OR L1_SingleJet180 OR L1_SingleJet200 OR L1_SingleTau100er OR L1_SingleTau120er
HLT_DoubleEle33_CaloIdL_v6	250	250	250	250	250	250	250	250	250	250	250	250	250	250	250	250	250	L1_SingleEG26 OR L1_SingleEG30 OR L1_SingleEG32 OR L1_SingleEG34 OR L1_SingleEG36 OR L1_SingleEG38 OR L1_SingleEG40 OR L1_DoubleEG_18_17 OR L1_DoubleEG_20_18 OR L1_DoubleEG_22_10 OR L1_DoubleEG_22_12 OR L1_DoubleEG_22_12 OR L1_DoubleEG_22_15 OR L1_DoubleEG_23_10 OR L1_DoubleEG_24_17 OR L1_DoubleEG_25_12 OR L1_SingleJet170 OR L1_SingleJet180 OR L1_SingleJet200 OR L1_SingleTau100er OR L1_SingleTau120er
HLT_DoubleEle37_Ele27_CaloIdL_GsfTrkIdVL_v6	1	1	1	1	1	1	1	1	1	1	1	1	1	1	1	1	1	L1_SingleEG26 OR L1_SingleEG30 OR L1_SingleEG32 OR L1_SingleEG34 OR L1_SingleEG36 OR L1_SingleEG38 OR L1_SingleEG40 OR L1_DoubleEG_18_17 OR L1_DoubleEG_20_18 OR L1_DoubleEG_22_10 OR L1_DoubleEG_22_12 OR L1_DoubleEG_22_12 OR L1_DoubleEG_22_15 OR L1_DoubleEG_23_10 OR L1_DoubleEG_24_17 OR L1_DoubleEG_25_12 OR L1_SingleJet170 OR L1_SingleJet180 OR L1_SingleJet200 OR L1_SingleTau100er OR L1_SingleTau120er
HLT_DoubleEle8_CaloIdM_TrackIdM_Mass8_PFHT250_v5	0	0	0	0	0	0	0	0	0	0	0	0	0	0	0	0	0	L1_DoubleEG6_HTT255 OR L1_HTT160 OR L1_HTT200 OR L1_HTT220 OR L1_HTT240 OR L1_HTT255 OR L1_HTT270 OR L1_HTT280 OR L1_HTT300 OR L1_HTT320
HLT_DoubleEle8_CaloIdM_TrackIdM_Mass8_PFHT300_v8	1	1	1	1	1	1	1	1	1	1	1	1	1	1	1	1	1	L1_DoubleEG6_HTT255 OR L1_HTT160 OR L1_HTT200 OR L1_HTT220 OR L1_HTT240 OR L1_HTT255 OR L1_HTT270 OR L1_HTT280 OR L1_HTT300 OR L1_HTT320
HLT_DoubleIsoMu17_eta2p1_noDzCut_v2	1	1	1	1	1	1	1	1	1	1	1	1	1	1	1	1	1	L1_DoubleMu_12_5
HLT_DoubleIsoMu17_eta2p1_v4	1	1	1	1	1	1	1	1	1	1	1	1	1	1	1	1	1	L1_DoubleMu_12_5
HLT_DoubleJet90_Double30_DoubleBTagCSV_p087_v3	205	190	170	150	130	100	90	65	45	25	15	10	1	1	1	1	1	L1_TripleJet_84_68_48_VBF OR L1_TripleJet_88_72_56_VBF OR L1_TripleJet_92_76_64_VBF OR L1_HTT280 OR L1_HTT300 OR L1_HTT320 OR L1_SingleJet170 OR L1_SingleJet180 OR L1_SingleJet200 OR L1_DoubleJetC100 OR L1_DoubleJetC112 OR L1_DoubleJetC120
HLT_DoubleJet90_Double30_TripleBTagCSV_p087_v3	1	1	1	1	1	1	1	1	1	1	1	1	1	1	1	1	1	L1_TripleJet_84_68_48_VBF OR L1_TripleJet_88_72_56_VBF OR L1_TripleJet_92_76_64_VBF OR L1_HTT280 OR L1_HTT300 OR L1_HTT320 OR L1_SingleJet170 OR L1_SingleJet180 OR L1_SingleJet200 OR L1_DoubleJetC100 OR L1_DoubleJetC112 OR L1_DoubleJetC120
HLT_DoubleJetsC100_DoubleBTagCSV_p014_DoublePFJetsC100MaxDeta1p6_v3	0	1	1	1	1	1	1	1	1	1	1	1	1	1	1	1	1	L1_DoubleJetC100
HLT_DoubleJetsC100_DoubleBTagCSV_p026_DoublePFJetsC160_v3	0	1	1	1	1	1	1	1	1	1	1	1	1	1	1	1	1	L1_DoubleJetC100
HLT_DoubleJetsC100_SingleBTagCSV_p014_SinglePFJetC350_v3	16	14	12	9	8	7	6	5	4	2	1	1	1	1	1	1	1	L1_DoubleJetC100
HLT_DoubleJetsC100_SingleBTagCSV_p014_v2	600	550	500	440	380	300	270	190	130	75	40	25	1	1	1	1	1	L1_DoubleJetC100
HLT_DoubleJetsC100_SingleBTagCSV_p026_SinglePFJetC350_v3	24	21	20	18	16	14	12	10	8	4	2	1	1	1	1	1	1	L1_DoubleJetC100
HLT_DoubleJetsC100_SingleBTagCSV_p026_v2	850	770	700	600	530	420	370	270	190	100	50	35	1	1	1	1	1	L1_DoubleJetC100
HLT_DoubleJetsC112_DoubleBTagCSV_p014_DoublePFJetsC112MaxDeta1p6_v3	1	1	1	1	1	1	1	1	1	1	1	1	1	1	1	1	1	L1_DoubleJetC112
HLT_DoubleJetsC112_DoubleBTagCSV_p026_DoublePFJetsC172_v3	1	1	1	1	1	1	1	1	1	1	1	1	1	1	1	1	1	L1_DoubleJetC112
HLT_DoubleMediumIsoPFTau35_Trk1_eta2p1_Reg_v5	1	1	1	1	1	1	1	1	1	1	1	1	1	1	1	1	1	L1_DoubleIsoTau28er OR L1_DoubleIsoTau30er OR L1_DoubleIsoTau32er OR L1_DoubleIsoTau33er OR L1_DoubleIsoTau34er OR L1_DoubleIsoTau35er OR L1_DoubleTau50er
HLT_DoubleMediumIsoPFTau40_Trk1_eta2p1_Reg_v7	1	1	1	1	1	1	1	1	1	1	1	1	1	1	1	1	1	L1_DoubleIsoTau28er OR L1_DoubleIsoTau30er OR L1_DoubleIsoTau32er OR L1_DoubleIsoTau33er OR L1_DoubleIsoTau34er OR L1_DoubleIsoTau35er OR L1_DoubleTau50er
HLT_DoubleMu18NoFiltersNoVtx_v3	83	76	68	60	52	42	37	26	18	10	5	4	3	2	1	1	1	L1_DoubleMu_11_4 OR L1_DoubleMu_12_5
HLT_DoubleMu23NoFiltersNoVtxDisplaced_v3	1	1	1	1	1	1	1	1	1	1	1	1	1	1	1	1	1	L1_DoubleMu_11_4 OR L1_DoubleMu_12_5
HLT_DoubleMu28NoFiltersNoVtxDisplaced_v3	1	1	1	1	1	1	1	1	1	1	1	1	1	1	1	1	1	L1_DoubleMu_11_4 OR L1_DoubleMu_12_5
HLT_DoubleMu33NoFiltersNoVtx_v3	1	1	1	1	1	1	1	1	1	1	1	1	1	1	1	1	1	L1_DoubleMu_11_4 OR L1_DoubleMu_12_5
HLT_DoubleMu38NoFiltersNoVtx_v3	1	1	1	1	1	1	1	1	1	1	1	1	1	1	1	1	1	L1_DoubleMu_11_4 OR L1_DoubleMu_12_5
HLT_DoubleMu3_PFMET50_v3	1	1	1	1	1	1	1	1	1	1	1	1	1	1	1	1	1	L1_DoubleMu0_ETM40 OR L1_DoubleMu0_ETM55
HLT_DoubleMu3_Trk_Tau3mu_v3	1	1	1	1	1	1	1	1	1	1	1	1	1	1	1	1	1	L1_DoubleMu0er1p6_dEta_Max1p8_OS OR L1_DoubleMu0er1p4_dEta_Max1p8_OS OR L1_DoubleMu_10_0_dEta_Max1p8 OR L1_DoubleMu_11_4 OR L1_TripleMu0
HLT_DoubleMu4_3_Bs_v5	1	1	1	1	1	1	1	1	1	1	1	1	1	1	1	1	1	L1_DoubleMu_10_0_dEta_Max1p8 OR L1_DoubleMu0er1p6_dEta_Max1p8_OS OR L1_DoubleMu0er1p4_dEta_Max1p8_OS OR L1_DoubleMu_11_4 OR L1_DoubleMu_12_5
HLT_DoubleMu4_3_Jpsi_Displaced_v5	8	8	7	6	5	4	4	1	1	1	1	1	1	1	1	1	1	L1_DoubleMu_10_0_dEta_Max1p8 OR L1_DoubleMu0er1p6_dEta_Max1p8_OS OR L1_DoubleMu0er1p4_dEta_Max1p8_OS OR L1_DoubleMu_11_4 OR L1_DoubleMu_12_5
HLT_DoubleMu4_JpsiTrk_Displaced_v5	1	1	1	1	1	1	1	1	1	1	1	1	1	1	1	1	1	L1_DoubleMu_10_0_dEta_Max1p8 OR L1_DoubleMu0er1p6_dEta_Max1p8_OS OR L1_DoubleMu0er1p4_dEta_Max1p8_OS OR L1_DoubleMu_11_4 OR L1_DoubleMu_12_5
HLT_DoubleMu4_LowMassNonResonantTrk_Displaced_v5	1	1	1	1	1	1	1	1	1	1	1	1	1	1	1	1	1	L1_DoubleMu_10_0_dEta_Max1p8 OR L1_DoubleMu0er1p6_dEta_Max1p8_OS OR L1_DoubleMu0er1p4_dEta_Max1p8_OS OR L1_DoubleMu_11_4 OR L1_DoubleMu_12_5
HLT_DoubleMu4_PsiPrimeTrk_Displaced_v5	1	1	1	1	1	1	1	1	1	1	1	1	1	1	1	1	1	L1_DoubleMu_10_0_dEta_Max1p8 OR L1_DoubleMu0er1p6_dEta_Max1p8_OS OR L1_DoubleMu0er1p4_dEta_Max1p8_OS OR L1_DoubleMu_11_4 OR L1_DoubleMu_12_5
HLT_DoubleMu8_Mass8_PFHT250_v4	0	0	0	0	0	0	0	0	0	0	0	0	0	0	0	0	0	L1_Mu6_HTT200 OR L1_Mu8_HTT150 OR L1_HTT160 OR L1_HTT200 OR L1_HTT220 OR L1_HTT240 OR L1_HTT255 OR L1_HTT270 OR L1_HTT280 OR L1_HTT300 OR L1_HTT320
HLT_DoubleMu8_Mass8_PFHT300_v7	1	1	1	1	1	1	1	1	1	1	1	1	1	1	1	1	1	L1_Mu6_HTT200 OR L1_Mu8_HTT150 OR L1_HTT160 OR L1_HTT200 OR L1_HTT220 OR L1_HTT240 OR L1_HTT255 OR L1_HTT270 OR L1_HTT280 OR L1_HTT300 OR L1_HTT320
HLT_DoublePhoton60_v6	1	1	1	1	1	1	1	1	1	1	1	1	1	1	1	1	1	L1_SingleEG30 OR L1_SingleEG32 OR L1_SingleEG34 OR L1_SingleEG36 OR L1_SingleEG38 OR L1_SingleEG40 OR L1_DoubleEG_18_17 OR L1_DoubleEG_20_18 OR L1_DoubleEG_22_10 OR L1_DoubleEG_22_12 OR L1_DoubleEG_22_15 OR L1_DoubleEG_23_10 OR L1_DoubleEG_24_17 OR L1_DoubleEG_25_12 OR L1_SingleJet170 OR L1_SingleJet180 OR L1_SingleJet200 OR L1_SingleTau100er OR L1_SingleTau120er
HLT_DoublePhoton85_v7	1	1	1	1	1	1	1	1	1	1	1	1	1	1	1	1	1	L1_SingleEG30 OR L1_SingleEG32 OR L1_SingleEG34 OR L1_SingleEG36 OR L1_SingleEG38 OR L1_SingleEG40 OR L1_DoubleEG_18_17 OR L1_DoubleEG_20_18 OR L1_DoubleEG_22_10 OR L1_DoubleEG_22_12 OR L1_DoubleEG_22_15 OR L1_DoubleEG_23_10 OR L1_DoubleEG_24_17 OR L1_DoubleEG_25_12 OR L1_SingleJet170 OR L1_SingleJet180 OR L1_SingleJet200 OR L1_SingleTau100er OR L1_SingleTau120er
HLT_ECALHT800_v4	1	1	1	1	1	1	1	1	1	1	1	1	1	1	1	1	1	L1_HTT300 OR L1_ETM70 OR L1_ETM80 OR L1_ETM90
HLT_EcalCalibration_v3	1	1	1	1	1	1	1	1	1	1	1	1	1	1	1	1	1	
HLT_Ele105_CaloIdVT_GsfTrkIdT_v7	0	0	0	0	0	0	1	1	1	1	1	1	1	1	1	1	1	L1_SingleEG30 OR L1_SingleEG32 OR L1_SingleEG34 OR L1_SingleEG36 OR L1_SingleEG38 OR L1_SingleEG40 OR L1_SingleJet170 OR L1_SingleJet180 OR L1_SingleJet200 OR L1_SingleTau100er OR L1_SingleTau120er
HLT_Ele10_CaloIdM_TrackIdM_CentralPFJet30_BTagCSV_p13_v5	1	1	1	1	1	1	1	1	1	1	1	1	1	1	1	1	1	L1_Jet32_Mu0_EG10_dPhi_Jet_Mu_Max0p4_dPhi_Mu_EG_Min1p0
HLT_Ele115_CaloIdVT_GsfTrkIdT_v6	1	1	1	1	1	1	1	1	1	1	1	1	1	1	1	1	1	L1_SingleEG30 OR L1_SingleEG32 OR L1_SingleEG34 OR L1_SingleEG36 OR L1_SingleEG38 OR L1_SingleEG40 OR L1_SingleJet170 OR L1_SingleJet180 OR L1_SingleJet200 OR L1_SingleTau100er OR L1_SingleTau120er
HLT_Ele12_CaloIdL_TrackIdL_IsoVL_PFJet30_v7	3	3	3	6	6	5	5	5	5	5	5	6	5	6	5	5	1	L1_SingleEG10 OR L1_SingleEG15
HLT_Ele12_CaloIdL_TrackIdL_IsoVL_v7	15	15	15	30	30	23	23	26	26	26	26	31	26	31	27	26	1	L1_SingleEG10 OR L1_SingleEG15
HLT_Ele12_CaloIdM_TrackIdM_PFJet30_v7	2	2	2	4	4	3	3	3	3	3	3	4	3	4	3	3	1	L1_SingleEG10 OR L1_SingleEG15
HLT_Ele15_IsoVVVL_BTagCSV_p067_PFHT400_v5	17	15	14	12	10	8	7	5	4	1	1	1	1	1	1	1	1	L1_SingleEG5
HLT_Ele15_IsoVVVL_PFHT350_PFMET50_v6	0	0	0	0	0	0	0	0	0	0	0	0	0	0	0	0	0	L1_SingleEG5
HLT_Ele15_IsoVVVL_PFHT350_v6	0	0	0	0	0	0	0	0	0	0	0	0	0	0	0	0	0	L1_SingleEG5
HLT_Ele15_IsoVVVL_PFHT400_PFMET50_v4	1	1	1	1	1	1	1	1	1	1	1	1	1	1	1	1	1	L1_SingleEG5
HLT_Ele15_IsoVVVL_PFHT400_v4	1	1	1	1	1	1	1	1	1	1	1	1	1	1	1	1	1	L1_SingleEG5
HLT_Ele15_IsoVVVL_PFHT600_v7	1	1	1	1	1	1	1	1	1	1	1	1	1	1	1	1	1	L1_SingleEG5
HLT_Ele16_Ele12_Ele8_CaloIdL_TrackIdL_v7	1	1	1	1	1	1	1	1	1	1	1	1	1	1	1	1	1	L1_TripleEG_14_10_8 OR L1_TripleEG_18_17_8
HLT_Ele17_CaloIdL_GsfTrkIdVL_v5	5	5	5	10	10	11	10	10	10	10	10	11	10	11	10	10	1	L1_SingleEG15
HLT_Ele17_CaloIdL_TrackIdL_IsoVL_PFJet30_v5	1	2	2	3	3	3	3	3	3	3	3	3	3	3	3	3	1	L1_SingleEG15
HLT_Ele17_CaloIdL_TrackIdL_IsoVL_v6	6	6	8	15	12	11	12	12	12	12	12	13	12	14	12	12	1	L1_SingleEG15
HLT_Ele17_CaloIdM_TrackIdM_PFJet30_v5	1	1	1	2	2	2	2	2	2	2	2	2	2	2	2	2	1	L1_SingleEG15
HLT_Ele17_Ele12_CaloIdL_TrackIdL_IsoVL_DZ_v8	0	0	0	0	0	1	1	1	1	1	1	1	1	1	1	1	1	L1_SingleEG30 OR L1_SingleEG32 OR L1_SingleEG34 OR L1_SingleEG36 OR L1_SingleEG38 OR L1_SingleEG40 OR L1_SingleIsoEG22er OR L1_SingleIsoEG24er OR L1_SingleIsoEG26er OR L1_SingleIsoEG28er OR L1_SingleIsoEG30er OR L1_SingleIsoEG32er OR L1_SingleIsoEG34er OR L1_SingleIsoEG24 OR L1_SingleIsoEG26 OR L1_SingleIsoEG28 OR L1_SingleIsoEG30 OR L1_SingleIsoEG32 OR L1_SingleIsoEG34 OR L1_SingleIsoEG36 OR L1_DoubleEG_15_10 OR L1_DoubleEG_18_17 OR L1_DoubleEG_20_18 OR L1_DoubleEG_22_10 OR L1_DoubleEG_22_12 OR L1_DoubleEG_22_15 OR L1_DoubleEG_23_10 OR L1_DoubleEG_24_17 OR L1_DoubleEG_25_12
HLT_Ele17_Ele12_CaloIdL_TrackIdL_IsoVL_v8	49	44	40	35	30	24	21	15	11	6	3	2	1	1	1	1	1	L1_SingleEG30 OR L1_SingleEG32 OR L1_SingleEG34 OR L1_SingleEG36 OR L1_SingleEG38 OR L1_SingleEG40 OR L1_SingleIsoEG22er OR L1_SingleIsoEG24er OR L1_SingleIsoEG26er OR L1_SingleIsoEG28er OR L1_SingleIsoEG30er OR L1_SingleIsoEG32er OR L1_SingleIsoEG34er OR L1_SingleIsoEG24 OR L1_SingleIsoEG26 OR L1_SingleIsoEG28 OR L1_SingleIsoEG30 OR L1_SingleIsoEG32 OR L1_SingleIsoEG34 OR L1_SingleIsoEG36 OR L1_DoubleEG_15_10 OR L1_DoubleEG_18_17 OR L1_DoubleEG_20_18 OR L1_DoubleEG_22_10 OR L1_DoubleEG_22_12 OR L1_DoubleEG_22_15 OR L1_DoubleEG_23_10 OR L1_DoubleEG_24_17 OR L1_DoubleEG_25_12
HLT_Ele20_eta2p1_WPLoose_Gsf_LooseIsoPFTau28_v1	0	0	1	1	1	1	1	1	1	1	1	1	1	1	1	1	1	L1_IsoEG18er_IsoTau24er_dEta_Min0p2
HLT_Ele22_eta2p1_WPLoose_Gsf_LooseIsoPFTau29_v1	0	1	1	1	1	1	1	1	1	1	1	1	1	1	1	1	1	L1_IsoEG20er_IsoTau25er_dEta_Min0p2
HLT_Ele22_eta2p1_WPLoose_Gsf_v8	0	0	0	0	0	0	0	0	1	1	1	1	1	1	1	1	1	L1_SingleIsoEG20er OR L1_SingleIsoEG22er OR L1_SingleEG40
HLT_Ele23_CaloIdL_TrackIdL_IsoVL_PFJet30_v7	1	1	1	2	2	2	2	2	2	2	2	2	2	2	2	2	1	L1_SingleEG15
HLT_Ele23_CaloIdL_TrackIdL_IsoVL_v7	2	3	4	4	5	5	5	5	5	5	5	5	5	5	5	5	1	L1_SingleEG18 OR L1_SingleEG24
HLT_Ele23_CaloIdM_TrackIdM_PFJet30_v7	1	1	1	2	2	2	2	2	2	2	2	2	2	2	2	2	1	L1_SingleEG15
HLT_Ele23_Ele12_CaloIdL_TrackIdL_IsoVL_DZ_L1JetTauSeeded_v2	1	1	1	1	1	1	1	1	1	1	1	1	1	1	1	1	1	L1_SingleJet200 OR L1_SingleJet180 OR L1_SingleJet170 OR L1_SingleTau100er OR L1_SingleTau120er
HLT_Ele23_Ele12_CaloIdL_TrackIdL_IsoVL_DZ_v8	1	1	1	1	1	1	1	1	1	1	1	1	1	1	1	1	1	L1_SingleEG30 OR L1_SingleEG32 OR L1_SingleEG34 OR L1_SingleEG36 OR L1_SingleEG38 OR L1_SingleEG40 OR L1_SingleIsoEG22er OR L1_SingleIsoEG24er OR L1_SingleIsoEG26er OR L1_SingleIsoEG28er OR L1_SingleIsoEG30er OR L1_SingleIsoEG32er OR L1_SingleIsoEG34er OR L1_SingleIsoEG24 OR L1_SingleIsoEG26 OR L1_SingleIsoEG28 OR L1_SingleIsoEG30 OR L1_SingleIsoEG32 OR L1_SingleIsoEG34 OR L1_SingleIsoEG36 OR L1_DoubleEG_15_10 OR L1_DoubleEG_18_17 OR L1_DoubleEG_20_18 OR L1_DoubleEG_22_10 OR L1_DoubleEG_22_12 OR L1_DoubleEG_22_15 OR L1_DoubleEG_23_10 OR L1_DoubleEG_24_17 OR L1_DoubleEG_25_12
HLT_Ele23_Ele12_CaloIdL_TrackIdL_IsoVL_v8	17	15	14	12	10	8	7	5	4	2	1	1	1	1	1	1	1	L1_SingleEG30 OR L1_SingleEG32 OR L1_SingleEG34 OR L1_SingleEG36 OR L1_SingleEG38 OR L1_SingleEG40 OR L1_SingleIsoEG22er OR L1_SingleIsoEG24er OR L1_SingleIsoEG26er OR L1_SingleIsoEG28er OR L1_SingleIsoEG30er OR L1_SingleIsoEG32er OR L1_SingleIsoEG34er OR L1_SingleIsoEG24 OR L1_SingleIsoEG26 OR L1_SingleIsoEG28 OR L1_SingleIsoEG30 OR L1_SingleIsoEG32 OR L1_SingleIsoEG34 OR L1_SingleIsoEG36 OR L1_DoubleEG_15_10 OR L1_DoubleEG_18_17 OR L1_DoubleEG_20_18 OR L1_DoubleEG_22_10 OR L1_DoubleEG_22_12 OR L1_DoubleEG_22_15 OR L1_DoubleEG_23_10 OR L1_DoubleEG_24_17 OR L1_DoubleEG_25_12
HLT_Ele23_WPLoose_Gsf_WHbbBoost_v7	0	0	0	0	0	0	0	0	1	1	1	1	1	1	1	1	1	L1_SingleEG30 OR L1_SingleEG32 OR L1_SingleEG34 OR L1_SingleEG36 OR L1_SingleEG38 OR L1_SingleEG40 OR L1_SingleIsoEG22er OR L1_SingleIsoEG24er OR L1_SingleIsoEG26er OR L1_SingleIsoEG28er OR L1_SingleIsoEG30er OR L1_SingleIsoEG32er OR L1_SingleIsoEG34er OR L1_SingleIsoEG24 OR L1_SingleIsoEG26 OR L1_SingleIsoEG28 OR L1_SingleIsoEG30 OR L1_SingleIsoEG32 OR L1_SingleIsoEG34 OR L1_SingleIsoEG36
HLT_Ele23_WPLoose_Gsf_v8	0	0	0	0	0	0	0	0	1	1	1	1	1	1	1	1	1	L1_SingleEG30 OR L1_SingleEG32 OR L1_SingleEG34 OR L1_SingleEG36 OR L1_SingleEG38 OR L1_SingleEG40 OR L1_SingleIsoEG22er OR L1_SingleIsoEG24er OR L1_SingleIsoEG26er OR L1_SingleIsoEG28er OR L1_SingleIsoEG30er OR L1_SingleIsoEG32er OR L1_SingleIsoEG34er OR L1_SingleIsoEG24 OR L1_SingleIsoEG26 OR L1_SingleIsoEG28 OR L1_SingleIsoEG30 OR L1_SingleIsoEG32 OR L1_SingleIsoEG34 OR L1_SingleIsoEG36
HLT_Ele24_eta2p1_WPLoose_Gsf_LooseIsoPFTau30_v2	1	1	1	1	1	1	1	1	1	1	1	1	1	1	1	1	1	L1_IsoEG22er_IsoTau26er_dEta_Min0p2
HLT_Ele24_eta2p1_WPLoose_Gsf_v6	160	145	130	115	100	80	70	50	1	1	1	1	1	1	1	1	1	L1_SingleIsoEG22er OR L1_SingleIsoEG24er OR L1_SingleEG40
HLT_Ele250_CaloIdVT_GsfTrkIdT_v5	1	1	1	1	1	1	1	1	1	1	1	1	1	1	1	1	1	L1_SingleEG30 OR L1_SingleEG32 OR L1_SingleEG34 OR L1_SingleEG36 OR L1_SingleEG38 OR L1_SingleEG40 OR L1_SingleJet170 OR L1_SingleJet180 OR L1_SingleJet200 OR L1_SingleTau100er OR L1_SingleTau120er
HLT_Ele25_WPTight_Gsf_v6	0	0	0	0	0	1	1	1	1	1	1	1	1	1	1	1	1	L1_SingleEG30 OR L1_SingleEG32 OR L1_SingleEG34 OR L1_SingleEG36 OR L1_SingleEG38 OR L1_SingleEG40 OR L1_SingleIsoEG22er OR L1_SingleIsoEG24er OR L1_SingleIsoEG26er OR L1_SingleIsoEG28er OR L1_SingleIsoEG30er OR L1_SingleIsoEG32er OR L1_SingleIsoEG34er OR L1_SingleIsoEG24 OR L1_SingleIsoEG26 OR L1_SingleIsoEG28 OR L1_SingleIsoEG30 OR L1_SingleIsoEG32 OR L1_SingleIsoEG34 OR L1_SingleIsoEG36
HLT_Ele25_eta2p1_WPLoose_Gsf_v6	0	0	0	0	0	1	1	1	1	1	1	1	1	1	1	1	1	L1_SingleEG30 OR L1_SingleEG32 OR L1_SingleEG34 OR L1_SingleEG36 OR L1_SingleEG38 OR L1_SingleEG40 OR L1_SingleIsoEG22er OR L1_SingleIsoEG24er OR L1_SingleIsoEG26er OR L1_SingleIsoEG28er OR L1_SingleIsoEG30er OR L1_SingleIsoEG32er OR L1_SingleIsoEG34er OR L1_SingleIsoEG24 OR L1_SingleIsoEG26 OR L1_SingleIsoEG28 OR L1_SingleIsoEG30 OR L1_SingleIsoEG32 OR L1_SingleIsoEG34 OR L1_SingleIsoEG36
HLT_Ele25_eta2p1_WPTight_Gsf_v6	1	1	1	1	1	1	1	1	1	1	1	1	1	1	1	1	1	L1_SingleEG30 OR L1_SingleEG32 OR L1_SingleEG34 OR L1_SingleEG36 OR L1_SingleEG38 OR L1_SingleEG40 OR L1_SingleIsoEG22er OR L1_SingleIsoEG24er OR L1_SingleIsoEG26er OR L1_SingleIsoEG28er OR L1_SingleIsoEG30er OR L1_SingleIsoEG32er OR L1_SingleIsoEG34er OR L1_SingleIsoEG24 OR L1_SingleIsoEG26 OR L1_SingleIsoEG28 OR L1_SingleIsoEG30 OR L1_SingleIsoEG32 OR L1_SingleIsoEG34 OR L1_SingleIsoEG36
HLT_Ele27_HighEta_Ele20_Mass55_v6	1	1	1	1	1	1	1	1	1	1	1	1	1	1	1	1	1	L1_SingleEG30 OR L1_SingleEG32 OR L1_SingleEG34 OR L1_SingleEG36 OR L1_SingleEG28 OR L1_SingleEG40 OR L1_DoubleEG_15_10 OR L1_DoubleEG_18_17 OR L1_DoubleEG_20_18 OR L1_DoubleEG_22_10 OR L1_DoubleEG_22_12 OR L1_DoubleEG_22_15 OR L1_DoubleEG_23_10 OR L1_DoubleEG_24_17 OR L1_DoubleEG_25_12
HLT_Ele27_WPLoose_Gsf_WHbbBoost_v7	1	1	1	1	1	1	1	1	1	1	1	1	1	1	1	1	1	L1_SingleEG30 OR L1_SingleEG32 OR L1_SingleEG34 OR L1_SingleEG36 OR L1_SingleEG38 OR L1_SingleEG40 OR L1_SingleIsoEG22er OR L1_SingleIsoEG24er OR L1_SingleIsoEG26er OR L1_SingleIsoEG28er OR L1_SingleIsoEG30er OR L1_SingleIsoEG32er OR L1_SingleIsoEG34er OR L1_SingleIsoEG24 OR L1_SingleIsoEG26 OR L1_SingleIsoEG28 OR L1_SingleIsoEG30 OR L1_SingleIsoEG32 OR L1_SingleIsoEG34 OR L1_SingleIsoEG36
HLT_Ele27_WPLoose_Gsf_v6	0	0	0	0	0	0	0	0	1	1	1	1	1	1	1	1	1	L1_SingleEG30 OR L1_SingleEG32 OR L1_SingleEG34 OR L1_SingleEG36 OR L1_SingleEG38 OR L1_SingleEG40 OR L1_SingleIsoEG22er OR L1_SingleIsoEG24er OR L1_SingleIsoEG26er OR L1_SingleIsoEG28er OR L1_SingleIsoEG30er OR L1_SingleIsoEG32er OR L1_SingleIsoEG34er OR L1_SingleIsoEG24 OR L1_SingleIsoEG26 OR L1_SingleIsoEG28 OR L1_SingleIsoEG30 OR L1_SingleIsoEG32 OR L1_SingleIsoEG34 OR L1_SingleIsoEG36
HLT_Ele27_WPTight_Gsf_L1JetTauSeeded_v3	1	1	1	1	1	1	1	1	1	1	1	1	1	1	1	1	1	L1_SingleJet200 OR L1_SingleJet180 OR L1_SingleJet170 OR L1_SingleTau100er OR L1_SingleTau120er
HLT_Ele27_WPTight_Gsf_v6	1	1	1	1	1	1	1	1	1	1	1	1	1	1	1	1	1	L1_SingleEG30 OR L1_SingleEG32 OR L1_SingleEG34 OR L1_SingleEG36 OR L1_SingleEG38 OR L1_SingleEG40 OR L1_SingleIsoEG22er OR L1_SingleIsoEG24er OR L1_SingleIsoEG26er OR L1_SingleIsoEG28er OR L1_SingleIsoEG30er OR L1_SingleIsoEG32er OR L1_SingleIsoEG34er OR L1_SingleIsoEG24 OR L1_SingleIsoEG26 OR L1_SingleIsoEG28 OR L1_SingleIsoEG30 OR L1_SingleIsoEG32 OR L1_SingleIsoEG34 OR L1_SingleIsoEG36
HLT_Ele27_eta2p1_WPLoose_Gsf_DoubleMediumIsoPFTau32_Trk1_eta2p1_Reg_v6	0	0	0	0	0	0	0	0	0	0	0	0	0	0	0	0	0	L1_SingleEG30 OR L1_SingleEG32 OR L1_SingleEG34 OR L1_SingleEG36 OR L1_SingleEG38 OR L1_SingleEG40 OR L1_SingleIsoEG22er OR L1_SingleIsoEG24er OR L1_SingleIsoEG26er OR L1_SingleIsoEG28er OR L1_SingleIsoEG30er OR L1_SingleIsoEG32er OR L1_SingleIsoEG34er OR L1_SingleIsoEG24 OR L1_SingleIsoEG26 OR L1_SingleIsoEG28 OR L1_SingleIsoEG30 OR L1_SingleIsoEG32 OR L1_SingleIsoEG34 OR L1_SingleIsoEG36
HLT_Ele27_eta2p1_WPLoose_Gsf_DoubleMediumIsoPFTau35_Trk1_eta2p1_Reg_v7	1	1	1	1	1	1	1	1	1	1	1	1	1	1	1	1	1	L1_SingleEG30 OR L1_SingleEG32 OR L1_SingleEG34 OR L1_SingleEG36 OR L1_SingleEG38 OR L1_SingleEG40 OR L1_SingleIsoEG22er OR L1_SingleIsoEG24er OR L1_SingleIsoEG26er OR L1_SingleIsoEG28er OR L1_SingleIsoEG30er OR L1_SingleIsoEG32er OR L1_SingleIsoEG34er OR L1_SingleIsoEG24 OR L1_SingleIsoEG26 OR L1_SingleIsoEG28 OR L1_SingleIsoEG30 OR L1_SingleIsoEG32 OR L1_SingleIsoEG34 OR L1_SingleIsoEG36
HLT_Ele27_eta2p1_WPLoose_Gsf_DoubleMediumIsoPFTau40_Trk1_eta2p1_Reg_v8	1	1	1	1	1	1	1	1	1	1	1	1	1	1	1	1	1	L1_SingleEG30 OR L1_SingleEG32 OR L1_SingleEG34 OR L1_SingleEG36 OR L1_SingleEG38 OR L1_SingleEG40 OR L1_SingleIsoEG22er OR L1_SingleIsoEG24er OR L1_SingleIsoEG26er OR L1_SingleIsoEG28er OR L1_SingleIsoEG30er OR L1_SingleIsoEG32er OR L1_SingleIsoEG34er OR L1_SingleIsoEG24 OR L1_SingleIsoEG26 OR L1_SingleIsoEG28 OR L1_SingleIsoEG30 OR L1_SingleIsoEG32 OR L1_SingleIsoEG34 OR L1_SingleIsoEG36
HLT_Ele27_eta2p1_WPLoose_Gsf_HT200_v7	1	1	1	1	1	1	1	1	1	1	1	1	1	1	1	1	1	L1_EG27er_HTT200 OR L1_HTT280 OR L1_HTT300
HLT_Ele27_eta2p1_WPLoose_Gsf_v7	1	1	1	1	1	1	1	1	1	1	1	1	1	1	1	1	1	L1_SingleEG30 OR L1_SingleEG32 OR L1_SingleEG34 OR L1_SingleEG36 OR L1_SingleEG38 OR L1_SingleEG40 OR L1_SingleIsoEG22er OR L1_SingleIsoEG24er OR L1_SingleIsoEG26er OR L1_SingleIsoEG28er OR L1_SingleIsoEG30er OR L1_SingleIsoEG32er OR L1_SingleIsoEG34er OR L1_SingleIsoEG24 OR L1_SingleIsoEG26 OR L1_SingleIsoEG28 OR L1_SingleIsoEG30 OR L1_SingleIsoEG32 OR L1_SingleIsoEG34 OR L1_SingleIsoEG36
HLT_Ele27_eta2p1_WPTight_Gsf_v7	1	1	1	1	1	1	1	1	1	1	1	1	1	1	1	1	1	L1_SingleEG30 OR L1_SingleEG32 OR L1_SingleEG34 OR L1_SingleEG36 OR L1_SingleEG38 OR L1_SingleEG40 OR L1_SingleIsoEG22er OR L1_SingleIsoEG24er OR L1_SingleIsoEG26er OR L1_SingleIsoEG28er OR L1_SingleIsoEG30er OR L1_SingleIsoEG32er OR L1_SingleIsoEG34er OR L1_SingleIsoEG24 OR L1_SingleIsoEG26 OR L1_SingleIsoEG28 OR L1_SingleIsoEG30 OR L1_SingleIsoEG32 OR L1_SingleIsoEG34 OR L1_SingleIsoEG36
HLT_Ele300_CaloIdVT_GsfTrkIdT_v5	1	1	1	1	1	1	1	1	1	1	1	1	1	1	1	1	1	L1_SingleEG30 OR L1_SingleEG32 OR L1_SingleEG34 OR L1_SingleEG36 OR L1_SingleEG38 OR L1_SingleEG40 OR L1_SingleJet170 OR L1_SingleJet180 OR L1_SingleJet200 OR L1_SingleTau100er OR L1_SingleTau120er
HLT_Ele30WP60_Ele8_Mass55_v7	0	0	0	0	0	0	0	0	0	0	0	0	0	0	0	0	0	L1_SingleEG30 OR L1_SingleEG32 OR L1_SingleEG34 OR L1_SingleEG36 OR L1_SingleEG38 OR L1_SingleEG40 OR L1_SingleIsoEG22er OR L1_SingleIsoEG24er OR L1_SingleIsoEG26er OR L1_SingleIsoEG28er OR L1_SingleIsoEG30er OR L1_SingleIsoEG32er OR L1_SingleIsoEG34er OR L1_SingleIsoEG24 OR L1_SingleIsoEG26 OR L1_SingleIsoEG28 OR L1_SingleIsoEG30 OR L1_SingleIsoEG32 OR L1_SingleIsoEG34 OR L1_SingleIsoEG36
HLT_Ele30WP60_SC4_Mass55_v8	0	0	0	0	0	0	0	0	0	0	0	0	0	0	0	0	0	L1_SingleEG30 OR L1_SingleEG32 OR L1_SingleEG34 OR L1_SingleEG36 OR L1_SingleEG38 OR L1_SingleEG40 OR L1_SingleIsoEG22er OR L1_SingleIsoEG24er OR L1_SingleIsoEG26er OR L1_SingleIsoEG28er OR L1_SingleIsoEG30er OR L1_SingleIsoEG32er OR L1_SingleIsoEG34er OR L1_SingleIsoEG24 OR L1_SingleIsoEG26 OR L1_SingleIsoEG28 OR L1_SingleIsoEG30 OR L1_SingleIsoEG32 OR L1_SingleIsoEG34 OR L1_SingleIsoEG36
HLT_Ele32_eta2p1_WPTight_Gsf_v7	1	1	1	1	1	1	1	1	1	1	1	1	1	1	1	1	1	L1_SingleEG30 OR L1_SingleEG32 OR L1_SingleEG34 OR L1_SingleEG36 OR L1_SingleEG38 OR L1_SingleEG40 OR L1_SingleIsoEG22er OR L1_SingleIsoEG24er OR L1_SingleIsoEG26er OR L1_SingleIsoEG28er OR L1_SingleIsoEG30er OR L1_SingleIsoEG32er OR L1_SingleIsoEG34er OR L1_SingleIsoEG24 OR L1_SingleIsoEG26 OR L1_SingleIsoEG28 OR L1_SingleIsoEG30 OR L1_SingleIsoEG32 OR L1_SingleIsoEG34 OR L1_SingleIsoEG36
HLT_Ele35_CaloIdVT_GsfTrkIdT_PFJet150_PFJet50_v5	0	0	0	0	0	0	0	0	0	0	1	1	1	1	1	1	1	L1_SingleEG26
HLT_Ele35_WPLoose_Gsf_v6	0	0	0	0	0	1	1	1	1	1	1	1	1	1	1	1	1	L1_SingleEG30 OR L1_SingleEG32 OR L1_SingleEG34 OR L1_SingleEG36 OR L1_SingleEG38 OR L1_SingleEG40 OR L1_SingleIsoEG22er OR L1_SingleIsoEG24er OR L1_SingleIsoEG26er OR L1_SingleIsoEG28er OR L1_SingleIsoEG30er OR L1_SingleIsoEG32er OR L1_SingleIsoEG34er OR L1_SingleIsoEG24 OR L1_SingleIsoEG26 OR L1_SingleIsoEG28 OR L1_SingleIsoEG30 OR L1_SingleIsoEG32 OR L1_SingleIsoEG34 OR L1_SingleIsoEG36
HLT_Ele36_eta2p1_WPLoose_Gsf_LooseIsoPFTau20_SingleL1_v1	1	1	1	1	1	1	1	1	1	1	1	1	1	1	1	1	1	L1_SingleIsoEG22er OR L1_SingleIsoEG24er OR L1_SingleEG40
HLT_Ele45_CaloIdVT_GsfTrkIdT_PFJet200_PFJet50_v7	1	1	1	1	1	1	1	1	1	1	1	1	1	1	1	1	1	L1_SingleEG40
HLT_Ele45_WPLoose_Gsf_L1JetTauSeeded_v3	1	1	1	1	1	1	1	1	1	1	1	1	1	1	1	1	1	L1_SingleJet200 OR L1_SingleJet180 OR L1_SingleJet170 OR L1_SingleTau100er OR L1_SingleTau120er
HLT_Ele45_WPLoose_Gsf_v6	1	1	1	1	1	1	1	1	1	1	1	1	1	1	1	1	1	L1_SingleEG30 OR L1_SingleEG32 OR L1_SingleEG34 OR L1_SingleEG36 OR L1_SingleEG38 OR L1_SingleEG40 OR L1_SingleIsoEG22er OR L1_SingleIsoEG24er OR L1_SingleIsoEG26er OR L1_SingleIsoEG28er OR L1_SingleIsoEG30er OR L1_SingleIsoEG32er OR L1_SingleIsoEG34er OR L1_SingleIsoEG24 OR L1_SingleIsoEG26 OR L1_SingleIsoEG28 OR L1_SingleIsoEG30 OR L1_SingleIsoEG32 OR L1_SingleIsoEG34 OR L1_SingleIsoEG36
HLT_Ele50_CaloIdVT_GsfTrkIdT_PFJet140_v5	0	0	0	0	0	0	0	1	1	1	1	1	1	1	1	1	1	L1_SingleEG40
HLT_Ele50_CaloIdVT_GsfTrkIdT_PFJet165_v5	1	1	1	1	1	1	1	1	1	1	1	1	1	1	1	1	1	L1_SingleEG40
HLT_Ele50_IsoVVVL_PFHT400_v4	1	1	1	1	1	1	1	1	1	1	1	1	1	1	1	1	1	L1_SingleEG5
HLT_Ele8_CaloIdL_TrackIdL_IsoVL_PFJet30_v5	1	1	1	1	1	1	1	1	1	1	1	1	1	1	1	1	1	L1_SingleEG10 OR L1_SingleEG5
HLT_Ele8_CaloIdM_TrackIdM_PFJet30_v7	1	1	1	1	1	1	1	1	1	1	1	1	1	1	1	1	1	L1_SingleEG10 OR L1_SingleEG5
HLT_FullTracks_Multiplicity100_v2	0	0	0	0	0	0	0	0	0	0	0	0	0	0	0	0	1	L1_ETT35_BptxAND
HLT_FullTracks_Multiplicity130_v2	0	0	0	0	0	0	0	0	0	0	0	0	0	0	0	0	1	L1_ETT50_BptxAND
HLT_FullTracks_Multiplicity150_v2	0	0	0	0	0	0	0	0	0	0	0	0	0	0	0	0	1	L1_ETT60_BptxAND
HLT_FullTracks_Multiplicity80_v2	0	0	0	0	0	0	0	0	0	0	0	0	0	0	0	0	1	L1_MinimumBiasHF0_OR_BptxAND
HLT_GlobalRunHPDNoise_v4	3500	3500	3500	3500	3500	3500	3500	3500	3500	3500	3500	3500	3500	3500	3500	3500	3500	L1_SingleJetC20_NotBptxOR
HLT_HISinglePhoton10_v3	0	0	0	0	0	0	0	0	0	0	0	0	0	0	0	0	1	L1_SingleEG2_BptxAND
HLT_HISinglePhoton15_v3	0	0	0	0	0	0	0	0	0	0	0	0	0	0	0	0	1	L1_SingleEG2_BptxAND
HLT_HISinglePhoton20_v3	0	0	0	0	0	0	0	0	0	0	0	0	0	0	0	0	1	L1_SingleEG2_BptxAND
HLT_HISinglePhoton40_v3	0	0	0	0	0	0	0	0	0	0	0	0	0	0	0	0	1	L1_SingleEG5
HLT_HISinglePhoton60_v3	0	0	0	0	0	0	0	0	0	0	0	0	0	0	0	0	1	L1_SingleEG5
HLT_HT2000_v3	1	1	1	1	1	1	1	1	1	1	1	1	1	1	1	1	1	L1_HTT280 OR L1_HTT300 OR L1_HTT320
HLT_HT200_DisplacedDijet40_DisplacedTrack_v3	0	0	0	0	0	0	0	0	0	0	0	0	0	0	0	0	0	L1_HTT160 OR L1_HTT200 OR L1_HTT220 OR L1_HTT240 OR L1_HTT255 OR L1_HTT270 OR L1_HTT280 OR L1_HTT300 OR L1_HTT320
HLT_HT200_v3	10752	9744	8736	7728	6720	5376	4704	3360	2352	1344	672	470	336	235	134	67	1	L1_HTT160 OR L1_HTT200 OR L1_HTT220 OR L1_HTT240 OR L1_HTT255 OR L1_HTT270 OR L1_HTT280 OR L1_HTT300 OR L1_HTT320
HLT_HT2500_v3	1	1	1	1	1	1	1	1	1	1	1	1	1	1	1	1	1	L1_HTT280 OR L1_HTT300 OR L1_HTT320
HLT_HT250_DisplacedDijet40_DisplacedTrack_v4	31	28	25	22	19	15	1	1	1	1	1	1	1	1	1	1	1	L1_HTT160 OR L1_HTT200 OR L1_HTT220 OR L1_HTT240 OR L1_HTT255 OR L1_HTT270 OR L1_HTT280 OR L1_HTT300 OR L1_HTT320
HLT_HT275_v3	5376	4872	4368	3864	3360	2688	2352	1680	1176	672	336	235	168	118	67	34	1	L1_HTT160 OR L1_HTT200 OR L1_HTT220 OR L1_HTT240 OR L1_HTT255 OR L1_HTT270 OR L1_HTT280 OR L1_HTT300 OR L1_HTT320
HLT_HT325_v3	2944	2668	2392	2116	1840	1472	1288	920	644	368	184	129	92	64	37	18	1	L1_HTT160 OR L1_HTT200 OR L1_HTT220 OR L1_HTT240 OR L1_HTT255 OR L1_HTT270 OR L1_HTT280 OR L1_HTT300 OR L1_HTT320
HLT_HT350_DisplacedDijet40_DisplacedTrack_v4	1	1	1	1	1	1	1	1	1	1	1	1	1	1	1	1	1	L1_HTT160 OR L1_HTT200 OR L1_HTT220 OR L1_HTT240 OR L1_HTT255 OR L1_HTT270 OR L1_HTT280 OR L1_HTT300 OR L1_HTT320
HLT_HT350_DisplacedDijet40_Inclusive_v3	600	550	490	430	380	300	260	190	130	75	40	25	20	15	8	4	1	L1_HTT160 OR L1_HTT200 OR L1_HTT220 OR L1_HTT240 OR L1_HTT255 OR L1_HTT270 OR L1_HTT280 OR L1_HTT300 OR L1_HTT320
HLT_HT350_DisplacedDijet80_DisplacedTrack_v4	1	1	1	1	1	1	1	1	1	1	1	1	1	1	1	1	1	L1_HTT160 OR L1_HTT200 OR L1_HTT220 OR L1_HTT240 OR L1_HTT255 OR L1_HTT270 OR L1_HTT280 OR L1_HTT300 OR L1_HTT320
HLT_HT350_DisplacedDijet80_Tight_DisplacedTrack_v4	1	1	1	1	1	1	1	1	1	1	1	1	1	1	1	1	1	L1_HTT160 OR L1_HTT200 OR L1_HTT220 OR L1_HTT240 OR L1_HTT255 OR L1_HTT270 OR L1_HTT280 OR L1_HTT300 OR L1_HTT320
HLT_HT400_DisplacedDijet40_Inclusive_v4	0	0	0	0	0	0	0	0	0	0	0	0	0	0	0	0	0	L1_HTT160 OR L1_HTT200 OR L1_HTT220 OR L1_HTT240 OR L1_HTT255 OR L1_HTT270 OR L1_HTT280 OR L1_HTT300 OR L1_HTT320
HLT_HT410to430_v3	0	0	0	0	0	0	0	0	0	0	0	0	0	0	0	0	0	L1_HTT200 OR L1_HTT240 OR L1_HTT270 OR L1_HTT280 OR L1_HTT300 OR L1_HTT320
HLT_HT425_v3	960	870	780	690	600	480	420	300	210	120	60	42	30	21	12	6	1	L1_HTT160 OR L1_HTT200 OR L1_HTT220 OR L1_HTT240 OR L1_HTT255 OR L1_HTT270 OR L1_HTT280 OR L1_HTT300 OR L1_HTT320
HLT_HT430to450_v3	1	1	1	1	1	1	1	1	1	1	1	1	1	1	1	1	1	L1_HTT200 OR L1_HTT240 OR L1_HTT270 OR L1_HTT280 OR L1_HTT300 OR L1_HTT320
HLT_HT450to470_v3	1	1	1	1	1	1	1	1	1	1	1	1	1	1	1	1	1	L1_HTT200 OR L1_HTT240 OR L1_HTT270 OR L1_HTT280 OR L1_HTT300 OR L1_HTT320
HLT_HT470to500_v3	1	1	1	1	1	1	1	1	1	1	1	1	1	1	1	1	1	L1_HTT200 OR L1_HTT240 OR L1_HTT270 OR L1_HTT280 OR L1_HTT300 OR L1_HTT320
HLT_HT500_DisplacedDijet40_Inclusive_v4	0	0	0	0	0	0	0	0	0	0	0	0	0	0	0	0	0	L1_HTT160 OR L1_HTT200 OR L1_HTT220 OR L1_HTT240 OR L1_HTT255 OR L1_HTT270 OR L1_HTT280 OR L1_HTT300 OR L1_HTT320
HLT_HT500to550_v3	1	1	1	1	1	1	1	1	1	1	1	1	1	1	1	1	1	L1_HTT200 OR L1_HTT240 OR L1_HTT270 OR L1_HTT280 OR L1_HTT300 OR L1_HTT320
HLT_HT550_DisplacedDijet40_Inclusive_v4	0	0	0	0	0	0	0	0	0	0	0	0	0	0	0	0	0	L1_HTT160 OR L1_HTT200 OR L1_HTT220 OR L1_HTT240 OR L1_HTT255 OR L1_HTT270 OR L1_HTT280 OR L1_HTT300 OR L1_HTT320
HLT_HT550_DisplacedDijet80_Inclusive_v1	36	32	30	25	20	18	16	10	8	4	1	1	1	1	1	1	1	L1_HTT160 OR L1_HTT200 OR L1_HTT220 OR L1_HTT240 OR L1_HTT255 OR L1_HTT270 OR L1_HTT280 OR L1_HTT300 OR L1_HTT320
HLT_HT550to650_v3	1	1	1	1	1	1	1	1	1	1	1	1	1	1	1	1	1	L1_HTT200 OR L1_HTT240 OR L1_HTT270 OR L1_HTT280 OR L1_HTT300 OR L1_HTT320
HLT_HT575_v3	223	202	181	160	139	111	97	70	49	28	14	10	7	5	3	1	1	L1_HTT160 OR L1_HTT200 OR L1_HTT220 OR L1_HTT240 OR L1_HTT255 OR L1_HTT270 OR L1_HTT280 OR L1_HTT300 OR L1_HTT320
HLT_HT650_DisplacedDijet80_Inclusive_v4	1	1	1	1	1	1	1	1	1	1	1	1	1	1	1	1	1	L1_HTT160 OR L1_HTT200 OR L1_HTT220 OR L1_HTT240 OR L1_HTT255 OR L1_HTT270 OR L1_HTT280 OR L1_HTT300 OR L1_HTT320
HLT_HT650_v4	1	1	1	1	1	1	1	1	1	1	1	1	1	1	1	1	1	L1_HTT200 OR L1_HTT240 OR L1_HTT270 OR L1_HTT280 OR L1_HTT300 OR L1_HTT320
HLT_HT750_DisplacedDijet80_Inclusive_v4	1	1	1	1	1	1	1	1	1	1	1	1	1	1	1	1	1	L1_HTT160 OR L1_HTT200 OR L1_HTT220 OR L1_HTT240 OR L1_HTT255 OR L1_HTT270 OR L1_HTT280 OR L1_HTT300 OR L1_HTT320
HLT_HcalCalibration_v2	1	1	1	1	1	1	1	1	1	1	1	1	1	1	1	1	1	
HLT_HcalIsolatedbunch_v1	1	1	1	1	1	1	1	1	1	1	1	1	1	1	1	1	1	L1_IsolatedBunch AND ( L1_SingleJet16 OR L1_SingleJet20 OR L1_SingleJet35 OR L1_SingleJet60 OR L1_SingleJet90 OR L1_SingleJet120 OR L1_SingleJet140 OR L1_SingleJet150 OR L1_SingleJet160 OR L1_SingleJet170 OR L1_SingleJet180 OR L1_SingleJet200 OR L1_DoubleJetC40 OR L1_DoubleJetC50 OR L1_DoubleJetC60 OR L1_DoubleJetC80 OR L1_DoubleJetC100 OR L1_DoubleJetC112 OR L1_DoubleJetC120 OR L1_TripleJet_84_68_48_VBF OR L1_TripleJet_88_72_56_VBF OR L1_TripleJet_92_76_64_VBF OR L1_QuadJetC40 OR L1_QuadJetC50 OR L1_QuadJetC60 OR L1_HTT120 OR L1_HTT160 OR L1_HTT200 OR L1_HTT220 OR L1_HTT240 OR L1_HTT255 OR L1_HTT270 OR L1_HTT280 OR L1_HTT300 OR L1_HTT320 )
HLT_HcalNZS_v3	1	1	1	1	1	1	1	1	1	1	1	1	1	1	1	1	1	L1_SingleEG5 OR L1_SingleEG24 OR L1_SingleJet35 OR L1_SingleJet60 OR L1_SingleMuOpen OR L1_ZeroBias
HLT_HcalPhiSym_v3	1	1	1	1	1	1	1	1	1	1	1	1	1	1	1	1	1	L1_SingleEG5 OR L1_SingleEG24 OR L1_SingleMuOpen
HLT_IsoMu16_eta2p1_MET30_LooseIsoPFTau50_Trk30_eta2p1_v3	0	0	0	0	1	1	1	1	1	1	1	1	1	1	1	1	1	L1_Mu10er_ETM30 OR L1_Mu14er_ETM30
HLT_IsoMu16_eta2p1_MET30_v2	0	0	0	0	1	1	1	1	1	1	1	1	1	1	1	1	1	L1_Mu10er_ETM30 OR L1_Mu14er_ETM30
HLT_IsoMu17_eta2p1_LooseIsoPFTau20_SingleL1_v6	0	0	0	0	0	0	0	1	1	1	1	1	1	1	1	1	1	L1_SingleMu16er
HLT_IsoMu17_eta2p1_LooseIsoPFTau20_v6	0	0	0	0	0	0	0	1	1	1	1	1	1	1	1	1	1	L1_Mu16er_Tau20er
HLT_IsoMu18_v3	0	0	0	0	0	0	0	0	1	1	1	1	1	1	1	1	1	L1_SingleMu16
HLT_IsoMu19_eta2p1_LooseIsoPFTau20_SingleL1_v3	1	1	1	1	1	1	1	1	1	1	1	1	1	1	1	1	1	L1_SingleMu18er OR L1_SingleMu20er
HLT_IsoMu19_eta2p1_LooseIsoPFTau20_v3	1	1	1	1	1	1	1	1	1	1	1	1	1	1	1	1	1	L1_Mu18er_Tau20er
HLT_IsoMu19_eta2p1_MediumIsoPFTau32_Trk1_eta2p1_Reg_v3	1	1	1	1	1	1	1	1	1	1	1	1	1	1	1	1	1	L1_Mu18er_IsoTau26er OR L1_Mu20er_IsoTau26er
HLT_IsoMu20_v4	0	0	0	0	0	460	400	300	200	120	50	40	30	20	12	6	1	L1_SingleMu18
HLT_IsoMu21_eta2p1_LooseIsoPFTau20_SingleL1_v3	1	1	1	1	1	1	1	1	1	1	1	1	1	1	1	1	1	L1_SingleMu20er OR L1_SingleMu22er
HLT_IsoMu21_eta2p1_LooseIsoPFTau50_Trk30_eta2p1_SingleL1_v2	1	1	1	1	1	1	1	1	1	1	1	1	1	1	1	1	1	L1_SingleMu20er OR L1_SingleMu22er
HLT_IsoMu21_eta2p1_MediumIsoPFTau32_Trk1_eta2p1_Reg_v3	1	1	1	1	1	1	1	1	1	1	1	1	1	1	1	1	1	L1_Mu18er_IsoTau26er OR L1_Mu20er_IsoTau26er
HLT_IsoMu22_eta2p1_v2	1	1	1	1	1	1	1	1	1	1	1	1	1	1	1	1	1	L1_SingleMu20er
HLT_IsoMu22_v3	0	0	0	0	1	1	1	1	1	1	1	1	1	1	1	1	1	L1_SingleMu20
HLT_IsoMu24_v2	1	1	1	1	1	1	1	1	1	1	1	1	1	1	1	1	1	L1_SingleMu22
HLT_IsoMu27_v5	1	1	1	1	1	1	1	1	1	1	1	1	1	1	1	1	1	L1_SingleMu22 OR L1_SingleMu25
HLT_IsoTkMu18_v4	0	0	0	0	0	0	0	0	1	1	1	1	1	1	1	1	1	L1_SingleMu16
HLT_IsoTkMu20_v6	0	0	0	0	0	460	400	300	200	120	50	40	30	20	12	6	1	L1_SingleMu18
HLT_IsoTkMu22_eta2p1_v3	1	1	1	1	1	1	1	1	1	1	1	1	1	1	1	1	1	L1_SingleMu20er
HLT_IsoTkMu22_v4	0	0	0	0	1	1	1	1	1	1	1	1	1	1	1	1	1	L1_SingleMu20
HLT_IsoTkMu24_v3	1	1	1	1	1	1	1	1	1	1	1	1	1	1	1	1	1	L1_SingleMu22
HLT_IsoTkMu27_v6	1	1	1	1	1	1	1	1	1	1	1	1	1	1	1	1	1	L1_SingleMu22 OR L1_SingleMu25
HLT_IsoTrackHB_v2	5	5	5	5	5	3	3	2	1	1	1	1	1	1	1	1	1	L1_SingleJet60
HLT_IsoTrackHE_v2	3	3	3	3	3	2	2	1	1	1	1	1	1	1	1	1	1	L1_SingleJet60
HLT_JetE30_NoBPTX3BX_v3	1	1	1	1	1	1	1	1	1	1	1	1	1	1	1	1	1	L1_SingleJetC20_NotBptxOR_3BX
HLT_JetE30_NoBPTX_v3	1	1	1	1	1	1	1	1	1	1	1	1	1	1	1	1	1	L1_SingleJetC20_NotBptxOR
HLT_JetE50_NoBPTX3BX_v2	1	1	1	1	1	1	1	1	1	1	1	1	1	1	1	1	1	L1_SingleJetC32_NotBptxOR_3BX OR L1_SingleJetC36_NotBptxOR_3BX
HLT_JetE70_NoBPTX3BX_v2	1	1	1	1	1	1	1	1	1	1	1	1	1	1	1	1	1	L1_SingleJetC32_NotBptxOR_3BX OR L1_SingleJetC36_NotBptxOR_3BX
HLT_L1BeamGasMinus_v2	0	0	0	0	0	0	0	0	0	0	0	0	0	0	0	0	1	L1_BeamGasMinus
HLT_L1BeamGasPlus_v2	0	0	0	0	0	0	0	0	0	0	0	0	0	0	0	0	1	L1_BeamGasPlus
HLT_L1BptxMinus_v2	0	0	0	0	0	0	0	0	0	0	0	0	0	0	0	0	0	L1_BptxMinus
HLT_L1BptxPlus_v2	0	0	0	0	0	0	0	0	0	0	0	0	0	0	0	0	0	L1_BptxPlus
HLT_L1BptxXOR_v2	0	0	0	0	0	0	0	0	0	0	0	0	0	0	0	0	1	L1_BptxXOR
HLT_L1FatEvents_part0_v1	7	7	7	7	7	7	7	7	4	4	4	4	4	4	4	4	4	
HLT_L1FatEvents_part1_v1	7	7	7	7	7	7	7	7	4	4	4	4	4	4	4	4	4	
HLT_L1FatEvents_part2_v1	0	0	0	0	0	0	0	0	0	0	0	0	0	0	0	0	0	
HLT_L1FatEvents_part3_v1	0	0	0	0	0	0	0	0	0	0	0	0	0	0	0	0	0	
HLT_L1FatEvents_v1	70	70	70	70	70	70	70	70	40	40	40	40	40	40	40	40	40	
HLT_L1MinimumBiasHF_AND_v2	0	0	0	0	0	0	0	0	0	0	0	0	0	0	0	0	0	L1_MinimumBiasHF0_AND_BptxAND
HLT_L1MinimumBiasHF_OR_v2	0	0	0	0	0	0	0	0	0	0	0	0	0	0	0	0	0	L1_MinimumBiasHF0_OR_BptxAND
HLT_L1NotBptxOR_v2	0	0	0	0	0	0	0	0	0	0	0	0	0	0	0	0	0	L1_NotBptxOR
HLT_L1SingleMu18_v1	63	76	85	90	7826	6261	5478	3913	2739	1565	783	548	391	274	157	78	1	L1_SingleMu18
HLT_L1SingleMuOpen_DT_v3	0	0	0	0	0	0	0	0	0	0	0	0	0	0	0	0	1	L1_SingleMuOpen
HLT_L1SingleMuOpen_v3	0	0	0	0	0	0	0	0	0	0	0	0	0	0	0	0	1	L1_SingleMuOpen
HLT_L1_TripleJet_VBF_v5	12240	11100	9950	8800	7650	6120	5360	3830	280	1530	760	540	380	270	150	75	1	L1_TripleJet_84_68_48_VBF OR L1_TripleJet_88_72_56_VBF OR L1_TripleJet_92_76_64_VBF OR L1_HTT280 OR L1_HTT300 OR L1_HTT320 OR L1_SingleJet170 OR L1_SingleJet180 OR L1_SingleJet200 OR L1_DoubleJetC100 OR L1_DoubleJetC112 OR L1_DoubleJetC120
HLT_L2DoubleMu23_NoVertex_v4	83	76	68	60	52	42	37	26	18	10	5	4	3	2	1	1	1	L1_DoubleMu_11_4 OR L1_DoubleMu_12_5
HLT_L2DoubleMu28_NoVertex_2Cha_Angle2p5_Mass10_v4	1	1	1	1	1	1	1	1	1	1	1	1	1	1	1	1	1	L1_DoubleMu_11_4 OR L1_DoubleMu_12_5
HLT_L2DoubleMu38_NoVertex_2Cha_Angle2p5_Mass10_v4	1	1	1	1	1	1	1	1	1	1	1	1	1	1	1	1	1	L1_DoubleMu_11_4 OR L1_DoubleMu_12_5
HLT_L2Mu10_NoVertex_NoBPTX3BX_v2	160	145	130	115	100	80	70	50	35	20	10	7	5	4	2	1	1	L1_SingleMuOpen_NotBptxOR_3BX
HLT_L2Mu10_NoVertex_NoBPTX_v3	134	130	125	125	135	135	133	134	157	135	130	90	70	45	25	1	1	L1_SingleMuOpen_NotBptxOR
HLT_L2Mu10_v2	4000	3625	3250	2875	2500	2000	1750	1250	875	500	250	175	125	88	50	25	1	L1_SingleMu22
HLT_L2Mu35_NoVertex_3Sta_NoBPTX3BX_v2	1	1	1	1	1	1	1	1	1	1	1	1	1	1	1	1	1	L1_SingleMuOpen_NotBptxOR_3BX
HLT_L2Mu40_NoVertex_3Sta_NoBPTX3BX_v2	1	1	1	1	1	1	1	1	1	1	1	1	1	1	1	1	1	L1_SingleMuOpen_NotBptxOR_3BX
HLT_LooseIsoPFTau50_Trk30_eta2p1_MET110_v3	1	1	1	1	1	1	1	1	1	1	1	1	1	1	1	1	1	L1_ETM80 OR L1_ETM90 OR L1_ETM100
HLT_LooseIsoPFTau50_Trk30_eta2p1_MET120_v3	1	1	1	1	1	1	1	1	1	1	1	1	1	1	1	1	1	L1_ETM80 OR L1_ETM90 OR L1_ETM100
HLT_LooseIsoPFTau50_Trk30_eta2p1_MET80_v3	0	0	0	0	0	0	0	0	0	0	0	0	0	0	0	0	0	L1_ETM50 OR L1_ETM60 OR L1_ETM70
HLT_LooseIsoPFTau50_Trk30_eta2p1_MET90_v3	1	1	1	1	1	1	1	1	1	1	1	1	1	1	1	1	1	L1_ETM80 OR L1_ETM90 OR L1_ETM100
HLT_LooseIsoPFTau50_Trk30_eta2p1_v5	2	2	2	2	2	1	2	2	2	2	2	2	2	3	1	1	1	L1_QuadJetC36_Tau52
HLT_MET200_v3	1	1	1	1	1	1	1	1	1	1	1	1	1	1	1	1	1	L1_ETM50 OR L1_ETM60 OR L1_ETM70 OR L1_ETM80 OR L1_ETM90 OR L1_ETM100 OR L1_ETM120
HLT_MET250_v3	1	1	1	1	1	1	1	1	1	1	1	1	1	1	1	1	1	L1_ETM60 OR L1_ETM70 OR L1_ETM80 OR L1_ETM90 OR L1_ETM100 OR L1_ETM120
HLT_MET300_v3	1	1	1	1	1	1	1	1	1	1	1	1	1	1	1	1	1	L1_ETM60 OR L1_ETM70 OR L1_ETM80 OR L1_ETM90 OR L1_ETM100 OR L1_ETM120
HLT_MET600_v3	1	1	1	1	1	1	1	1	1	1	1	1	1	1	1	1	1	L1_ETM60 OR L1_ETM70 OR L1_ETM80 OR L1_ETM90 OR L1_ETM100 OR L1_ETM120
HLT_MET60_IsoTrk35_Loose_v2	401	363	407	480	626	50087	43826	31304	21913	12522	6261	4383	3130	2191	1252	626	1	L1_ETM50 OR L1_ETM60 OR L1_ETM70
HLT_MET700_v3	1	1	1	1	1	1	1	1	1	1	1	1	1	1	1	1	1	L1_ETM60 OR L1_ETM70 OR L1_ETM80 OR L1_ETM90 OR L1_ETM100 OR L1_ETM120
HLT_MET75_IsoTrk50_v4	1	1	1	1	1	1	1	1	1	1	1	1	1	1	1	1	1	L1_ETM50 OR L1_ETM60 OR L1_ETM70 OR L1_ETM80 OR L1_ETM90 OR L1_ETM100
HLT_MET90_IsoTrk50_v4	1	1	1	1	1	1	1	1	1	1	1	1	1	1	1	1	1	L1_ETM50 OR L1_ETM60 OR L1_ETM70 OR L1_ETM80 OR L1_ETM90 OR L1_ETM100
HLT_MonoCentralPFJet80_PFMETNoMu100_PFMHTNoMu100_IDTight_v5	0	0	0	0	0	0	0	0	0	0	0	0	0	0	0	0	1	L1_ETM50 OR L1_ETM60 OR L1_ETM70 OR L1_ETM75 OR L1_ETM80 OR L1_ETM85 OR L1_ETM90 OR L1_ETM95 OR L1_ETM100 OR L1_ETM75_Jet60_dPhi_Min0p4 OR L1_DoubleJetC60_ETM60
HLT_MonoCentralPFJet80_PFMETNoMu110_PFMHTNoMu110_IDTight_v5	1	1	1	1	1	1	1	1	1	1	1	1	1	1	1	1	1	L1_ETM50 OR L1_ETM60 OR L1_ETM70 OR L1_ETM75 OR L1_ETM80 OR L1_ETM85 OR L1_ETM90 OR L1_ETM95 OR L1_ETM100 OR L1_ETM75_Jet60_dPhi_Min0p4 OR L1_DoubleJetC60_ETM60
HLT_MonoCentralPFJet80_PFMETNoMu120_PFMHTNoMu120_IDTight_v5	1	1	1	1	1	1	1	1	1	1	1	1	1	1	1	1	1	L1_ETM50 OR L1_ETM60 OR L1_ETM70 OR L1_ETM75 OR L1_ETM80 OR L1_ETM85 OR L1_ETM90 OR L1_ETM95 OR L1_ETM100 OR L1_ETM75_Jet60_dPhi_Min0p4 OR L1_DoubleJetC60_ETM60
HLT_MonoCentralPFJet80_PFMETNoMu90_PFMHTNoMu90_IDTight_v5	0	0	0	0	0	0	0	0	0	0	0	0	0	0	0	0	1	L1_ETM50 OR L1_ETM60 OR L1_ETM70 OR L1_ETM75 OR L1_ETM80 OR L1_ETM85 OR L1_ETM90 OR L1_ETM95 OR L1_ETM100 OR L1_ETM75_Jet60_dPhi_Min0p4 OR L1_DoubleJetC60_ETM60
HLT_Mu10_CentralPFJet30_BTagCSV_p13_v3	1	1	1	1	1	1	1	1	1	1	1	1	1	1	1	1	1	L1_Jet32_DoubleMu_10_0_dPhi_Jet_Mu0_Max0p4_dPhi_Mu_Mu_Min1p0
HLT_Mu10_TrkIsoVVL_DiPFJet40_DEta3p5_MJJ750_HTT350_PFMETNoMu60_v3	1	1	1	1	1	1	1	1	1	1	1	1	1	1	1	1	1	L1_Mu6_HTT200
HLT_Mu12_Photon25_CaloIdL_L1ISO_v6	0	0	927	820	713	570	499	357	250	143	71	50	36	25	14	7	1	L1_Mu5_IsoEG18
HLT_Mu12_Photon25_CaloIdL_L1OR_v6	62	56	50	45	40	30	25	20	14	8	1	1	1	1	1	1	1	L1_Mu5_EG20 OR L1_MU20_EG15
HLT_Mu12_Photon25_CaloIdL_v6	16000	14500	13000	11500	10000	8000	7000	5000	3500	2000	1000	700	500	350	200	100	1	L1_Mu5_EG20 OR L1_MU20_EG15
HLT_Mu12_TrkIsoVVL_Ele23_CaloIdL_TrackIdL_IsoVL_DZ_v1	1	1	1	1	1	1	1	1	1	1	1	1	1	1	1	1	1	L1_Mu5_EG20 OR L1_Mu5_IsoEG18 OR L1_Mu5_IsoEG20 OR L1_Mu5_EG23
HLT_Mu12_TrkIsoVVL_Ele23_CaloIdL_TrackIdL_IsoVL_v1	1	1	1	1	1	1	1	1	1	1	1	1	1	1	1	1	1	L1_Mu5_EG20 OR L1_Mu5_IsoEG18 OR L1_Mu5_IsoEG20 OR L1_Mu5_EG23
HLT_Mu14er_PFMET100_v3	0	0	0	0	1	1	1	1	1	1	1	1	1	1	1	1	1	L1_Mu10er_ETM30 OR L1_Mu14er_ETM30
HLT_Mu15_IsoVVVL_BTagCSV_p067_PFHT400_v4	17	15	14	12	10	8	7	5	4	1	1	1	1	1	1	1	1	L1_SingleMuOpen
HLT_Mu15_IsoVVVL_PFHT350_PFMET50_v5	0	0	0	0	0	0	0	0	0	0	0	0	0	0	0	0	0	L1_SingleMuOpen
HLT_Mu15_IsoVVVL_PFHT350_v5	0	0	0	0	0	0	0	0	0	0	0	0	0	0	0	0	0	L1_SingleMuOpen
HLT_Mu15_IsoVVVL_PFHT400_PFMET50_v3	1	1	1	1	1	1	1	1	1	1	1	1	1	1	1	1	1	L1_SingleMuOpen
HLT_Mu15_IsoVVVL_PFHT400_v3	1	1	1	1	1	1	1	1	1	1	1	1	1	1	1	1	1	L1_SingleMuOpen
HLT_Mu15_IsoVVVL_PFHT600_v6	1	1	1	1	1	1	1	1	1	1	1	1	1	1	1	1	1	L1_SingleMuOpen
HLT_Mu16_TkMu0_dEta18_Onia_v3	0	0	0	0	0	0	0	1	1	1	1	1	1	1	1	1	1	L1_SingleMu14er OR L1_SingleMu16
HLT_Mu16_TkMu0_dEta18_Phi_v3	0	0	0	0	0	0	0	1	1	1	1	1	1	1	1	1	1	L1_SingleMu14er OR L1_SingleMu16
HLT_Mu16_eta2p1_MET30_v2	0	0	0	0	0	0	0	0	0	0	0	0	0	0	0	1	1	L1_Mu14er_ETM30
HLT_Mu17_Mu8_DZ_v4	83	76	68	60	52	42	37	26	18	10	5	4	3	2	1	1	1	L1_DoubleMu_11_4 OR L1_DoubleMu_12_5
HLT_Mu17_Mu8_SameSign_DZ_v3	1	1	1	1	1	1	1	1	1	1	1	1	1	1	1	1	1	L1_DoubleMu_11_4 OR L1_DoubleMu_12_5
HLT_Mu17_Mu8_SameSign_v3	1	1	1	1	1	1	1	1	1	1	1	1	1	1	1	1	1	L1_DoubleMu_11_4 OR L1_DoubleMu_12_5
HLT_Mu17_Mu8_v3	83	76	68	60	52	42	37	26	18	10	5	4	3	2	1	1	1	L1_DoubleMu_11_4 OR L1_DoubleMu_12_5
HLT_Mu17_Photon22_CaloIdL_L1ISO_v4	0	0	0	0	0	0	0	0	0	0	0	0	0	0	0	0	0	L1_Mu5_IsoEG18
HLT_Mu17_Photon30_CaloIdL_L1ISO_v7	1	1	1	1	1	1	1	1	1	1	1	1	1	1	1	1	1	L1_Mu5_IsoEG18 OR L1_Mu5_IsoEG20
HLT_Mu17_Photon35_CaloIdL_L1ISO_v7	1	1	1	1	1	1	1	1	1	1	1	1	1	1	1	1	1	L1_Mu5_IsoEG18 OR L1_Mu5_IsoEG20
HLT_Mu17_TkMu8_DZ_v3	83	76	68	60	52	42	37	26	18	10	5	4	3	2	1	1	1	L1_DoubleMu_11_4 OR L1_DoubleMu_12_5
HLT_Mu17_TrkIsoVVL_Ele12_CaloIdL_TrackIdL_IsoVL_v7	0	0	0	0	0	1	1	1	1	1	1	1	1	1	1	1	1	L1_Mu12_EG10
HLT_Mu17_TrkIsoVVL_Mu8_TrkIsoVVL_DZ_v4	1	1	1	1	1	1	1	1	1	1	1	1	1	1	1	1	1	L1_DoubleMu_11_4 OR L1_DoubleMu_12_5
HLT_Mu17_TrkIsoVVL_Mu8_TrkIsoVVL_v4	1	1	1	1	1	1	1	1	1	1	1	1	1	1	1	1	1	L1_DoubleMu_11_4 OR L1_DoubleMu_12_5
HLT_Mu17_TrkIsoVVL_TkMu8_TrkIsoVVL_DZ_v3	1	1	1	1	1	1	1	1	1	1	1	1	1	1	1	1	1	L1_DoubleMu_11_4 OR L1_DoubleMu_12_5
HLT_Mu17_TrkIsoVVL_TkMu8_TrkIsoVVL_v3	1	1	1	1	1	1	1	1	1	1	1	1	1	1	1	1	1	L1_DoubleMu_11_4 OR L1_DoubleMu_12_5
HLT_Mu17_TrkIsoVVL_v3	3	3	3	3	3	4	4	4	3	4	4	4	4	4	4	4	1	L1_SingleMu10_LowQ
HLT_Mu17_v3	3	3	3	3	3	4	4	4	3	4	4	4	4	4	4	4	1	L1_SingleMu10_LowQ
HLT_Mu20_Mu10_DZ_v3	42	38	34	30	26	21	18	13	9	5	3	1	1	1	1	1	1	L1_DoubleMu_11_4 OR L1_DoubleMu_12_5
HLT_Mu20_Mu10_SameSign_DZ_v3	1	1	1	1	1	1	1	1	1	1	1	1	1	1	1	1	1	L1_DoubleMu_11_4 OR L1_DoubleMu_12_5
HLT_Mu20_Mu10_SameSign_v2	1	1	1	1	1	1	1	1	1	1	1	1	1	1	1	1	1	L1_DoubleMu_11_4 OR L1_DoubleMu_12_5
HLT_Mu20_Mu10_v3	42	38	34	30	26	21	18	13	9	5	3	1	1	1	1	1	1	L1_DoubleMu_11_4 OR L1_DoubleMu_12_5
HLT_Mu20_v3	5	6	7	7	626	501	438	313	219	125	63	44	31	22	13	6	1	L1_SingleMu18
HLT_Mu23NoFiltersNoVtx_Photon23_CaloIdL_v5	63	57	51	45	39	31	27	20	14	8	4	3	1	1	1	1	1	L1_Mu5_EG20 OR L1_MU20_EG15
HLT_Mu23_TrkIsoVVL_Ele12_CaloIdL_TrackIdL_IsoVL_DZ_v1	1	1	1	1	1	1	1	1	1	1	1	1	1	1	1	1	1	L1_Mu20_EG10 OR L1_Mu23_EG10
HLT_Mu23_TrkIsoVVL_Ele12_CaloIdL_TrackIdL_IsoVL_v7	1	1	1	1	1	1	1	1	1	1	1	1	1	1	1	1	1	L1_Mu20_EG10 OR L1_Mu23_EG10
HLT_Mu23_TrkIsoVVL_Ele8_CaloIdL_TrackIdL_IsoVL_v5	1	1	1	1	1	1	1	1	1	1	1	1	1	1	1	1	1	L1_SingleMu20er OR L1_SingleMu22 OR L1_SingleMu25 OR L1_Mu20_IsoEG6
HLT_Mu24_eta2p1_v4	480	435	390	345	300	240	210	150	105	60	30	21	15	11	6	3	1	L1_SingleMu20er OR L1_SingleMu22
HLT_Mu25_TkMu0_dEta18_Onia_v4	1	1	1	1	1	1	1	1	1	1	1	1	1	1	1	1	1	L1_SingleMu20 OR L1_SingleMu22 OR L1_SingleMu25 OR L1_SingleMu20er
HLT_Mu27_Ele37_CaloIdL_GsfTrkIdVL_v4	1	1	1	1	1	1	1	1	1	1	1	1	1	1	1	1	1	L1_SingleMu16 OR L1_SingleMu25
HLT_Mu27_TkMu8_v3	83	76	68	60	52	1	1	1	1	1	1	1	1	1	1	1	1	L1_SingleMu22 OR L1_SingleMu25
HLT_Mu27_v4	320	290	260	230	200	160	140	100	70	40	20	14	10	7	4	2	1	L1_SingleMu22 OR L1_SingleMu25
HLT_Mu28NoFiltersNoVtxDisplaced_Photon28_CaloIdL_v5	1	1	1	1	1	1	1	1	1	1	1	1	1	1	1	1	1	L1_Mu5_EG20 OR L1_MU20_EG15
HLT_Mu28NoFiltersNoVtx_CentralCaloJet40_v3	960	870	780	690	600	480	420	300	210	120	60	42	30	21	12	6	1	L1_SingleMu22 OR L1_SingleMu25
HLT_Mu28NoFiltersNoVtx_DisplacedJet40_Loose_v3	223	202	181	160	139	111	97	70	49	28	14	10	7	5	3	1	1	L1_SingleMu22 OR L1_SingleMu25
HLT_Mu300_v2	1	1	1	1	1	1	1	1	1	1	1	1	1	1	1	1	1	L1_SingleMu22 OR L1_SingleMu25 OR L1_SingleMu30
HLT_Mu30_Ele30_CaloIdL_GsfTrkIdVL_v6	1	1	1	1	1	1	1	1	1	1	1	1	1	1	1	1	1	L1_SingleMu22 OR L1_SingleMu25 OR L1_MU20_EG15 OR L1_Mu5_EG20
HLT_Mu30_TkMu11_v3	1	1	1	1	1	1	1	1	1	1	1	1	1	1	1	1	1	L1_SingleMu22 OR L1_SingleMu25
HLT_Mu30_eta2p1_PFJet150_PFJet50_v3	0	0	0	0	0	1	1	1	1	1	1	1	1	1	1	1	1	L1_SingleMu16er OR L1_SingleMu20er
HLT_Mu33NoFiltersNoVtxDisplaced_DisplacedJet50_Loose_v3	0	0	0	0	0	0	0	0	0	0	0	0	0	0	0	0	0	L1_SingleMu22 OR L1_SingleMu25
HLT_Mu33NoFiltersNoVtxDisplaced_DisplacedJet50_Tight_v3	0	0	0	0	0	0	0	0	0	0	0	0	0	0	0	0	0	L1_SingleMu22 OR L1_SingleMu25
HLT_Mu33NoFiltersNoVtxDisplaced_Photon33_CaloIdL_v5	1	1	1	1	1	1	1	1	1	1	1	1	1	1	1	1	1	L1_Mu5_EG20 OR L1_MU20_EG15
HLT_Mu33_Ele33_CaloIdL_GsfTrkIdVL_v1	1	1	1	1	1	1	1	1	1	1	1	1	1	1	1	1	1	L1_SingleMu22 OR L1_SingleMu25 OR L1_MU20_EG15 OR L1_Mu5_EG20
HLT_Mu350_v2	1	1	1	1	1	1	1	1	1	1	1	1	1	1	1	1	1	L1_SingleMu22 OR L1_SingleMu25 OR L1_SingleMu30
HLT_Mu37_Ele27_CaloIdL_GsfTrkIdVL_v4	1	1	1	1	1	1	1	1	1	1	1	1	1	1	1	1	1	L1_SingleMu16 OR L1_SingleMu25
HLT_Mu38NoFiltersNoVtxDisplaced_DisplacedJet60_Loose_v3	1	1	1	1	1	1	1	1	1	1	1	1	1	1	1	1	1	L1_SingleMu22 OR L1_SingleMu25
HLT_Mu38NoFiltersNoVtxDisplaced_DisplacedJet60_Tight_v3	1	1	1	1	1	1	1	1	1	1	1	1	1	1	1	1	1	L1_SingleMu22 OR L1_SingleMu25
HLT_Mu38NoFiltersNoVtx_DisplacedJet60_Loose_v3	1	1	1	1	1	1	1	1	1	1	1	1	1	1	1	1	1	L1_SingleMu22 OR L1_SingleMu25
HLT_Mu38NoFiltersNoVtx_Photon38_CaloIdL_v5	1	1	1	1	1	1	1	1	1	1	1	1	1	1	1	1	1	L1_Mu5_EG20 OR L1_MU20_EG15
HLT_Mu3_PFJet40_v4	1	1	1	1	1	1	1	1	1	1	1	1	1	1	1	1	1	L1_SingleMu3
HLT_Mu40_TkMu11_v3	1	1	1	1	1	1	1	1	1	1	1	1	1	1	1	1	1	L1_SingleMu22 OR L1_SingleMu25
HLT_Mu40_eta2p1_PFJet200_PFJet50_v5	1	1	1	1	1	1	1	1	1	1	1	1	1	1	1	1	1	L1_SingleMu16er OR L1_SingleMu20er
HLT_Mu42NoFiltersNoVtx_Photon42_CaloIdL_v5	1	1	1	1	1	1	1	1	1	1	1	1	1	1	1	1	1	L1_Mu5_EG20 OR L1_MU20_EG15
HLT_Mu45_eta2p1_v4	0	0	0	0	0	0	1	1	1	1	1	1	1	1	1	1	1	L1_SingleMu22 OR L1_SingleMu25
HLT_Mu50_IsoVVVL_PFHT400_v3	1	1	1	1	1	1	1	1	1	1	1	1	1	1	1	1	1	L1_SingleMuOpen
HLT_Mu50_v4	1	1	1	1	1	1	1	1	1	1	1	1	1	1	1	1	1	L1_SingleMu22 OR L1_SingleMu25
HLT_Mu55_v3	1	1	1	1	1	1	1	1	1	1	1	1	1	1	1	1	1	L1_SingleMu22 OR L1_SingleMu25
HLT_Mu6_PFHT200_PFMET100_v3	1	1	1	1	1	1	1	1	1	1	1	1	1	1	1	1	1	L1_Mu6_HTT200
HLT_Mu7p5_L2Mu2_Jpsi_v3	1	1	1	1	1	1	1	1	1	1	1	1	1	1	1	1	1	L1_DoubleMu0
HLT_Mu7p5_L2Mu2_Upsilon_v3	1	1	1	1	1	1	1	1	1	1	1	1	1	1	1	1	1	L1_DoubleMu0
HLT_Mu7p5_Track2_Jpsi_v3	2	2	2	3	3	3	2	3	2	2	1	1	1	1	1	1	1	L1_SingleMu5 OR L1_SingleMu7
HLT_Mu7p5_Track2_Upsilon_v3	2	2	2	3	3	3	2	3	2	2	9	9	13	9	5	1	1	L1_SingleMu5 OR L1_SingleMu7
HLT_Mu7p5_Track3p5_Jpsi_v3	2	2	2	3	3	3	2	3	2	2	9	9	13	9	5	1	1	L1_SingleMu5 OR L1_SingleMu7
HLT_Mu7p5_Track3p5_Upsilon_v3	2	2	2	3	3	3	2	3	2	2	9	9	13	9	5	1	1	L1_SingleMu5 OR L1_SingleMu7
HLT_Mu7p5_Track7_Jpsi_v3	2	2	2	3	3	3	2	3	2	2	9	9	13	9	5	1	1	L1_SingleMu5 OR L1_SingleMu7
HLT_Mu7p5_Track7_Upsilon_v3	2	2	2	3	3	3	2	3	2	2	9	9	13	9	5	1	1	L1_SingleMu5 OR L1_SingleMu7
HLT_Mu8_DiEle12_CaloIdL_TrackIdL_v6	1	1	1	1	1	1	1	1	1	1	1	1	1	1	1	1	1	L1_Mu6_DoubleEG10
HLT_Mu8_Ele8_CaloIdM_TrackIdM_Mass8_PFHT250_v5	0	0	0	0	0	0	0	0	0	0	0	0	0	0	0	0	0	L1_Mu6_HTT200 OR L1_Mu8_HTT150 OR L1_HTT160 OR L1_HTT200 OR L1_HTT220 OR L1_HTT240 OR L1_HTT255 OR L1_HTT270 OR L1_HTT280 OR L1_HTT300 OR L1_HTT320
HLT_Mu8_Ele8_CaloIdM_TrackIdM_Mass8_PFHT300_v8	1	1	1	1	1	1	1	1	1	1	1	1	1	1	1	1	1	L1_Mu6_HTT200 OR L1_Mu8_HTT150 OR L1_HTT160 OR L1_HTT200 OR L1_HTT220 OR L1_HTT240 OR L1_HTT255 OR L1_HTT270 OR L1_HTT280 OR L1_HTT300 OR L1_HTT320
HLT_Mu8_TrkIsoVVL_DiPFJet40_DEta3p5_MJJ750_HTT300_PFMETNoMu60_v2	1	1	1	1	1	1	1	1	1	1	1	1	1	1	1	1	1	L1_Mu6_HTT200
HLT_Mu8_TrkIsoVVL_Ele17_CaloIdL_TrackIdL_IsoVL_v7	0	0	0	0	0	1	1	1	1	1	1	1	1	1	1	1	1	L1_Mu5_EG15
HLT_Mu8_TrkIsoVVL_Ele23_CaloIdL_TrackIdL_IsoVL_DZ_v1	1	1	1	1	1	1	1	1	1	1	1	1	1	1	1	1	1	L1_Mu5_EG20 OR L1_Mu5_IsoEG18 OR L1_Mu5_IsoEG20 OR L1_Mu5_EG23
HLT_Mu8_TrkIsoVVL_Ele23_CaloIdL_TrackIdL_IsoVL_v7	1	1	1	1	1	1	1	1	1	1	1	1	1	1	1	1	1	L1_Mu5_EG20 OR L1_Mu5_IsoEG18 OR L1_Mu5_IsoEG20 OR L1_Mu5_EG23
HLT_Mu8_TrkIsoVVL_v4	125	134	136	150	157	157	157	157	157	157	522	548	783	548	313	157	1	L1_SingleMu3 OR L1_SingleMu5 OR L1_SingleMu7
HLT_Mu8_v4	250	267	271	300	313	313	313	313	313	313	1043	1096	1565	1096	626	313	1	L1_SingleMu3 OR L1_SingleMu5 OR L1_SingleMu7
HLT_PFHT125_v3	1	1	1	1	1	1	1	1	1	1	1	1	1	1	1	1	1	L1_HTT120
HLT_PFHT200_DiPFJetAve90_PFAlphaT0p57_v5	0	0	0	0	0	1	1	1	1	1	1	1	1	1	1	1	1	L1_HTT160 OR L1_HTT200 OR L1_HTT220 OR L1_HTT240 OR L1_HTT255 OR L1_HTT270 OR L1_HTT280 OR L1_HTT300 OR L1_ETM50 OR L1_ETM60 OR L1_ETM70 OR L1_ETM80 OR L1_ETM90 OR L1_ETM100
HLT_PFHT200_DiPFJetAve90_PFAlphaT0p63_v5	1	1	1	1	1	1	1	1	1	1	1	1	1	1	1	1	1	L1_HTT160 OR L1_HTT200 OR L1_HTT220 OR L1_HTT240 OR L1_HTT255 OR L1_HTT270 OR L1_HTT280 OR L1_HTT300 OR L1_ETM50 OR L1_ETM60 OR L1_ETM70 OR L1_ETM80 OR L1_ETM90 OR L1_ETM100
HLT_PFHT200_PFAlphaT0p51_v5	278	252	226	200	174	139	122	87	61	35	17	12	9	6	3	2	1	L1_HTT160 OR L1_HTT200 OR L1_HTT220 OR L1_HTT240 OR L1_HTT255 OR L1_HTT270 OR L1_HTT280 OR L1_HTT300 OR L1_ETM50 OR L1_ETM60 OR L1_ETM70 OR L1_ETM80 OR L1_ETM90 OR L1_ETM100
HLT_PFHT200_v4	1	1	1	1	1	1	1	1	1	1	1	1	1	1	1	1	1	L1_HTT160
HLT_PFHT250_DiPFJetAve90_PFAlphaT0p58_v5	1	1	1	1	1	1	1	1	1	1	1	1	1	1	1	1	1	L1_HTT160 OR L1_HTT200 OR L1_HTT220 OR L1_HTT240 OR L1_HTT255 OR L1_HTT270 OR L1_HTT280 OR L1_HTT300 OR L1_ETM50 OR L1_ETM60 OR L1_ETM70 OR L1_ETM80 OR L1_ETM90 OR L1_ETM100
HLT_PFHT250_v4	1	1	1	1	1	1	1	1	1	1	1	1	1	1	1	1	1	L1_HTT220
HLT_PFHT300_DiPFJetAve90_PFAlphaT0p54_v5	1	1	1	1	1	1	1	1	1	1	1	1	1	1	1	1	1	L1_HTT160 OR L1_HTT200 OR L1_HTT220 OR L1_HTT240 OR L1_HTT255 OR L1_HTT270 OR L1_HTT280 OR L1_HTT300 OR L1_ETM50 OR L1_ETM60 OR L1_ETM70 OR L1_ETM80 OR L1_ETM90 OR L1_ETM100
HLT_PFHT300_PFMET100_v4	0	0	0	0	0	0	0	0	0	0	0	0	0	0	0	0	1	L1_HTT160 OR L1_HTT200 OR L1_HTT220 OR L1_HTT240 OR L1_HTT255 OR L1_HTT270 OR L1_HTT280 OR L1_HTT300 OR L1_HTT320
HLT_PFHT300_PFMET110_v4	1	1	1	1	1	1	1	1	1	1	1	1	1	1	1	1	1	L1_HTT160 OR L1_HTT200 OR L1_HTT220 OR L1_HTT240 OR L1_HTT255 OR L1_HTT270 OR L1_HTT280 OR L1_HTT300 OR L1_HTT320
HLT_PFHT300_v5	2048	1856	1664	1472	1280	1024	896	640	448	256	128	90	64	45	26	13	1	L1_HTT160 OR L1_HTT200 OR L1_HTT220 OR L1_HTT240 OR L1_HTT255 OR L1_HTT270 OR L1_HTT280 OR L1_HTT300 OR L1_HTT320
HLT_PFHT350_DiPFJetAve90_PFAlphaT0p53_v5	1	1	1	1	1	1	1	1	1	1	1	1	1	1	1	1	1	L1_HTT160 OR L1_HTT200 OR L1_HTT220 OR L1_HTT240 OR L1_HTT255 OR L1_HTT270 OR L1_HTT280 OR L1_HTT300 OR L1_ETM50 OR L1_ETM60 OR L1_ETM70 OR L1_ETM80 OR L1_ETM90 OR L1_ETM100
HLT_PFHT350_v6	1024	928	832	736	640	512	448	320	224	128	64	45	32	22	13	6	1	L1_HTT160 OR L1_HTT200 OR L1_HTT220 OR L1_HTT240 OR L1_HTT255 OR L1_HTT270 OR L1_HTT280 OR L1_HTT300 OR L1_HTT320
HLT_PFHT400_DiPFJetAve90_PFAlphaT0p52_v5	1	1	1	1	1	1	1	1	1	1	1	1	1	1	1	1	1	L1_HTT160 OR L1_HTT200 OR L1_HTT220 OR L1_HTT240 OR L1_HTT255 OR L1_HTT270 OR L1_HTT280 OR L1_HTT300 OR L1_ETM50 OR L1_ETM60 OR L1_ETM70 OR L1_ETM80 OR L1_ETM90 OR L1_ETM100
HLT_PFHT400_SixJet30_DoubleBTagCSV_p056_v3	1	1	1	1	1	1	1	1	1	1	1	1	1	1	1	1	1	L1_HTT280 OR L1_HTT300
HLT_PFHT400_SixJet30_v5	130	110	100	90	80	65	55	40	30	1	1	1	1	1	1	1	1	L1_HTT280 OR L1_HTT300
HLT_PFHT400_v5	512	464	416	368	320	256	224	160	112	64	32	22	16	11	6	3	1	L1_HTT160 OR L1_HTT200 OR L1_HTT220 OR L1_HTT240 OR L1_HTT255 OR L1_HTT270 OR L1_HTT280 OR L1_HTT300 OR L1_HTT320
HLT_PFHT450_SixJet40_BTagCSV_p056_v3	1	1	1	1	1	1	1	1	1	1	1	1	1	1	1	1	1	L1_HTT280 OR L1_HTT300
HLT_PFHT450_SixJet40_v5	28	26	22	20	18	14	12	1	1	1	1	1	1	1	1	1	1	L1_HTT280 OR L1_HTT300
HLT_PFHT475_v5	256	232	208	184	160	128	112	80	56	32	16	11	8	6	3	2	1	L1_HTT160 OR L1_HTT200 OR L1_HTT220 OR L1_HTT240 OR L1_HTT255 OR L1_HTT270 OR L1_HTT280 OR L1_HTT300 OR L1_HTT320
HLT_PFHT550_4JetPt50_v4	96	87	78	69	60	48	42	30	21	12	6	4	3	2	1	1	1	L1_HTT160 OR L1_HTT200 OR L1_HTT220 OR L1_HTT240 OR L1_HTT255 OR L1_HTT270 OR L1_HTT280 OR L1_HTT300 OR L1_HTT320
HLT_PFHT600_v6	64	58	52	46	40	32	28	20	14	8	4	3	2	1	1	1	1	L1_HTT160 OR L1_HTT200 OR L1_HTT220 OR L1_HTT240 OR L1_HTT255 OR L1_HTT270 OR L1_HTT280 OR L1_HTT300 OR L1_HTT320
HLT_PFHT650_4JetPt50_v4	49	44	40	35	30	24	21	15	11	6	3	2	2	1	1	1	1	L1_HTT160 OR L1_HTT200 OR L1_HTT220 OR L1_HTT240 OR L1_HTT255 OR L1_HTT270 OR L1_HTT280 OR L1_HTT300 OR L1_HTT320
HLT_PFHT650_WideJetMJJ900DEtaJJ1p5_v6	1	1	1	1	1	1	1	1	1	1	1	1	1	1	1	1	1	L1_HTT160 OR L1_HTT200 OR L1_HTT220 OR L1_HTT240 OR L1_HTT255 OR L1_HTT270 OR L1_HTT280 OR L1_HTT300 OR L1_HTT320
HLT_PFHT650_WideJetMJJ950DEtaJJ1p5_v6	1	1	1	1	1	1	1	1	1	1	1	1	1	1	1	1	1	L1_HTT160 OR L1_HTT200 OR L1_HTT220 OR L1_HTT240 OR L1_HTT255 OR L1_HTT270 OR L1_HTT280 OR L1_HTT300 OR L1_HTT320
HLT_PFHT650_v6	132	120	105	95	85	65	58	40	30	16	8	1	1	1	1	1	1	L1_HTT160 OR L1_HTT200 OR L1_HTT220 OR L1_HTT240 OR L1_HTT255 OR L1_HTT270 OR L1_HTT280 OR L1_HTT300 OR L1_HTT320
HLT_PFHT750_4JetPt50_v6	1	1	1	1	1	1	1	1	1	1	1	1	1	1	1	1	1	L1_HTT160 OR L1_HTT200 OR L1_HTT220 OR L1_HTT240 OR L1_HTT255 OR L1_HTT270 OR L1_HTT280 OR L1_HTT300 OR L1_HTT320
HLT_PFHT800_v5	1	1	1	1	1	1	1	1	1	1	1	1	1	1	1	1	1	L1_HTT160 OR L1_HTT200 OR L1_HTT220 OR L1_HTT240 OR L1_HTT255 OR L1_HTT270 OR L1_HTT280 OR L1_HTT300 OR L1_HTT320
HLT_PFHT900_v4	1	1	1	1	1	1	1	1	1	1	1	1	1	1	1	1	1	L1_HTT160 OR L1_HTT200 OR L1_HTT220 OR L1_HTT240 OR L1_HTT255 OR L1_HTT270 OR L1_HTT280 OR L1_HTT300 OR L1_HTT320
HLT_PFJet140_v6	1	2	2	3	3	3	3	3	3	3	3	3	3	3	3	3	1	L1_SingleJet90
HLT_PFJet15_NoCaloMatched_v5	0	0	0	0	0	0	0	0	0	0	0	0	0	0	0	0	0	L1_SingleJet8_BptxAND
HLT_PFJet200_v6	4	6	7	9	19	17	18	20	18	20	20	18	20	27	16	8	1	L1_SingleJet120
HLT_PFJet25_NoCaloMatched_v3	0	0	0	0	0	0	0	0	0	0	0	0	0	0	0	0	0	L1_SingleJet12_BptxAND
HLT_PFJet260_v7	145	132	119	105	91	73	64	46	32	18	9	6	5	3	2	1	1	L1_SingleJet170 OR L1_SingleJet180 OR L1_SingleJet200
HLT_PFJet320_v7	50	44	40	35	30	24	21	15	11	6	3	2	2	1	1	1	1	L1_SingleJet170 OR L1_SingleJet180 OR L1_SingleJet200
HLT_PFJet400_v7	18	15	14	12	10	8	7	5	4	2	1	1	1	1	1	1	1	L1_SingleJet170 OR L1_SingleJet180 OR L1_SingleJet200
HLT_PFJet40_v7	19	18	16	14	12	19	17	12	9	5	2	2	1	1	1	1	1	L1_ZeroBias
HLT_PFJet450_v7	1	1	1	1	1	1	1	1	1	1	1	1	1	1	1	1	1	L1_SingleJet170 OR L1_SingleJet180 OR L1_SingleJet200
HLT_PFJet500_v7	1	1	1	1	1	1	1	1	1	1	1	1	1	1	1	1	1	L1_SingleJet170 OR L1_SingleJet180 OR L1_SingleJet200
HLT_PFJet60_v7	24	28	28	29	35	34	33	35	30	35	35	33	35	30	38	38	1	L1_SingleJet35
HLT_PFJet80_v6	20	24	27	29	36	33	35	35	32	36	36	35	35	32	33	50	1	L1_SingleJet60
HLT_PFMET100_PFMHT100_IDTight_BeamHaloCleaned_v2	0	0	0	0	0	0	0	0	0	0	0	0	0	0	0	0	1	L1_ETM50 OR L1_ETM60 OR L1_ETM70 OR L1_ETM75 OR L1_ETM80 OR L1_ETM85 OR L1_ETM90 OR L1_ETM95 OR L1_ETM100 OR L1_ETM75_Jet60_dPhi_Min0p4 OR L1_DoubleJetC60_ETM60
HLT_PFMET100_PFMHT100_IDTight_v5	0	0	0	0	0	0	0	0	0	0	0	0	0	0	0	0	1	L1_ETM50 OR L1_ETM60 OR L1_ETM70 OR L1_ETM75 OR L1_ETM80 OR L1_ETM85 OR L1_ETM90 OR L1_ETM95 OR L1_ETM100 OR L1_ETM75_Jet60_dPhi_Min0p4 OR L1_DoubleJetC60_ETM60
HLT_PFMET110_PFMHT110_IDTight_v5	1	1	1	1	1	1	1	1	1	1	1	1	1	1	1	1	1	L1_ETM50 OR L1_ETM60 OR L1_ETM70 OR L1_ETM75 OR L1_ETM80 OR L1_ETM85 OR L1_ETM90 OR L1_ETM95 OR L1_ETM100 OR L1_ETM75_Jet60_dPhi_Min0p4 OR L1_DoubleJetC60_ETM60
HLT_PFMET120_Mu5_v4	1	1	1	1	1	1	1	1	1	1	1	1	1	1	1	1	1	L1_SingleMuOpen
HLT_PFMET120_PFMHT120_IDTight_v5	1	1	1	1	1	1	1	1	1	1	1	1	1	1	1	1	1	L1_ETM50 OR L1_ETM60 OR L1_ETM70 OR L1_ETM75 OR L1_ETM80 OR L1_ETM85 OR L1_ETM90 OR L1_ETM95 OR L1_ETM100 OR L1_ETM120 OR L1_ETM75_Jet60_dPhi_Min0p4 OR L1_DoubleJetC60_ETM60
HLT_PFMET170_BeamHaloCleaned_v4	33	30	27	24	21	17	15	10	7	4	2	1	1	1	1	1	20	L1_ETM50 OR L1_ETM60 OR L1_ETM70 OR L1_ETM80 OR L1_ETM90 OR L1_ETM100
HLT_PFMET170_HBHECleaned_v6	1	1	1	1	1	1	1	1	1	1	1	1	1	1	1	1	1	L1_ETM50 OR L1_ETM60 OR L1_ETM70 OR L1_ETM80 OR L1_ETM90 OR L1_ETM100
HLT_PFMET170_HBHE_BeamHaloCleaned_v2	1	1	1	1	1	1	1	1	1	1	1	1	1	1	1	1	1	L1_ETM50 OR L1_ETM60 OR L1_ETM70 OR L1_ETM80 OR L1_ETM90 OR L1_ETM100
HLT_PFMET170_NotCleaned_v5	33	30	27	24	21	17	15	10	7	4	2	1	1	1	1	1	20	L1_ETM50 OR L1_ETM60 OR L1_ETM70 OR L1_ETM80 OR L1_ETM90 OR L1_ETM100
HLT_PFMET300_v4	1	1	1	1	1	1	1	1	1	1	1	1	1	1	1	1	1	L1_ETM60 OR L1_ETM70 OR L1_ETM80 OR L1_ETM90 OR L1_ETM100 OR L1_ETM120
HLT_PFMET400_v4	1	1	1	1	1	1	1	1	1	1	1	1	1	1	1	1	1	L1_ETM60 OR L1_ETM70 OR L1_ETM80 OR L1_ETM90 OR L1_ETM100 OR L1_ETM120
HLT_PFMET500_v4	1	1	1	1	1	1	1	1	1	1	1	1	1	1	1	1	1	L1_ETM60 OR L1_ETM70 OR L1_ETM80 OR L1_ETM90 OR L1_ETM100 OR L1_ETM120
HLT_PFMET600_v4	1	1	1	1	1	1	1	1	1	1	1	1	1	1	1	1	1	L1_ETM60 OR L1_ETM70 OR L1_ETM80 OR L1_ETM90 OR L1_ETM100 OR L1_ETM120
HLT_PFMET90_PFMHT90_IDTight_v5	0	0	0	0	0	0	0	0	0	0	0	0	0	0	0	0	1	L1_ETM50 OR L1_ETM60 OR L1_ETM70 OR L1_ETM75 OR L1_ETM80 OR L1_ETM85 OR L1_ETM90 OR L1_ETM95 OR L1_ETM75_Jet60_dPhi_Min0p4 OR L1_DoubleJetC60_ETM60
HLT_PFMETNoMu100_PFMHTNoMu100_IDTight_v5	0	0	0	0	0	0	0	0	0	0	0	0	0	0	0	0	1	L1_ETM50 OR L1_ETM60 OR L1_ETM70 OR L1_ETM75 OR L1_ETM80 OR L1_ETM85 OR L1_ETM90 OR L1_ETM95 OR L1_ETM100 OR L1_ETM75_Jet60_dPhi_Min0p4 OR L1_DoubleJetC60_ETM60
HLT_PFMETNoMu110_PFMHTNoMu110_IDTight_v5	1	1	1	1	1	1	1	1	1	1	1	1	1	1	1	1	1	L1_ETM50 OR L1_ETM60 OR L1_ETM70 OR L1_ETM75 OR L1_ETM80 OR L1_ETM85 OR L1_ETM90 OR L1_ETM95 OR L1_ETM100 OR L1_ETM75_Jet60_dPhi_Min0p4 OR L1_DoubleJetC60_ETM60
HLT_PFMETNoMu120_PFMHTNoMu120_IDTight_v5	1	1	1	1	1	1	1	1	1	1	1	1	1	1	1	1	1	L1_ETM50 OR L1_ETM60 OR L1_ETM70 OR L1_ETM75 OR L1_ETM80 OR L1_ETM85 OR L1_ETM90 OR L1_ETM95 OR L1_ETM100 OR L1_ETM75_Jet60_dPhi_Min0p4 OR L1_DoubleJetC60_ETM60
HLT_PFMETNoMu90_PFMHTNoMu90_IDTight_v5	0	0	0	0	0	0	0	0	0	0	0	0	0	0	0	0	1	L1_ETM50 OR L1_ETM60 OR L1_ETM70 OR L1_ETM75 OR L1_ETM80 OR L1_ETM85 OR L1_ETM90 OR L1_ETM95 OR L1_ETM100 OR L1_ETM75_Jet60_dPhi_Min0p4 OR L1_DoubleJetC60_ETM60
HLT_PFMETTypeOne190_HBHE_BeamHaloCleaned_v2	1	1	1	1	1	1	1	1	1	1	1	1	1	1	1	1	1	L1_ETM50 OR L1_ETM60 OR L1_ETM70 OR L1_ETM80 OR L1_ETM90 OR L1_ETM100
HLT_PFTau120_eta2p1_v3	0	0	0	2300	2000	1600	1400	1000	700	400	200	140	100	70	40	20	1	L1_SingleTau80er OR L1_SingleTau100er
HLT_Photon120_R9Id90_HE10_Iso40_EBOnly_PFMET40_v7	1	1	1	1	1	1	1	1	1	1	1	1	1	1	1	1	1	L1_SingleEG40
HLT_Photon120_R9Id90_HE10_Iso40_EBOnly_VBF_v6	1	1	1	1	1	1	1	1	1	1	1	1	1	1	1	1	1	L1_SingleEG40
HLT_Photon120_R9Id90_HE10_IsoM_v7	7	6	6	5	4	3	3	2	1	1	1	1	1	1	1	1	1	L1_SingleEG34 OR L1_SingleEG40
HLT_Photon120_v6	160	145	130	115	100	80	70	50	35	20	10	7	5	4	2	1	1	L1_SingleEG34 OR L1_SingleEG40
HLT_Photon135_PFMET100_v6	1	1	1	1	1	1	1	1	1	1	1	1	1	1	1	1	1	L1_SingleEG30 OR L1_SingleEG32 OR L1_SingleEG34 OR L1_SingleEG36 OR L1_SingleEG38 OR L1_SingleEG40 OR L1_SingleJet170 OR L1_SingleJet180 OR L1_SingleJet200 OR L1_SingleTau100er OR L1_SingleTau120er
HLT_Photon165_HE10_v7	1	1	1	1	1	1	1	1	1	1	1	1	1	1	1	1	1	L1_SingleEG30 OR L1_SingleEG32 OR L1_SingleEG34 OR L1_SingleEG36 OR L1_SingleEG38 OR L1_SingleEG40 OR L1_SingleJet170 OR L1_SingleJet180 OR L1_SingleJet200 OR L1_SingleTau100er OR L1_SingleTau120er
HLT_Photon165_R9Id90_HE10_IsoM_v8	1	1	1	1	1	1	1	1	1	1	1	1	1	1	1	1	1	L1_SingleEG30 OR L1_SingleEG32 OR L1_SingleEG34 OR L1_SingleEG36 OR L1_SingleEG38 OR L1_SingleEG40 OR L1_SingleJet170 OR L1_SingleJet180 OR L1_SingleJet200 OR L1_SingleTau100er OR L1_SingleTau120er
HLT_Photon175_v7	1	1	1	1	1	1	1	1	1	1	1	1	1	1	1	1	1	L1_SingleEG30 OR L1_SingleEG32 OR L1_SingleEG34 OR L1_SingleEG36 OR L1_SingleEG38 OR L1_SingleEG40 OR L1_SingleJet170 OR L1_SingleJet180 OR L1_SingleJet200 OR L1_SingleTau100er OR L1_SingleTau120er
HLT_Photon22_R9Id90_HE10_Iso40_EBOnly_PFMET40_v7	1	1	1	1	1	1	2	1	1	1	1	2	1	2	1	1	1	L1_SingleEG24
HLT_Photon22_R9Id90_HE10_Iso40_EBOnly_VBF_v6	1	1	1	1	1	1	2	1	1	1	1	2	1	2	1	1	1	L1_SingleEG24
HLT_Photon22_R9Id90_HE10_IsoM_v6	1	1	1	1	1	1	1	1	1	1	1	1	1	1	1	1	1	L1_SingleEG18
HLT_Photon22_v5	7	10	11	13	14	14	14	13	14	14	14	14	13	14	14	14	1	L1_SingleEG18
HLT_Photon250_NoHE_v6	1	1	1	1	1	1	1	1	1	1	1	1	1	1	1	1	1	L1_SingleEG30 OR L1_SingleEG32 OR L1_SingleEG34 OR L1_SingleEG36 OR L1_SingleEG38 OR L1_SingleEG40 OR L1_SingleJet170 OR L1_SingleJet180 OR L1_SingleJet200 OR L1_SingleTau100er OR L1_SingleTau120er
HLT_Photon26_R9Id85_OR_CaloId24b40e_Iso50T80L_Photon16_AND_HE10_R9Id65_Eta2_Mass60_v7	765	693	622	550	478	383	335	239	167	96	48	33	24	17	10	5	1	L1_SingleEG30 OR L1_SingleEG32 OR L1_SingleEG34 OR L1_SingleEG36 OR L1_SingleEG28 OR L1_SingleEG40 OR L1_DoubleEG_15_10 OR L1_DoubleEG_18_17 OR L1_DoubleEG_20_18 OR L1_DoubleEG_22_10 OR L1_DoubleEG_22_12 OR L1_DoubleEG_22_15 OR L1_DoubleEG_23_10 OR L1_DoubleEG_24_17 OR L1_DoubleEG_25_12
HLT_Photon300_NoHE_v6	1	1	1	1	1	1	1	1	1	1	1	1	1	1	1	1	1	L1_SingleEG30 OR L1_SingleEG32 OR L1_SingleEG34 OR L1_SingleEG36 OR L1_SingleEG38 OR L1_SingleEG40 OR L1_SingleJet170 OR L1_SingleJet180 OR L1_SingleJet200 OR L1_SingleTau100er OR L1_SingleTau120er
HLT_Photon30_R9Id90_HE10_IsoM_v7	2	2	2	2	3	3	3	3	3	3	3	3	3	3	3	3	1	L1_SingleEG26
HLT_Photon30_v6	29	33	34	35	43	43	43	46	40	46	46	43	46	40	46	46	1	L1_SingleEG26
HLT_Photon36_R9Id85_OR_CaloId24b40e_Iso50T80L_Photon22_AND_HE10_R9Id65_Eta2_Mass15_v7	32	30	26	22	20	16	14	10	8	4	2	1	1	1	1	1	1	L1_SingleEG30 OR L1_SingleEG32 OR L1_SingleEG34 OR L1_SingleEG36 OR L1_SingleEG28 OR L1_SingleEG40 OR L1_DoubleEG_15_10 OR L1_DoubleEG_18_17 OR L1_DoubleEG_20_18 OR L1_DoubleEG_22_10 OR L1_DoubleEG_22_12 OR L1_DoubleEG_22_15 OR L1_DoubleEG_23_10 OR L1_DoubleEG_24_17 OR L1_DoubleEG_25_12
HLT_Photon36_R9Id90_HE10_Iso40_EBOnly_PFMET40_v7	0	0	0	30	30	30	30	30	30	30	30	30	30	30	30	30	30	L1_SingleEG30
HLT_Photon36_R9Id90_HE10_Iso40_EBOnly_VBF_v7	52	46	42	36	32	26	22	16	12	6	3	2	1	1	1	1	1	L1_SingleIsoEG30 OR L1_SingleIsoEG32 OR L1_SingleIsoEG34
HLT_Photon36_R9Id90_HE10_IsoM_v7	1	1	1	1	1	1	1	2	1	2	2	1	2	1	2	2	1	L1_SingleEG26
HLT_Photon36_v6	15	17	17	18	22	21	21	23	20	23	23	21	23	20	23	23	1	L1_SingleEG26
HLT_Photon42_R9Id85_OR_CaloId24b40e_Iso50T80L_Photon25_AND_HE10_R9Id65_Eta2_Mass15_v7	1	1	1	1	1	1	1	1	1	1	1	1	1	1	1	1	1	L1_SingleEG30 OR L1_SingleEG32 OR L1_SingleEG34 OR L1_SingleEG36 OR L1_SingleEG28 OR L1_SingleEG40 OR L1_DoubleEG_15_10 OR L1_DoubleEG_18_17 OR L1_DoubleEG_20_18 OR L1_DoubleEG_22_10 OR L1_DoubleEG_22_12 OR L1_DoubleEG_22_15 OR L1_DoubleEG_23_10 OR L1_DoubleEG_24_17 OR L1_DoubleEG_25_12
HLT_Photon500_v5	1	1	1	1	1	1	1	1	1	1	1	1	1	1	1	1	1	L1_SingleEG30 OR L1_SingleEG32 OR L1_SingleEG34 OR L1_SingleEG36 OR L1_SingleEG38 OR L1_SingleEG40 OR L1_SingleJet170 OR L1_SingleJet180 OR L1_SingleJet200 OR L1_SingleTau100er OR L1_SingleTau120er
HLT_Photon50_R9Id90_HE10_Iso40_EBOnly_PFMET40_v7	36	32	30	26	22	18	16	10	8	5	2	2	1	1	1	1	10	L1_SingleEG40
HLT_Photon50_R9Id90_HE10_Iso40_EBOnly_VBF_v6	7	6	6	5	4	3	3	2	2	1	1	1	1	1	1	1	1	L1_SingleEG40
HLT_Photon50_R9Id90_HE10_IsoM_v7	209	189	170	150	130	104	91	65	46	26	13	9	7	5	3	1	1	L1_SingleEG34 OR L1_SingleEG40
HLT_Photon50_v6	3200	2900	2600	2300	2000	1600	1400	1000	700	400	200	140	100	70	40	20	1	L1_SingleEG34 OR L1_SingleEG40
HLT_Photon600_v5	1	1	1	1	1	1	1	1	1	1	1	1	1	1	1	1	1	L1_SingleEG30 OR L1_SingleEG32 OR L1_SingleEG34 OR L1_SingleEG36 OR L1_SingleEG38 OR L1_SingleEG40 OR L1_SingleJet170 OR L1_SingleJet180 OR L1_SingleJet200 OR L1_SingleTau100er OR L1_SingleTau120er
HLT_Photon75_R9Id90_HE10_Iso40_EBOnly_PFMET40_v7	9	8	6	6	6	5	4	3	2	1	1	1	1	1	1	1	1	L1_SingleEG40
HLT_Photon75_R9Id90_HE10_Iso40_EBOnly_VBF_v6	4	4	3	3	3	1	1	1	1	1	1	1	1	1	1	1	1	L1_SingleEG40
HLT_Photon75_R9Id90_HE10_IsoM_v7	42	38	34	30	26	21	18	13	9	5	3	2	1	1	1	1	1	L1_SingleEG34 OR L1_SingleEG40
HLT_Photon75_v6	640	580	520	460	400	320	280	200	140	80	40	28	20	14	8	4	1	L1_SingleEG34 OR L1_SingleEG40
HLT_Photon90_CaloIdL_PFHT600_v6	1	1	1	1	1	1	1	1	1	1	1	1	1	1	1	1	1	L1_SingleEG34 OR L1_SingleEG40
HLT_Photon90_R9Id90_HE10_Iso40_EBOnly_PFMET40_v7	4	4	3	3	3	1	1	1	1	1	1	1	1	1	1	1	1	L1_SingleEG40
HLT_Photon90_R9Id90_HE10_Iso40_EBOnly_VBF_v6	3	3	2	2	2	1	1	1	1	1	1	1	1	1	1	1	1	L1_SingleEG40
HLT_Photon90_R9Id90_HE10_IsoM_v7	21	19	17	15	13	10	9	7	5	3	1	1	1	1	1	1	1	L1_SingleEG34 OR L1_SingleEG40
HLT_Photon90_v6	320	290	260	230	200	160	140	100	70	40	20	14	10	7	4	2	1	L1_SingleEG34 OR L1_SingleEG40
HLT_Physics_v4	70	70	70	70	70	70	70	70	40	40	40	40	40	40	40	40	40	
HLT_PixelTracks_Multiplicity110ForEndOfFill_v3	0	0	0	0	0	0	0	0	0	0	0	0	0	0	0	0	1	L1_ETT35_BptxAND
HLT_PixelTracks_Multiplicity135ForEndOfFill_v3	0	0	0	0	0	0	0	0	0	0	0	0	0	0	0	0	1	L1_ETT35_BptxAND
HLT_PixelTracks_Multiplicity160ForEndOfFill_v3	0	0	0	0	0	0	0	0	0	0	0	0	0	0	0	0	1	L1_ETT60_BptxAND
HLT_PixelTracks_Multiplicity60ForEndOfFill_v2	0	0	0	0	0	0	0	0	0	0	0	0	0	0	0	0	1	L1_ETT25_BptxAND
HLT_PixelTracks_Multiplicity85ForEndOfFill_v2	0	0	0	0	0	0	0	0	0	0	0	0	0	0	0	0	1	L1_ETT25_BptxAND
HLT_QuadJet45_DoubleBTagCSV_p087_v4	83	76	68	60	52	42	37	26	18	10	5	4	1	1	1	1	1	L1_QuadJetC50 OR L1_QuadJetC60 OR L1_HTT280 OR L1_HTT300 OR L1_HTT320 OR L1_TripleJet_84_68_48_VBF OR L1_TripleJet_88_72_56_VBF OR L1_TripleJet_92_76_64_VBF
HLT_QuadJet45_TripleBTagCSV_p087_v4	1	1	1	1	1	1	1	1	1	1	1	1	1	1	1	1	1	L1_QuadJetC50 OR L1_QuadJetC60 OR L1_HTT280 OR L1_HTT300 OR L1_HTT320 OR L1_TripleJet_84_68_48_VBF OR L1_TripleJet_88_72_56_VBF OR L1_TripleJet_92_76_64_VBF
HLT_QuadMuon0_Dimuon0_Jpsi_v3	1	1	1	1	1	1	1	1	1	1	1	1	1	1	1	1	1	L1_QuadMu0
HLT_QuadMuon0_Dimuon0_Upsilon_v3	1	1	1	1	1	1	1	1	1	1	1	1	1	1	1	1	1	L1_QuadMu0
HLT_QuadPFJet_BTagCSV_p016_VBF_Mqq460_v3	0	0	0	0	0	1	1	1	1	1	1	1	1	1	1	1	1	L1_TripleJet_84_68_48_VBF OR L1_TripleJet_88_72_56_VBF OR L1_TripleJet_92_76_64_VBF OR L1_HTT280 OR L1_HTT300 OR L1_HTT320 OR L1_SingleJet170 OR L1_SingleJet180 OR L1_SingleJet200 OR L1_DoubleJetC100 OR L1_DoubleJetC112 OR L1_DoubleJetC120
HLT_QuadPFJet_BTagCSV_p016_VBF_Mqq500_v3	1	1	1	1	1	1	1	1	1	1	1	1	1	1	1	1	1	L1_TripleJet_84_68_48_VBF OR L1_TripleJet_88_72_56_VBF OR L1_TripleJet_92_76_64_VBF OR L1_HTT280 OR L1_HTT300 OR L1_HTT320 OR L1_SingleJet170 OR L1_SingleJet180 OR L1_SingleJet200 OR L1_DoubleJetC100 OR L1_DoubleJetC112 OR L1_DoubleJetC120
HLT_QuadPFJet_BTagCSV_p016_p11_VBF_Mqq200_v3	0	0	0	0	0	1	1	1	1	1	1	1	1	1	1	1	1	L1_TripleJet_84_68_48_VBF OR L1_TripleJet_88_72_56_VBF OR L1_TripleJet_92_76_64_VBF OR L1_HTT280 OR L1_HTT300 OR L1_HTT320 OR L1_SingleJet170 OR L1_SingleJet180 OR L1_SingleJet200 OR L1_DoubleJetC100 OR L1_DoubleJetC112 OR L1_DoubleJetC120
HLT_QuadPFJet_BTagCSV_p016_p11_VBF_Mqq240_v3	1	1	1	1	1	1	1	1	1	1	1	1	1	1	1	1	1	L1_TripleJet_84_68_48_VBF OR L1_TripleJet_88_72_56_VBF OR L1_TripleJet_92_76_64_VBF OR L1_HTT280 OR L1_HTT300 OR L1_HTT320 OR L1_SingleJet170 OR L1_SingleJet180 OR L1_SingleJet200 OR L1_DoubleJetC100 OR L1_DoubleJetC112 OR L1_DoubleJetC120
HLT_QuadPFJet_VBF_v6	3200	2900	2600	2300	2000	1600	1400	1000	700	400	200	140	100	70	40	20	1	L1_TripleJet_84_68_48_VBF OR L1_TripleJet_88_72_56_VBF OR L1_TripleJet_92_76_64_VBF OR L1_HTT280 OR L1_HTT300 OR L1_HTT320 OR L1_SingleJet170 OR L1_SingleJet180 OR L1_SingleJet200 OR L1_DoubleJetC100 OR L1_DoubleJetC112 OR L1_DoubleJetC120
HLT_Random_v2	120	120	120	120	120	120	120	120	120	120	120	120	120	120	120	120	120	
HLT_Rsq0p02_MR400_TriPFJet80_60_40_DoubleBTagCSV_p063_Mbb60_200_v1	1	1	1	1	1	1	1	1	1	1	1	1	1	1	1	1	1	L1_HTT160 OR L1_HTT200 OR L1_HTT220 OR L1_HTT240 OR L1_HTT255 OR L1_HTT270 OR L1_HTT280 OR L1_HTT300 OR L1_SingleJet120 OR L1_SingleJet140 OR L1_SingleJet150 OR L1_SingleJet160 OR L1_SingleJet170 OR L1_SingleJet180 OR L1_SingleJet200 OR L1_DoubleJetC80 OR L1_DoubleJetC100 OR L1_QuadJetC40 OR L1_QuadJetC50 OR L1_QuadJetC60 OR L1_Mu6_HTT200 OR L1_Mu8_HTT150 OR L1_EG27er_HTT200 OR L1_EG25er_HTT125 OR L1_DoubleEG6_HTT255
HLT_Rsq0p02_MR450_TriPFJet80_60_40_DoubleBTagCSV_p063_Mbb60_200_v1	1	1	1	1	1	1	1	1	1	1	1	1	1	1	1	1	1	L1_HTT160 OR L1_HTT200 OR L1_HTT220 OR L1_HTT240 OR L1_HTT255 OR L1_HTT270 OR L1_HTT280 OR L1_HTT300 OR L1_SingleJet120 OR L1_SingleJet140 OR L1_SingleJet150 OR L1_SingleJet160 OR L1_SingleJet170 OR L1_SingleJet180 OR L1_SingleJet200 OR L1_DoubleJetC80 OR L1_DoubleJetC100 OR L1_QuadJetC40 OR L1_QuadJetC50 OR L1_QuadJetC60 OR L1_Mu6_HTT200 OR L1_Mu8_HTT150 OR L1_EG27er_HTT200 OR L1_EG25er_HTT125 OR L1_DoubleEG6_HTT255
HLT_Rsq0p25_v4	1	1	1	1	1	1	1	1	1	1	1	1	1	1	1	1	1	L1_HTT160 OR L1_HTT200 OR L1_HTT220 OR L1_HTT240 OR L1_HTT255 OR L1_HTT270 OR L1_HTT280 OR L1_HTT300 OR L1_SingleJet120 OR L1_SingleJet140 OR L1_SingleJet150 OR L1_SingleJet160 OR L1_SingleJet170 OR L1_SingleJet180 OR L1_SingleJet200 OR L1_DoubleJetC80 OR L1_DoubleJetC100 OR L1_QuadJetC40 OR L1_QuadJetC50 OR L1_QuadJetC60 OR L1_Mu6_HTT200 OR L1_Mu8_HTT150 OR L1_EG27er_HTT200 OR L1_EG25er_HTT125 OR L1_DoubleEG6_HTT255
HLT_Rsq0p30_v4	1	1	1	1	1	1	1	1	1	1	1	1	1	1	1	1	1	L1_HTT160 OR L1_HTT200 OR L1_HTT220 OR L1_HTT240 OR L1_HTT255 OR L1_HTT270 OR L1_HTT280 OR L1_HTT300 OR L1_SingleJet120 OR L1_SingleJet140 OR L1_SingleJet150 OR L1_SingleJet160 OR L1_SingleJet170 OR L1_SingleJet180 OR L1_SingleJet200 OR L1_DoubleJetC80 OR L1_DoubleJetC100 OR L1_QuadJetC40 OR L1_QuadJetC50 OR L1_QuadJetC60 OR L1_Mu6_HTT200 OR L1_Mu8_HTT150 OR L1_EG27er_HTT200 OR L1_EG25er_HTT125 OR L1_DoubleEG6_HTT255
HLT_RsqMR270_Rsq0p09_MR200_4jet_v4	1	1	1	1	1	1	1	1	1	1	1	1	1	1	1	1	1	L1_HTT160 OR L1_HTT200 OR L1_HTT220 OR L1_HTT240 OR L1_HTT255 OR L1_HTT270 OR L1_HTT280 OR L1_HTT300 OR L1_SingleJet120 OR L1_SingleJet140 OR L1_SingleJet150 OR L1_SingleJet160 OR L1_SingleJet170 OR L1_SingleJet180 OR L1_SingleJet200 OR L1_DoubleJetC80 OR L1_DoubleJetC100 OR L1_QuadJetC40 OR L1_QuadJetC50 OR L1_QuadJetC60 OR L1_Mu6_HTT200 OR L1_Mu8_HTT150 OR L1_EG27er_HTT200 OR L1_EG25er_HTT125 OR L1_DoubleEG6_HTT255
HLT_RsqMR270_Rsq0p09_MR200_v4	1	1	1	1	1	1	1	1	1	1	1	1	1	1	1	1	1	L1_HTT160 OR L1_HTT200 OR L1_HTT220 OR L1_HTT240 OR L1_HTT255 OR L1_HTT270 OR L1_HTT280 OR L1_HTT300 OR L1_SingleJet120 OR L1_SingleJet140 OR L1_SingleJet150 OR L1_SingleJet160 OR L1_SingleJet170 OR L1_SingleJet180 OR L1_SingleJet200 OR L1_DoubleJetC80 OR L1_DoubleJetC100 OR L1_QuadJetC40 OR L1_QuadJetC50 OR L1_QuadJetC60 OR L1_Mu6_HTT200 OR L1_Mu8_HTT150 OR L1_EG27er_HTT200 OR L1_EG25er_HTT125 OR L1_DoubleEG6_HTT255
HLT_SingleCentralPFJet170_CFMax0p1_v3	139	126	113	100	87	70	61	43	30	17	9	6	4	3	2	1	1	L1_SingleJet120 OR L1_SingleJet140 OR L1_SingleJet150 OR L1_SingleJet160 OR L1_SingleJet170 OR L1_SingleJet180 OR L1_SingleJet200
HLT_TkMu20_v4	5	6	7	7	626	501	438	313	219	125	63	44	31	22	13	6	1	L1_SingleMu18
HLT_TkMu24_eta2p1_v5	480	435	390	345	300	240	210	150	105	60	30	21	15	11	6	3	1	L1_SingleMu20er OR L1_SingleMu22
HLT_TkMu27_v5	320	290	260	230	200	160	140	100	70	40	20	14	10	7	4	2	1	L1_SingleMu22 OR L1_SingleMu25
HLT_TkMu50_v3	1	1	1	1	1	1	1	1	1	1	1	1	1	1	1	1	1	L1_SingleMu22 OR L1_SingleMu25
HLT_TripleMu_12_10_5_v3	1	1	1	1	1	1	1	1	1	1	1	1	1	1	1	1	1	L1_TripleMu0 OR L1_TripleMu_5_5_3
HLT_TripleMu_5_3_3_v2	42	38	34	30	26	21	18	13	9	5	3	2	1	1	1	1	25	L1_TripleMu0 OR L1_TripleMu_5_0_0
HLT_TrkMu15_DoubleTrkMu5NoFiltersNoVtx_v4	1	1	1	1	1	1	1	1	1	1	1	1	1	1	1	1	1	L1_DoubleMu_11_4 OR L1_DoubleMu_12_5
HLT_TrkMu17_DoubleTrkMu8NoFiltersNoVtx_v4	1	1	1	1	1	1	1	1	1	1	1	1	1	1	1	1	1	L1_DoubleMu_11_4 OR L1_DoubleMu_12_5
HLT_VBF_DisplacedJet40_DisplacedTrack_2TrackIP2DSig5_v3	1	1	1	1	1	1	1	1	1	1	1	1	1	1	1	1	1	L1_TripleJet_84_68_48_VBF OR L1_TripleJet_88_72_56_VBF OR L1_TripleJet_92_76_64_VBF OR L1_HTT300
HLT_VBF_DisplacedJet40_DisplacedTrack_v3	1	1	1	1	1	1	1	1	1	1	1	1	1	1	1	1	1	L1_TripleJet_84_68_48_VBF OR L1_TripleJet_88_72_56_VBF OR L1_TripleJet_92_76_64_VBF OR L1_HTT300
HLT_VBF_DisplacedJet40_Hadronic_2PromptTrack_v3	0	0	0	0	0	0	0	0	0	0	0	0	0	0	0	0	1	L1_TripleJet_84_68_48_VBF OR L1_TripleJet_88_72_56_VBF OR L1_TripleJet_92_76_64_VBF OR L1_HTT300
HLT_VBF_DisplacedJet40_Hadronic_v3	0	0	0	0	0	0	0	0	0	0	0	0	0	0	0	0	1	L1_TripleJet_84_68_48_VBF OR L1_TripleJet_88_72_56_VBF OR L1_TripleJet_92_76_64_VBF OR L1_HTT300
HLT_VBF_DisplacedJet40_TightID_DisplacedTrack_v3	0	0	0	0	0	1	1	1	1	1	1	1	1	1	1	1	1	L1_TripleJet_84_68_48_VBF OR L1_TripleJet_88_72_56_VBF OR L1_TripleJet_92_76_64_VBF OR L1_HTT300
HLT_VBF_DisplacedJet40_TightID_Hadronic_v3	0	0	0	0	0	1	1	1	1	1	1	1	1	1	1	1	1	L1_TripleJet_84_68_48_VBF OR L1_TripleJet_88_72_56_VBF OR L1_TripleJet_92_76_64_VBF OR L1_HTT300
HLT_VBF_DisplacedJet40_VTightID_DisplacedTrack_v3	1	1	1	1	1	1	1	1	1	1	1	1	1	1	1	1	1	L1_TripleJet_84_68_48_VBF OR L1_TripleJet_88_72_56_VBF OR L1_TripleJet_92_76_64_VBF OR L1_HTT300
HLT_VBF_DisplacedJet40_VTightID_Hadronic_v3	1	1	1	1	1	1	1	1	1	1	1	1	1	1	1	1	1	L1_TripleJet_84_68_48_VBF OR L1_TripleJet_88_72_56_VBF OR L1_TripleJet_92_76_64_VBF OR L1_HTT300
HLT_VBF_DisplacedJet40_VVTightID_DisplacedTrack_v3	1	1	1	1	1	1	1	1	1	1	1	1	1	1	1	1	1	L1_TripleJet_84_68_48_VBF OR L1_TripleJet_88_72_56_VBF OR L1_TripleJet_92_76_64_VBF OR L1_HTT300
HLT_VBF_DisplacedJet40_VVTightID_Hadronic_v3	1	1	1	1	1	1	1	1	1	1	1	1	1	1	1	1	1	L1_TripleJet_84_68_48_VBF OR L1_TripleJet_88_72_56_VBF OR L1_TripleJet_92_76_64_VBF OR L1_HTT300
HLT_VLooseIsoPFTau120_Trk50_eta2p1_v3	0	0	0	1	1	1	1	1	1	1	1	1	1	1	1	1	1	L1_SingleTau100er
HLT_VLooseIsoPFTau140_Trk50_eta2p1_v3	1	1	1	1	1	1	1	1	1	1	1	1	1	1	1	1	1	L1_SingleTau100er OR L1_SingleTau120er
HLT_ZeroBias_FirstBXAfterTrain_v1	1	1	1	1	1	1	1	1	1	1	1	1	1	1	1	1	1	L1_FirstBunchAfterTrain
HLT_ZeroBias_FirstCollisionAfterAbortGap_TCDS_v1	10	10	10	10	10	10	10	10	10	10	10	10	10	10	10	10	10	
HLT_ZeroBias_FirstCollisionAfterAbortGap_copy_v1	0	0	0	0	0	0	0	0	0	0	0	0	0	0	0	0	0	L1_ZeroBias_copy
HLT_ZeroBias_FirstCollisionAfterAbortGap_v3	1	1	1	1	1	1	1	1	1	1	1	1	1	1	1	1	1	L1_ZeroBias_FirstCollidingBunch
HLT_ZeroBias_FirstCollisionInTrain_v1	1	1	1	1	1	1	1	1	1	1	1	1	1	1	1	1	1	L1_FirstBunchInTrain
HLT_ZeroBias_IsolatedBunches_v3	50	50	50	50	50	50	50	50	50	50	50	50	50	50	50	50	50	L1_IsolatedBunch
HLT_ZeroBias_v4	150	150	150	150	150	300	300	300	300	300	300	300	300	300	300	300	300	L1_ZeroBias
HLTriggerFinalPath	1	1	1	1	1	1	1	1	1	1	1	1	1	1	1	1	1	
HLTriggerFirstPath	1	1	1	1	1	1	1	1	1	1	1	1	1	1	1	1	1	
NanoDSTOutput	1	1	1	1	1	1	1	1	1	1	1	1	1	1	1	1	1	
ParkingHLTPhysicsOutput	1	1	1	1	1	1	1	1	1	1	1	1	1	1	1	1	1	
ParkingOutput	1	1	1	1	1	1	1	1	1	1	1	1	1	1	1	1	1	
ParkingZeroBiasOutput	1	1	1	1	1	1	1	1	1	1	1	1	1	1	1	1	1	
PhysicsCommissioningOutput	1	1	1	1	1	1	1	1	1	1	1	1	1	1	1	1	1	
PhysicsEGammaOutput	1	1	1	1	1	1	1	1	1	1	1	1	1	1	1	1	1	
PhysicsEndOfFillOutput	1	1	1	1	1	1	1	1	1	1	1	1	1	1	1	1	1	
PhysicsHadronsTausOutput	1	1	1	1	1	1	1	1	1	1	1	1	1	1	1	1	1	
PhysicsMuonsOutput	1	1	1	1	1	1	1	1	1	1	1	1	1	1	1	1	1	
PhysicsParkingScoutingMonitorOutput	1	1	1	1	1	1	1	1	1	1	1	1	1	1	1	1	1	
RPCMONOutput	1	1	1	1	1	1	1	1	1	1	1	1	1	1	1	1	1	
RatesMonitoring	1	1	1	1	1	1	1	1	1	1	1	1	1	1	1	1	1	
ScoutingCaloOutput	1	1	1	1	1	1	1	1	1	1	1	1	1	1	1	1	1	
ScoutingPFOutput	1	1	1	1	1	1	1	1	1	1	1	1	1	1	1	1	1	