Prescale,Path,Dataset,Group,,Total,,,HLTPhysics0,,,HLTPhysics1,
1,HLT_L1FatEvents_part1_v1,HLTPhysics1,null,72400.55,+/-,75.51,76122.44,+/-,109.50,68678.65,+/-,104.01
1,HLT_Physics_v4,"OnlineMonitor,ExpressPhysics,HLTPhysics",null,72400.55,+/-,75.51,76122.44,+/-,109.50,68678.65,+/-,104.01
1,HLT_L1FatEvents_v1,"OnlineMonitor,ExpressPhysics,HLTPhysics",null,72400.55,+/-,75.51,76122.44,+/-,109.50,68678.65,+/-,104.01
1,HLT_L1FatEvents_part3_v1,HLTPhysics3,null,72400.55,+/-,75.51,76122.44,+/-,109.50,68678.65,+/-,104.01
1,HLT_L1FatEvents_part2_v1,HLTPhysics2,null,72400.55,+/-,75.51,76122.44,+/-,109.50,68678.65,+/-,104.01
1,HLT_L1FatEvents_part0_v1,HLTPhysics0,null,72400.55,+/-,75.51,76122.44,+/-,109.50,68678.65,+/-,104.01
1,HLT_IsoMu22_eta2p1_v2,"OnlineMonitor,SingleMuon","TAU,HIG",138.45,+/-,3.30,148.06,+/-,4.83,128.84,+/-,4.50
1,HLT_IsoMu24_v2,"OnlineMonitor,ExpressPhysics,SingleMuon","SMP,Top,HIG,MUO",130.26,+/-,3.20,142.39,+/-,4.74,118.13,+/-,4.31
1,HLT_Ele27_eta2p1_WPLoose_Gsf_v7,"OnlineMonitor,HLTMonitor,SingleElectron",EGM,129.47,+/-,3.19,135.30,+/-,4.62,123.65,+/-,4.41
1,HLT_IsoTkMu22_eta2p1_v3,"OnlineMonitor,SingleMuon","SMP,MUO",125.14,+/-,3.14,133.41,+/-,4.58,116.87,+/-,4.29
1,HLT_HT500to550_v3,"OnlineMonitor,ParkingHT500to550,ParkingScoutingMonitor",EXO,123.41,+/-,3.12,132.47,+/-,4.57,114.35,+/-,4.24
1,HLT_HT550to650_v3,"OnlineMonitor,ParkingHT550to650,ParkingScoutingMonitor",EXO,123.41,+/-,3.12,129.79,+/-,4.52,117.03,+/-,4.29
1,HLT_IsoTkMu24_v3,"OnlineMonitor,SingleMuon","SMP,MUO",120.02,+/-,3.07,129.16,+/-,4.51,110.89,+/-,4.18
1,HLT_HT430to450_v3,"OnlineMonitor,ParkingHT430to450,ParkingScoutingMonitor",EXO,119.16,+/-,3.06,123.33,+/-,4.41,114.98,+/-,4.26
1,HLT_Ele27_WPTight_Gsf_v6,"OnlineMonitor,HLTMonitor,SingleElectron",EGM,109.00,+/-,2.93,113.41,+/-,4.23,104.59,+/-,4.06
1,HLT_IsoMu27_v5,"OnlineMonitor,SingleMuon",SMP,107.42,+/-,2.91,118.45,+/-,4.32,96.40,+/-,3.90
1,HLT_HT470to500_v3,"OnlineMonitor,ParkingHT470to500,ParkingScoutingMonitor",EXO,105.93,+/-,2.89,111.04,+/-,4.18,100.81,+/-,3.98
1,HLT_HT650_v4,"OnlineMonitor,ParkingHT650,ParkingScoutingMonitor",EXO,103.72,+/-,2.86,110.10,+/-,4.16,97.34,+/-,3.92
1,HLT_HT450to470_v3,"OnlineMonitor,ParkingHT450to470,ParkingScoutingMonitor",EXO,101.12,+/-,2.82,104.43,+/-,4.06,97.81,+/-,3.93
1,HLT_IsoTkMu27_v6,"OnlineMonitor,SingleMuon",SMP,99.55,+/-,2.80,109.00,+/-,4.14,90.10,+/-,3.77
1,HLT_Ele25_eta2p1_WPTight_Gsf_v6,"OnlineMonitor,SingleElectron",EGM,91.12,+/-,2.68,95.92,+/-,3.89,86.32,+/-,3.69
1,HLT_Ele27_eta2p1_WPTight_Gsf_v7,"OnlineMonitor,SingleElectron",EGM,89.39,+/-,2.65,93.88,+/-,3.85,84.90,+/-,3.66
1,HLT_Ele32_eta2p1_WPTight_Gsf_v7,"OnlineMonitor,SingleElectron",EGM,74.82,+/-,2.43,80.17,+/-,3.55,69.46,+/-,3.31
1,HLT_DoubleMediumIsoPFTau35_Trk1_eta2p1_Reg_v5,"OnlineMonitor,Tau","TAU,HIG,EXO",66.00,+/-,2.28,70.88,+/-,3.34,61.11,+/-,3.10
1,HLT_DoubleMediumIsoPFTau40_Trk1_eta2p1_Reg_v7,"OnlineMonitor,Tau","TAU,HIG,EXO",52.21,+/-,2.03,56.86,+/-,2.99,47.57,+/-,2.74
1,HLT_Ele45_WPLoose_Gsf_v6,"OnlineMonitor,SingleElectron",EGM,49.54,+/-,1.98,52.29,+/-,2.87,46.78,+/-,2.71
1,HLT_Rsq0p02_MR400_TriPFJet80_60_40_DoubleBTagCSV_p063_Mbb60_200_v1,"OnlineMonitor,BTagCSV",SUS,37.80,+/-,1.73,39.38,+/-,2.49,36.23,+/-,2.39
1,HLT_DoubleJet90_Double30_TripleBTagCSV_p087_v3,"OnlineMonitor,BTagCSV","HIG,Hbb",37.64,+/-,1.72,40.80,+/-,2.53,34.49,+/-,2.33
1,HLT_DoubleMu4_LowMassNonResonantTrk_Displaced_v5,"OnlineMonitor,DoubleMuonLowMass",BPH,36.54,+/-,1.70,36.38,+/-,2.39,36.70,+/-,2.40
1,HLT_AK8DiPFJet280_200_TrimMass30_BTagCSV_p20_v3,"OnlineMonitor,JetHT","B2G,PAG",36.38,+/-,1.69,38.43,+/-,2.46,34.34,+/-,2.33
1,HLT_PFHT800_v5,"OnlineMonitor,JetHT",null,36.15,+/-,1.69,39.06,+/-,2.48,33.23,+/-,2.29
1,HLT_QuadJet45_TripleBTagCSV_p087_v4,"OnlineMonitor,BTagCSV","HIG,Hbb",34.65,+/-,1.65,36.07,+/-,2.38,33.23,+/-,2.29
1,HLT_Mu17_TrkIsoVVL_TkMu8_TrkIsoVVL_v3,"OnlineMonitor,DoubleMuon",MUO,33.71,+/-,1.63,33.86,+/-,2.31,33.55,+/-,2.30
1,HLT_PFHT400_SixJet30_DoubleBTagCSV_p056_v3,"OnlineMonitor,JetHT",HIG,30.79,+/-,1.56,33.23,+/-,2.29,28.35,+/-,2.11
1,HLT_Mu50_v4,"OnlineMonitor,SingleMuon","EXO,SMP,MUO",27.56,+/-,1.47,29.14,+/-,2.14,25.99,+/-,2.02
1,HLT_Rsq0p02_MR450_TriPFJet80_60_40_DoubleBTagCSV_p063_Mbb60_200_v1,"OnlineMonitor,BTagCSV",SUS,26.23,+/-,1.44,27.25,+/-,2.07,25.20,+/-,1.99
1,HLT_DoubleEle37_Ele27_CaloIdL_GsfTrkIdVL_v6,"OnlineMonitor,DoubleEG",EXO,25.44,+/-,1.42,29.30,+/-,2.15,21.58,+/-,1.84
1,HLT_DoubleMu4_JpsiTrk_Displaced_v5,"OnlineMonitor,Charmonium",BPH,25.20,+/-,1.41,25.52,+/-,2.00,24.89,+/-,1.98
1,HLT_Mu17_TrkIsoVVL_Mu8_TrkIsoVVL_v4,"OnlineMonitor,DoubleMuon",MUO,24.89,+/-,1.40,24.26,+/-,1.95,25.52,+/-,2.00
1,HLT_TkMu50_v3,"OnlineMonitor,SingleMuon","EXO,SMP,MUO",23.78,+/-,1.37,25.52,+/-,2.00,22.05,+/-,1.86
1,HLT_AK8PFHT700_TrimR0p1PT0p03Mass50_v6,"OnlineMonitor,JetHT",B2G,23.47,+/-,1.36,26.15,+/-,2.03,20.79,+/-,1.81
1,HLT_Diphoton30_18_R9Id_OR_IsoCaloId_AND_HE_R9Id_Mass90_v6,"OnlineMonitor,DoubleEG",null,22.37,+/-,1.33,24.89,+/-,1.98,19.85,+/-,1.77
1,HLT_VLooseIsoPFTau140_Trk50_eta2p1_v3,"OnlineMonitor,Tau",null,22.29,+/-,1.32,21.74,+/-,1.85,22.84,+/-,1.90
1,HLT_PFHT750_4JetPt50_v6,"OnlineMonitor,JetHT",EXO,21.74,+/-,1.31,24.41,+/-,1.96,19.06,+/-,1.73
1,HLT_PFHT900_v4,"OnlineMonitor,JetHT",SUS,20.16,+/-,1.26,22.05,+/-,1.86,18.27,+/-,1.70
1,HLT_Mu8_TrkIsoVVL_Ele23_CaloIdL_TrackIdL_IsoVL_v7,"OnlineMonitor,MuonEG",HIG,19.53,+/-,1.24,20.16,+/-,1.78,18.90,+/-,1.73
1,HLT_ZeroBias_FirstCollisionInTrain_v1,"OnlineMonitor,ZeroBiasFirstBunchInTrain",null,18.66,+/-,1.21,20.32,+/-,1.79,17.01,+/-,1.64
1,HLT_DoubleMu3_Trk_Tau3mu_v3,"OnlineMonitor,DoubleMuonLowMass",BPH,18.59,+/-,1.21,18.43,+/-,1.70,18.74,+/-,1.72
1,HLT_ZeroBias_FirstBXAfterTrain_v1,"OnlineMonitor,ZeroBiasFirstBunchAfterTrain",null,18.51,+/-,1.21,18.59,+/-,1.71,18.43,+/-,1.70
1,HLT_Diphoton30EB_18EB_R9Id_OR_IsoCaloId_AND_HE_R9Id_DoublePixelVeto_Mass55_v6,"OnlineMonitor,DoubleEG",null,18.51,+/-,1.21,18.59,+/-,1.71,18.43,+/-,1.70
1,HLT_Mu17_TrkIsoVVL_TkMu8_TrkIsoVVL_DZ_v3,"OnlineMonitor,DoubleMuon",MUO,18.35,+/-,1.20,19.53,+/-,1.75,17.17,+/-,1.64
1,HLT_Mu55_v3,"OnlineMonitor,SingleMuon",EXO,18.03,+/-,1.19,18.59,+/-,1.71,17.48,+/-,1.66
1,HLT_PFHT450_SixJet40_BTagCSV_p056_v3,"OnlineMonitor,JetHT",HIG,18.03,+/-,1.19,21.26,+/-,1.83,14.81,+/-,1.53
1,HLT_DoubleJetsC100_DoubleBTagCSV_p014_DoublePFJetsC100MaxDeta1p6_v3,"OnlineMonitor,BTagCSV","HIG,Analysis",17.88,+/-,1.19,16.70,+/-,1.62,19.06,+/-,1.73
1,HLT_QuadPFJet_BTagCSV_p016_p11_VBF_Mqq240_v3,"OnlineMonitor,HLTMonitor,BTagCSV","HIG,Hbb",17.80,+/-,1.18,18.11,+/-,1.69,17.48,+/-,1.66
1,HLT_Mu17_TrkIsoVVL_Mu8_TrkIsoVVL_DZ_v4,"OnlineMonitor,ExpressPhysics,DoubleMuon",MUO,17.64,+/-,1.18,17.80,+/-,1.67,17.48,+/-,1.66
1,HLT_Dimuon0_Jpsi_Muon_v4,"OnlineMonitor,Charmonium",BPH,17.40,+/-,1.17,17.96,+/-,1.68,16.85,+/-,1.63
1,HLT_PFMETNoMu110_PFMHTNoMu110_IDTight_v5,"OnlineMonitor,MET","EXO,SUS",16.22,+/-,1.13,15.91,+/-,1.58,16.54,+/-,1.61
1,HLT_Ele115_CaloIdVT_GsfTrkIdT_v6,"OnlineMonitor,SingleElectron",EXO,15.99,+/-,1.12,15.59,+/-,1.57,16.38,+/-,1.61
1,HLT_Ele50_CaloIdVT_GsfTrkIdT_PFJet165_v5,"OnlineMonitor,SingleElectron",B2G,15.67,+/-,1.11,14.96,+/-,1.54,16.38,+/-,1.61
1,HLT_AK8PFJet450_v3,"OnlineMonitor,JetHT",SMP,15.28,+/-,1.10,15.44,+/-,1.56,15.12,+/-,1.54
1,HLT_Diphoton30PV_18PV_R9Id_AND_IsoCaloId_AND_HE_R9Id_DoublePixelVeto_Mass55_v6,"OnlineMonitor,DoubleEG",null,14.81,+/-,1.08,15.44,+/-,1.56,14.18,+/-,1.49
1,HLT_PFHT200_DiPFJetAve90_PFAlphaT0p63_v5,"OnlineMonitor,HTMHT",SUS,14.18,+/-,1.06,13.55,+/-,1.46,14.81,+/-,1.53
1,HLT_Mu30_TkMu11_v3,"OnlineMonitor,DoubleMuon",EXO,14.10,+/-,1.05,14.33,+/-,1.50,13.86,+/-,1.48
1,HLT_PFMET110_PFMHT110_IDTight_v5,"OnlineMonitor,MET","HIG,Hbb",13.86,+/-,1.04,13.70,+/-,1.47,14.02,+/-,1.49
1,HLT_Dimuon20_Jpsi_v4,"OnlineMonitor,Charmonium",BPH,13.78,+/-,1.04,13.70,+/-,1.47,13.86,+/-,1.48
1,HLT_DoubleJetsC100_DoubleBTagCSV_p026_DoublePFJetsC160_v3,"OnlineMonitor,BTagCSV","HIG,Analysis",12.92,+/-,1.01,13.07,+/-,1.43,12.76,+/-,1.42
1,HLT_Dimuon8_Upsilon_Barrel_v5,"OnlineMonitor,MuOnia",BPH,12.84,+/-,1.01,14.33,+/-,1.50,11.34,+/-,1.34
1,HLT_Ele23_Ele12_CaloIdL_TrackIdL_IsoVL_DZ_v8,"OnlineMonitor,ExpressPhysics,HLTMonitor,DoubleEG",HIG,12.76,+/-,1.00,15.12,+/-,1.54,10.40,+/-,1.28
1,HLT_MonoCentralPFJet80_PFMETNoMu110_PFMHTNoMu110_IDTight_v5,"OnlineMonitor,MET",EXO,12.68,+/-,1.00,11.66,+/-,1.35,13.70,+/-,1.47
1,HLT_IsoMu19_eta2p1_LooseIsoPFTau20_SingleL1_v3,"OnlineMonitor,SingleMuon","TAU,HIG",12.60,+/-,1.00,13.86,+/-,1.48,11.34,+/-,1.34
1,HLT_DoubleJetsC112_DoubleBTagCSV_p014_DoublePFJetsC112MaxDeta1p6_v3,"OnlineMonitor,BTagCSV","HIG,Analysis",12.60,+/-,1.00,11.34,+/-,1.34,13.86,+/-,1.48
1,HLT_PFHT650_WideJetMJJ900DEtaJJ1p5_v6,"OnlineMonitor,JetHT",EXO,11.66,+/-,0.96,11.66,+/-,1.35,11.66,+/-,1.35
1,HLT_DoubleEle33_CaloIdL_MW_v7,"OnlineMonitor,DoubleEG",EXO,11.58,+/-,0.95,13.23,+/-,1.44,9.92,+/-,1.25
1,HLT_Photon42_R9Id85_OR_CaloId24b40e_Iso50T80L_Photon25_AND_HE10_R9Id65_Eta2_Mass15_v7,"OnlineMonitor,DoubleEG",EXO long,11.50,+/-,0.95,13.39,+/-,1.45,9.61,+/-,1.23
1,HLT_RsqMR270_Rsq0p09_MR200_v4,"OnlineMonitor,HTMHT",SUS,11.42,+/-,0.95,11.18,+/-,1.33,11.66,+/-,1.35
1,HLT_PFJet450_v7,"OnlineMonitor,JetHT","SMP,B2G,BTV",11.42,+/-,0.95,11.50,+/-,1.35,11.34,+/-,1.34
1,HLT_AK8PFJet360_TrimMass30_v5,"OnlineMonitor,JetHT",B2G,11.34,+/-,0.95,10.24,+/-,1.27,12.44,+/-,1.40
1,HLT_LooseIsoPFTau50_Trk30_eta2p1_MET90_v3,"OnlineMonitor,Tau",null,11.34,+/-,0.95,11.03,+/-,1.32,11.66,+/-,1.35
1,HLT_PFMET170_HBHECleaned_v6,"OnlineMonitor,EventDisplay,MET",JME,11.10,+/-,0.94,11.03,+/-,1.32,11.18,+/-,1.33
1,HLT_Photon165_HE10_v7,"OnlineMonitor,SinglePhoton",EGM,10.95,+/-,0.93,12.29,+/-,1.39,9.61,+/-,1.23
1,HLT_Mu17_Mu8_SameSign_v3,"OnlineMonitor,DoubleMuon",null,10.79,+/-,0.92,12.13,+/-,1.38,9.45,+/-,1.22
1,HLT_IsoMu21_eta2p1_LooseIsoPFTau20_SingleL1_v3,"OnlineMonitor,SingleMuon","TAU,HIG",10.71,+/-,0.92,11.50,+/-,1.35,9.92,+/-,1.25
1,HLT_Photon175_v7,"OnlineMonitor,SinglePhoton",EGM,10.71,+/-,0.92,11.18,+/-,1.33,10.24,+/-,1.27
1,HLT_Ele36_eta2p1_WPLoose_Gsf_LooseIsoPFTau20_SingleL1_v1,"OnlineMonitor,SingleElectron","Tau,HIG,EXO",10.55,+/-,0.91,10.55,+/-,1.29,10.55,+/-,1.29
1,HLT_DoubleJetsC112_DoubleBTagCSV_p026_DoublePFJetsC172_v3,"OnlineMonitor,BTagCSV","HIG,Analysis",10.47,+/-,0.91,10.55,+/-,1.29,10.40,+/-,1.28
1,HLT_Dimuon0_Upsilon_Muon_v4,"OnlineMonitor,MuOnia",BPH,10.47,+/-,0.91,11.18,+/-,1.33,9.77,+/-,1.24
1,HLT_CaloMHTNoPU90_PFMET90_PFMHT90_IDTight_BTagCSV_p067_v4,"OnlineMonitor,MET","HIG,Hbb",9.84,+/-,0.88,10.24,+/-,1.27,9.45,+/-,1.22
1,HLT_DoubleEle33_CaloIdL_GsfTrkIdVL_MW_v9,"OnlineMonitor,EventDisplay,DoubleEG",EXO,9.84,+/-,0.88,11.81,+/-,1.36,7.88,+/-,1.11
1,HLT_Ele20_eta2p1_WPLoose_Gsf_LooseIsoPFTau28_v1,"OnlineMonitor,SingleElectron","Tau,HIG,EXO",9.69,+/-,0.87,10.08,+/-,1.26,9.29,+/-,1.21
1,HLT_Ele27_eta2p1_WPLoose_Gsf_HT200_v7,"OnlineMonitor,SingleElectron",ttH,9.69,+/-,0.87,9.45,+/-,1.22,9.92,+/-,1.25
1,HLT_IsoMu19_eta2p1_LooseIsoPFTau20_v3,"OnlineMonitor,SingleMuon","TAU,HIG",9.69,+/-,0.87,9.77,+/-,1.24,9.61,+/-,1.23
150,HLT_ZeroBias_v4,"OnlineMonitor,ExpressPhysics,ZeroBias",null,9.65,+/-,0.07,10.03,+/-,0.10,9.27,+/-,0.10
1,HLT_PFMETNoMu120_PFMHTNoMu120_IDTight_v5,"OnlineMonitor,MET",EXO,9.61,+/-,0.87,8.35,+/-,1.15,10.87,+/-,1.31
1,HLT_Mu38NoFiltersNoVtx_DisplacedJet60_Loose_v3,"OnlineMonitor,SingleMuon",EXO,9.53,+/-,0.87,10.71,+/-,1.30,8.35,+/-,1.15
1,HLT_DoubleMu4_3_Bs_v5,"OnlineMonitor,Charmonium",null,9.37,+/-,0.86,11.18,+/-,1.33,7.56,+/-,1.09
1,HLT_PFHT650_WideJetMJJ950DEtaJJ1p5_v6,"OnlineMonitor,JetHT",EXO,9.37,+/-,0.86,9.14,+/-,1.20,9.61,+/-,1.23
1,HLT_QuadPFJet_BTagCSV_p016_VBF_Mqq500_v3,"OnlineMonitor,HLTMonitor,BTagCSV","HIG,Hbb",9.21,+/-,0.85,9.14,+/-,1.20,9.29,+/-,1.21
1,HLT_PFMET170_HBHE_BeamHaloCleaned_v2,"OnlineMonitor,MET",JME,9.06,+/-,0.84,9.77,+/-,1.24,8.35,+/-,1.15
1,HLT_ZeroBias_FirstCollisionAfterAbortGap_v3,"OnlineMonitor,ExpressPhysics,ZeroBias",null,8.82,+/-,0.83,10.24,+/-,1.27,7.40,+/-,1.08
1,HLT_Mu17_Photon30_CaloIdL_L1ISO_v7,"OnlineMonitor,MuonEG",HIG,8.74,+/-,0.83,9.14,+/-,1.20,8.35,+/-,1.15
1,HLT_Mu12_TrkIsoVVL_Ele23_CaloIdL_TrackIdL_IsoVL_v1,"OnlineMonitor,MuonEG",HIG,8.74,+/-,0.83,8.98,+/-,1.19,8.51,+/-,1.16
1,HLT_PFHT300_PFMET110_v4,"OnlineMonitor,HTMHT","SUS,EXO",8.58,+/-,0.82,8.51,+/-,1.16,8.66,+/-,1.17
1,HLT_AK8PFJet500_v3,"OnlineMonitor,JetHT",SMP,8.58,+/-,0.82,8.82,+/-,1.18,8.35,+/-,1.15
1,HLT_Ele22_eta2p1_WPLoose_Gsf_LooseIsoPFTau29_v1,"OnlineMonitor,SingleElectron","Tau,HIG,EXO",8.51,+/-,0.82,8.82,+/-,1.18,8.19,+/-,1.14
1,HLT_Mu40_TkMu11_v3,"OnlineMonitor,EventDisplay,DoubleMuon",EXO,8.51,+/-,0.82,9.14,+/-,1.20,7.88,+/-,1.11
1,HLT_MonoCentralPFJet80_PFMETNoMu120_PFMHTNoMu120_IDTight_v5,"OnlineMonitor,MET",EXO,8.43,+/-,0.81,7.09,+/-,1.06,9.77,+/-,1.24
1,HLT_CaloJet500_NoJetID_v4,"OnlineMonitor,JetHT",null,8.35,+/-,0.81,8.66,+/-,1.17,8.03,+/-,1.12
1,HLT_Ele45_CaloIdVT_GsfTrkIdT_PFJet200_PFJet50_v7,"OnlineMonitor,SingleElectron",B2G,8.27,+/-,0.81,6.93,+/-,1.04,9.61,+/-,1.23
1,HLT_PFMET120_PFMHT120_IDTight_v5,"OnlineMonitor,HLTMonitor,MET",null,8.27,+/-,0.81,6.93,+/-,1.04,9.61,+/-,1.23
1,HLT_Dimuon13_Upsilon_v4,"OnlineMonitor,MuOnia",BPH,8.19,+/-,0.80,8.51,+/-,1.16,7.88,+/-,1.11
1,HLT_Photon90_CaloIdL_PFHT600_v6,"OnlineMonitor,SinglePhoton","SUS,EXO",8.11,+/-,0.80,8.66,+/-,1.17,7.56,+/-,1.09
1,HLT_PFMETTypeOne190_HBHE_BeamHaloCleaned_v2,"OnlineMonitor,MET",JME,8.11,+/-,0.80,8.35,+/-,1.15,7.88,+/-,1.11
1,HLT_DoubleMu3_PFMET50_v3,"OnlineMonitor,MET",SUS,8.03,+/-,0.80,8.03,+/-,1.12,8.03,+/-,1.12
1,HLT_Mu17_Photon35_CaloIdL_L1ISO_v7,"OnlineMonitor,MuonEG",EXO,7.72,+/-,0.78,8.35,+/-,1.15,7.09,+/-,1.06
1,HLT_L2Mu35_NoVertex_3Sta_NoBPTX3BX_v2,"OnlineMonitor,NoBPTX",EXO,7.56,+/-,0.77,8.66,+/-,1.17,6.46,+/-,1.01
1,HLT_Mu23_TrkIsoVVL_Ele8_CaloIdL_TrackIdL_IsoVL_v5,"OnlineMonitor,MuonEG",,7.56,+/-,0.77,8.35,+/-,1.15,6.77,+/-,1.03
1,HLT_MET200_v3,"OnlineMonitor,MET",Exotica,7.48,+/-,0.77,7.25,+/-,1.07,7.72,+/-,1.10
1,HLT_DoublePhoton60_v6,"OnlineMonitor,DoubleEG",null,7.40,+/-,0.76,8.03,+/-,1.12,6.77,+/-,1.03
1,HLT_PFHT300_DiPFJetAve90_PFAlphaT0p54_v5,"OnlineMonitor,HTMHT",SUS,7.25,+/-,0.76,6.46,+/-,1.01,8.03,+/-,1.12
1,HLT_Mu15_IsoVVVL_PFHT400_v3,"OnlineMonitor,SingleMuon",SUS,7.17,+/-,0.75,7.88,+/-,1.11,6.46,+/-,1.01
1,HLT_Ele24_eta2p1_WPLoose_Gsf_LooseIsoPFTau30_v2,"OnlineMonitor,SingleElectron",null,7.01,+/-,0.74,7.40,+/-,1.08,6.62,+/-,1.02
1,HLT_L2Mu40_NoVertex_3Sta_NoBPTX3BX_v2,"OnlineMonitor,NoBPTX",EXO,7.01,+/-,0.74,7.88,+/-,1.11,6.14,+/-,0.98
1,HLT_Ele15_IsoVVVL_PFHT400_v4,"OnlineMonitor,SingleElectron",SUS,6.62,+/-,0.72,6.77,+/-,1.03,6.46,+/-,1.01
1,HLT_Mu17_Mu8_SameSign_DZ_v3,"OnlineMonitor,DoubleMuon",null,6.54,+/-,0.72,7.56,+/-,1.09,5.51,+/-,0.93
1,HLT_PFJet500_v7,"OnlineMonitor,EventDisplay,JetHT","SMP,B2G,BTV",6.54,+/-,0.72,6.62,+/-,1.02,6.46,+/-,1.01
1,HLT_DoubleIsoMu17_eta2p1_noDzCut_v2,"OnlineMonitor,SingleMuon",null,6.54,+/-,0.72,7.40,+/-,1.08,5.67,+/-,0.95
1,HLT_PFHT250_DiPFJetAve90_PFAlphaT0p58_v5,"OnlineMonitor,HTMHT",SUS,6.38,+/-,0.71,5.83,+/-,0.96,6.93,+/-,1.04
1,HLT_DiCentralPFJet330_CFMax0p5_v3,"OnlineMonitor,JetHT",EXO,6.38,+/-,0.71,5.51,+/-,0.93,7.25,+/-,1.07
1,HLT_HT350_DisplacedDijet40_DisplacedTrack_v4,"OnlineMonitor,DisplacedJet",EXO,6.06,+/-,0.69,6.14,+/-,0.98,5.99,+/-,0.97
1,HLT_Mu8_Ele8_CaloIdM_TrackIdM_Mass8_PFHT300_v8,"OnlineMonitor,MuonEG",null,6.06,+/-,0.69,6.62,+/-,1.02,5.51,+/-,0.93
1,HLT_BTagMu_AK8Jet300_Mu5_v2,"OnlineMonitor,BTagMu",BTV,5.99,+/-,0.69,7.09,+/-,1.06,4.88,+/-,0.88
1,HLT_Ele27_WPLoose_Gsf_WHbbBoost_v7,"OnlineMonitor,SingleElectron",null,5.91,+/-,0.68,6.14,+/-,0.98,5.67,+/-,0.95
1,HLT_DoubleIsoMu17_eta2p1_v4,"OnlineMonitor,SingleMuon","TAU,HIG",5.75,+/-,0.67,7.09,+/-,1.06,4.41,+/-,0.83
1,HLT_PFHT350_DiPFJetAve90_PFAlphaT0p53_v5,"OnlineMonitor,HTMHT",SUS,5.67,+/-,0.67,4.41,+/-,0.83,6.93,+/-,1.04
1,HLT_DoubleMu33NoFiltersNoVtx_v3,"OnlineMonitor,DoubleMuon",EXO,5.51,+/-,0.66,5.04,+/-,0.89,5.99,+/-,0.97
1,HLT_Photon250_NoHE_v6,"OnlineMonitor,SinglePhoton",HIG,5.51,+/-,0.66,5.67,+/-,0.95,5.36,+/-,0.92
1,HLT_Mu23_TrkIsoVVL_Ele12_CaloIdL_TrackIdL_IsoVL_v7,"OnlineMonitor,MuonEG",HIG,5.43,+/-,0.65,6.30,+/-,1.00,4.57,+/-,0.85
1,HLT_VBF_DisplacedJet40_DisplacedTrack_2TrackIP2DSig5_v3,"OnlineMonitor,DisplacedJet",EXO,5.36,+/-,0.65,5.99,+/-,0.97,4.73,+/-,0.86
4,HLT_BTagMu_DiJet170_Mu5_v2,"OnlineMonitor,BTagMu",BTV,5.28,+/-,0.32,5.36,+/-,0.46,5.20,+/-,0.45
1,HLT_Mu8_TrkIsoVVL_Ele23_CaloIdL_TrackIdL_IsoVL_DZ_v1,"OnlineMonitor,MuonEG",HIG,5.20,+/-,0.64,4.88,+/-,0.88,5.51,+/-,0.93
1,HLT_DiCentralPFJet430_v3,"OnlineMonitor,JetHT",EXO,4.80,+/-,0.62,4.73,+/-,0.86,4.88,+/-,0.88
1,HLT_Mu6_PFHT200_PFMET100_v3,"OnlineMonitor,MET",JME,4.73,+/-,0.61,4.25,+/-,0.82,5.20,+/-,0.90
1,HLT_Mu20_Mu10_SameSign_v2,"OnlineMonitor,DoubleMuon",HIG,4.65,+/-,0.60,5.36,+/-,0.92,3.94,+/-,0.79
7,HLT_DoubleMu4_3_Jpsi_Displaced_v5,"OnlineMonitor,Charmonium",BPH,4.48,+/-,0.22,4.57,+/-,0.32,4.39,+/-,0.31
1,HLT_DoubleEle8_CaloIdM_TrackIdM_Mass8_PFHT300_v8,"OnlineMonitor,DoubleEG",null,4.33,+/-,0.58,4.10,+/-,0.80,4.57,+/-,0.85
1,HLT_LooseIsoPFTau50_Trk30_eta2p1_MET110_v3,"OnlineMonitor,Tau",null,4.33,+/-,0.58,3.47,+/-,0.74,5.20,+/-,0.90
1,HLT_VBF_DisplacedJet40_DisplacedTrack_v3,"OnlineMonitor,DisplacedJet",EXO,4.33,+/-,0.58,4.73,+/-,0.86,3.94,+/-,0.79
1,HLT_Diphoton30_18_R9Id_OR_IsoCaloId_AND_HE_R9Id_DoublePixelSeedMatch_Mass70_v6,"OnlineMonitor,DoubleEG",null,4.33,+/-,0.58,5.36,+/-,0.92,3.31,+/-,0.72
1,HLT_Mu38NoFiltersNoVtxDisplaced_DisplacedJet60_Loose_v3,"OnlineMonitor,SingleMuon",EXO,4.25,+/-,0.58,4.73,+/-,0.86,3.78,+/-,0.77
1,HLT_BTagMu_Jet300_Mu5_v3,"OnlineMonitor,BTagMu",BTV,4.17,+/-,0.57,4.57,+/-,0.85,3.78,+/-,0.77
1,HLT_IsoMu21_eta2p1_LooseIsoPFTau50_Trk30_eta2p1_SingleL1_v2,"OnlineMonitor,SingleMuon","HIG,TAU,EXO",4.10,+/-,0.57,4.25,+/-,0.82,3.94,+/-,0.79
1,HLT_L2DoubleMu28_NoVertex_2Cha_Angle2p5_Mass10_v4,"OnlineMonitor,DoubleMuon",EXO,4.10,+/-,0.57,3.62,+/-,0.76,4.57,+/-,0.85
1,HLT_BTagMu_DiJet40_Mu5_v3,"OnlineMonitor,BTagMu",BTV,4.02,+/-,0.56,3.78,+/-,0.77,4.25,+/-,0.82
1,HLT_Mu28NoFiltersNoVtxDisplaced_Photon28_CaloIdL_v5,"OnlineMonitor,MuonEG",EXO,3.86,+/-,0.55,4.25,+/-,0.82,3.47,+/-,0.74
1,HLT_BTagMu_DiJet110_Mu5_v3,"OnlineMonitor,BTagMu",BTV,3.86,+/-,0.55,3.94,+/-,0.79,3.78,+/-,0.77
1,HLT_Ele50_IsoVVVL_PFHT400_v4,"OnlineMonitor,SingleElectron",SUS,3.86,+/-,0.55,4.25,+/-,0.82,3.47,+/-,0.74
5,HLT_BTagMu_DiJet70_Mu5_v3,"OnlineMonitor,BTagMu",BTV,3.78,+/-,0.24,4.00,+/-,0.36,3.56,+/-,0.33
1,HLT_Mu25_TkMu0_dEta18_Onia_v4,"OnlineMonitor,MuOnia",BPH,3.62,+/-,0.53,4.41,+/-,0.83,2.84,+/-,0.67
1,HLT_Mu30_Ele30_CaloIdL_GsfTrkIdVL_v6,"OnlineMonitor,EventDisplay,MuonEG",EXO,3.62,+/-,0.53,3.78,+/-,0.77,3.47,+/-,0.74
1,HLT_Dimuon13_PsiPrime_v4,"OnlineMonitor,Charmonium",BPH,3.62,+/-,0.53,3.47,+/-,0.74,3.78,+/-,0.77
1,HLT_PFHT400_DiPFJetAve90_PFAlphaT0p52_v5,"OnlineMonitor,HTMHT",SUS,3.54,+/-,0.53,2.99,+/-,0.69,4.10,+/-,0.80
2,HLT_DiPFJetAve220_HFJEC_v7,"OnlineMonitor,JetHT","FSQ,JME",3.47,+/-,0.37,3.39,+/-,0.52,3.54,+/-,0.53
1,HLT_MET250_v3,"OnlineMonitor,MET",PPD,3.39,+/-,0.52,3.31,+/-,0.72,3.47,+/-,0.74
14,HLT_Ele23_Ele12_CaloIdL_TrackIdL_IsoVL_v8,"OnlineMonitor,DoubleEG",HIG,3.38,+/-,0.14,3.72,+/-,0.20,3.04,+/-,0.18
1,HLT_DoubleMu8_Mass8_PFHT300_v7,"OnlineMonitor,DoubleMuon",null,3.31,+/-,0.51,3.78,+/-,0.77,2.84,+/-,0.67
6,HLT_BTagMu_DiJet20_Mu5_v3,"OnlineMonitor,BTagMu",BTV,3.26,+/-,0.21,3.44,+/-,0.30,3.07,+/-,0.28
1,HLT_Mu40_eta2p1_PFJet200_PFJet50_v5,"OnlineMonitor,SingleMuon",B2G,3.15,+/-,0.50,2.84,+/-,0.67,3.47,+/-,0.74
1,HLT_Mu27_Ele37_CaloIdL_GsfTrkIdVL_v4,"OnlineMonitor,MuonEG",null,3.07,+/-,0.49,3.47,+/-,0.74,2.68,+/-,0.65
1,HLT_DoubleMu38NoFiltersNoVtx_v3,"OnlineMonitor,DoubleMuon",EXO,3.07,+/-,0.49,3.15,+/-,0.70,2.99,+/-,0.69
1,HLT_VBF_DisplacedJet40_VTightID_Hadronic_v3,"OnlineMonitor,DisplacedJet",EXO,3.07,+/-,0.49,3.47,+/-,0.74,2.68,+/-,0.65
52,HLT_PFHT600_v6,"OnlineMonitor,JetHT",SUS,2.99,+/-,0.07,3.16,+/-,0.10,2.82,+/-,0.09
1,HLT_LooseIsoPFTau50_Trk30_eta2p1_MET120_v3,"OnlineMonitor,Tau","HIG,TAU,EXO",2.91,+/-,0.48,2.36,+/-,0.61,3.47,+/-,0.74
1,HLT_RsqMR270_Rsq0p09_MR200_4jet_v4,"OnlineMonitor,HTMHT",SUS,2.91,+/-,0.48,2.52,+/-,0.63,3.31,+/-,0.72
1,HLT_DoubleEle24_22_eta2p1_WPLoose_Gsf_v7,"OnlineMonitor,DoubleEG","TAU,HIG",2.84,+/-,0.47,3.31,+/-,0.72,2.36,+/-,0.61
1,HLT_DoubleMu4_PsiPrimeTrk_Displaced_v5,"OnlineMonitor,Charmonium",BPH,2.84,+/-,0.47,3.31,+/-,0.72,2.36,+/-,0.61
80,HLT_AK8PFJet40_v3,"OnlineMonitor,JetHT",SMP,2.69,+/-,0.05,2.82,+/-,0.07,2.56,+/-,0.07
1,HLT_Ele27_HighEta_Ele20_Mass55_v6,"OnlineMonitor,DoubleEG",ECAL DPG,2.68,+/-,0.46,2.52,+/-,0.63,2.84,+/-,0.67
1,HLT_DiPFJetAve60_HFJEC_v6,"OnlineMonitor,JetHT","FSQ,JME",2.68,+/-,0.46,2.68,+/-,0.65,2.68,+/-,0.65
1,HLT_Mu12_TrkIsoVVL_Ele23_CaloIdL_TrackIdL_IsoVL_DZ_v1,"OnlineMonitor,MuonEG",HIG,2.68,+/-,0.46,2.68,+/-,0.65,2.68,+/-,0.65
1,HLT_Ele15_IsoVVVL_PFHT400_PFMET50_v4,"OnlineMonitor,SingleElectron",SUS,2.60,+/-,0.45,2.36,+/-,0.61,2.84,+/-,0.67
1,HLT_Mu20_Mu10_SameSign_DZ_v3,"OnlineMonitor,DoubleMuon",HIG,2.60,+/-,0.45,3.15,+/-,0.70,2.05,+/-,0.57
34,HLT_TripleMu_5_3_3_v2,"OnlineMonitor,DoubleMuon",SUS,2.54,+/-,0.08,2.71,+/-,0.11,2.37,+/-,0.10
40,HLT_AK8PFJet320_v3,"OnlineMonitor,JetHT",SMP,2.54,+/-,0.07,2.66,+/-,0.10,2.41,+/-,0.10
1,HLT_DiMu9_Ele9_CaloIdL_TrackIdL_v6,"OnlineMonitor,MuonEG",HIG,2.52,+/-,0.45,2.21,+/-,0.59,2.84,+/-,0.67
16,HLT_PFJet40_v7,"OnlineMonitor,JetHT","SMP,BTV",2.52,+/-,0.11,2.63,+/-,0.16,2.41,+/-,0.15
1,HLT_DiCentralPFJet170_CFMax0p1_v3,"OnlineMonitor,JetHT",EXO,2.44,+/-,0.44,2.36,+/-,0.61,2.52,+/-,0.63
119,HLT_AK8PFJet260_v3,"OnlineMonitor,JetHT",SMP,2.37,+/-,0.04,2.50,+/-,0.06,2.24,+/-,0.05
1,HLT_Mu38NoFiltersNoVtxDisplaced_DisplacedJet60_Tight_v3,"OnlineMonitor,SingleMuon",EXO,2.36,+/-,0.43,2.36,+/-,0.61,2.36,+/-,0.61
1,HLT_Mu33_Ele33_CaloIdL_GsfTrkIdVL_v1,"OnlineMonitor,MuonEG",EXO,2.36,+/-,0.43,2.21,+/-,0.59,2.52,+/-,0.63
1,HLT_Mu38NoFiltersNoVtx_Photon38_CaloIdL_v5,"OnlineMonitor,MuonEG",EXO,2.36,+/-,0.43,2.36,+/-,0.61,2.36,+/-,0.61
1,HLT_Mu50_IsoVVVL_PFHT400_v3,"OnlineMonitor,SingleMuon",SUS,2.36,+/-,0.43,2.52,+/-,0.63,2.21,+/-,0.59
1,HLT_VBF_DisplacedJet40_VVTightID_Hadronic_v3,"OnlineMonitor,DisplacedJet",EXO,2.36,+/-,0.43,2.36,+/-,0.61,2.36,+/-,0.61
1,HLT_L2DoubleMu38_NoVertex_2Cha_Angle2p5_Mass10_v4,"OnlineMonitor,DoubleMuon",EXO,2.28,+/-,0.42,2.21,+/-,0.59,2.36,+/-,0.61
1,HLT_PFMET120_Mu5_v4,"OnlineMonitor,HLTMonitor,MET",JME,2.28,+/-,0.42,1.73,+/-,0.52,2.84,+/-,0.67
416,HLT_PFHT400_v5,"OnlineMonitor,JetHT",SUS,2.21,+/-,0.02,2.31,+/-,0.03,2.12,+/-,0.03
1,HLT_Ele27_eta2p1_WPLoose_Gsf_DoubleMediumIsoPFTau35_Trk1_eta2p1_Reg_v7,"OnlineMonitor,SingleElectron","TAU,HIG,EXO",2.21,+/-,0.42,2.21,+/-,0.59,2.21,+/-,0.59
5,HLT_IsoTrackHB_v2,"OnlineMonitor,Commissioning",null,2.16,+/-,0.18,2.11,+/-,0.26,2.21,+/-,0.26
14,HLT_AK8PFJet400_v3,"OnlineMonitor,JetHT",SMP,2.14,+/-,0.11,2.24,+/-,0.16,2.04,+/-,0.15
1,HLT_Photon300_NoHE_v6,"OnlineMonitor,SinglePhoton",HIG,2.13,+/-,0.41,2.21,+/-,0.59,2.05,+/-,0.57
208,HLT_PFHT475_v5,"OnlineMonitor,JetHT",SUS,2.12,+/-,0.03,2.24,+/-,0.04,2.01,+/-,0.04
68,HLT_QuadJet45_DoubleBTagCSV_p087_v4,"OnlineMonitor,BTagCSV","HIG,Hbb",2.07,+/-,0.05,2.21,+/-,0.07,1.93,+/-,0.07
1,HLT_DoublePhoton85_v7,"OnlineMonitor,EventDisplay,DoubleEG","EGM,EXO",2.05,+/-,0.40,1.89,+/-,0.55,2.21,+/-,0.59
1,HLT_TripleMu_12_10_5_v3,"OnlineMonitor,DoubleMuon",HIG,2.05,+/-,0.40,2.21,+/-,0.59,1.89,+/-,0.55
1,HLT_Mu33NoFiltersNoVtxDisplaced_Photon33_CaloIdL_v5,"OnlineMonitor,MuonEG",EXO,2.05,+/-,0.40,2.36,+/-,0.61,1.73,+/-,0.52
1,HLT_MET75_IsoTrk50_v4,"OnlineMonitor,MET",EXO,2.05,+/-,0.40,2.05,+/-,0.57,2.05,+/-,0.57
1,HLT_PFHT125_v3,"OnlineMonitor,JetHT",SUS,2.05,+/-,0.40,2.36,+/-,0.61,1.73,+/-,0.52
1,HLT_Ele27_eta2p1_WPLoose_Gsf_DoubleMediumIsoPFTau40_Trk1_eta2p1_Reg_v8,"OnlineMonitor,SingleElectron","TAU,HIG,EXO",2.05,+/-,0.40,2.05,+/-,0.57,2.05,+/-,0.57
20,HLT_DiPFJetAve320_v6,"OnlineMonitor,JetHT",JME,1.97,+/-,0.09,2.04,+/-,0.13,1.91,+/-,0.12
1,HLT_Ele8_CaloIdL_TrackIdL_IsoVL_PFJet30_v5,"OnlineMonitor,DoubleEG",SUS,1.97,+/-,0.39,2.05,+/-,0.57,1.89,+/-,0.55
1,HLT_Mu8_DiEle12_CaloIdL_TrackIdL_v6,"OnlineMonitor,MuonEG",HIG,1.97,+/-,0.39,2.05,+/-,0.57,1.89,+/-,0.55
1,HLT_MET300_v3,"OnlineMonitor,MET",PPD,1.97,+/-,0.39,2.21,+/-,0.59,1.73,+/-,0.52
1,HLT_Ele16_Ele12_Ele8_CaloIdL_TrackIdL_v7,"OnlineMonitor,DoubleEG",HIG,1.97,+/-,0.39,1.89,+/-,0.55,2.05,+/-,0.57
1,HLT_Mu23_TrkIsoVVL_Ele12_CaloIdL_TrackIdL_IsoVL_DZ_v1,"OnlineMonitor,MuonEG",HIG,1.97,+/-,0.39,2.21,+/-,0.59,1.73,+/-,0.52
2,HLT_DiPFJetAve500_v6,"OnlineMonitor,JetHT",JME,1.93,+/-,0.28,1.89,+/-,0.39,1.97,+/-,0.39
832,HLT_PFHT350_v6,"OnlineMonitor,HLTMonitor,JetHT",SUS,1.90,+/-,0.01,1.99,+/-,0.02,1.80,+/-,0.02
1,HLT_Rsq0p25_v4,"OnlineMonitor,HTMHT",SUS,1.89,+/-,0.39,1.73,+/-,0.52,2.05,+/-,0.57
2,HLT_Ele12_CaloIdM_TrackIdM_PFJet30_v7,"OnlineMonitor,DoubleEG",SUS,1.85,+/-,0.27,1.89,+/-,0.39,1.81,+/-,0.38
40,HLT_PFJet320_v7,"OnlineMonitor,JetHT","SMP,BTV",1.85,+/-,0.06,1.97,+/-,0.09,1.72,+/-,0.08
3,HLT_Ele12_CaloIdL_TrackIdL_IsoVL_PFJet30_v7,"OnlineMonitor,DoubleEG",SUS,1.84,+/-,0.22,1.94,+/-,0.32,1.73,+/-,0.30
1,HLT_Mu42NoFiltersNoVtx_Photon42_CaloIdL_v5,"OnlineMonitor,MuonEG",EXO,1.81,+/-,0.38,2.05,+/-,0.57,1.58,+/-,0.50
5,HLT_Ele17_CaloIdL_GsfTrkIdVL_v5,"OnlineMonitor,DoubleEG",null,1.78,+/-,0.17,2.11,+/-,0.26,1.45,+/-,0.21
2,HLT_DiPFJetAve60_v6,"OnlineMonitor,JetHT",JME,1.77,+/-,0.26,1.97,+/-,0.39,1.58,+/-,0.35
3,HLT_Mu17_v3,"OnlineMonitor,DoubleMuon",SUS,1.76,+/-,0.21,2.10,+/-,0.33,1.42,+/-,0.27
1,HLT_Photon165_R9Id90_HE10_IsoM_v8,"OnlineMonitor,SinglePhoton",SMP,1.73,+/-,0.37,2.05,+/-,0.57,1.42,+/-,0.47
119,HLT_PFJet260_v7,"OnlineMonitor,JetHT","JetMET,SMP,BTV",1.73,+/-,0.03,1.81,+/-,0.05,1.65,+/-,0.05
7,HLT_DiPFJetAve400_v6,"OnlineMonitor,JetHT",JME,1.67,+/-,0.14,1.60,+/-,0.19,1.73,+/-,0.20
56,HLT_AK8PFJet60_v2,"OnlineMonitor,JetHT",SMP,1.63,+/-,0.05,1.64,+/-,0.07,1.61,+/-,0.07
1,HLT_Photon36_R9Id90_HE10_IsoM_v7,"OnlineMonitor,SinglePhoton","SMP,SUS",1.58,+/-,0.35,1.89,+/-,0.55,1.26,+/-,0.45
1,HLT_PFMET300_v4,"OnlineMonitor,MET",PPD,1.58,+/-,0.35,1.42,+/-,0.47,1.73,+/-,0.52
1,HLT_HT350_DisplacedDijet80_DisplacedTrack_v4,"OnlineMonitor,DisplacedJet",EXO,1.58,+/-,0.35,2.05,+/-,0.57,1.10,+/-,0.42
1,HLT_Mu10_CentralPFJet30_BTagCSV_p13_v3,"OnlineMonitor,DoubleMuon",null,1.58,+/-,0.35,1.26,+/-,0.45,1.89,+/-,0.55
1,HLT_Ele15_IsoVVVL_PFHT600_v7,"OnlineMonitor,SingleElectron",SUS,1.58,+/-,0.35,1.89,+/-,0.55,1.26,+/-,0.45
1,HLT_Mu3_PFJet40_v4,"OnlineMonitor,DoubleMuon",null,1.58,+/-,0.35,1.42,+/-,0.47,1.73,+/-,0.52
1,HLT_Ele23_CaloIdL_TrackIdL_IsoVL_PFJet30_v7,"OnlineMonitor,DoubleEG",SUS,1.58,+/-,0.35,1.58,+/-,0.50,1.58,+/-,0.50
1,HLT_Mu7p5_L2Mu2_Upsilon_v3,"OnlineMonitor,MuOnia",BPH,1.58,+/-,0.35,2.21,+/-,0.59,0.95,+/-,0.39
1,HLT_Ele45_WPLoose_Gsf_L1JetTauSeeded_v3,"OnlineMonitor,SingleElectron",EGM,1.58,+/-,0.35,1.89,+/-,0.55,1.26,+/-,0.45
14,HLT_PFJet400_v7,"OnlineMonitor,JetHT","SMP,B2G,BTV",1.56,+/-,0.09,1.54,+/-,0.13,1.58,+/-,0.13
6,HLT_Photon50_R9Id90_HE10_Iso40_EBOnly_VBF_v6,"OnlineMonitor,SinglePhoton",HIG,1.55,+/-,0.14,1.73,+/-,0.21,1.37,+/-,0.19
1664,HLT_PFHT300_v5,"OnlineMonitor,JetHT",SUS,1.52,+/-,0.01,1.59,+/-,0.01,1.44,+/-,0.01
1,HLT_DoubleMu23NoFiltersNoVtxDisplaced_v3,"OnlineMonitor,DoubleMuon",EXO,1.50,+/-,0.34,1.26,+/-,0.45,1.73,+/-,0.52
2,HLT_Photon30_R9Id90_HE10_IsoM_v7,"OnlineMonitor,SinglePhoton","SMP,SUS",1.50,+/-,0.24,1.65,+/-,0.36,1.34,+/-,0.32
1,HLT_Mu15_IsoVVVL_PFHT400_PFMET50_v3,"OnlineMonitor,SingleMuon",SUS,1.50,+/-,0.34,1.42,+/-,0.47,1.58,+/-,0.50
1,HLT_Photon135_PFMET100_v6,"OnlineMonitor,SinglePhoton",EXO,1.50,+/-,0.34,0.95,+/-,0.39,2.05,+/-,0.57
1,HLT_TrkMu15_DoubleTrkMu5NoFiltersNoVtx_v4,"OnlineMonitor,DoubleMuon","EXO,PAG",1.50,+/-,0.34,1.73,+/-,0.52,1.26,+/-,0.45
1,HLT_Ele17_CaloIdM_TrackIdM_PFJet30_v5,"OnlineMonitor,DoubleEG",SUS,1.42,+/-,0.33,1.26,+/-,0.45,1.58,+/-,0.50
1,HLT_Photon120_R9Id90_HE10_Iso40_EBOnly_PFMET40_v7,"OnlineMonitor,SinglePhoton",HIG,1.42,+/-,0.33,1.89,+/-,0.55,0.95,+/-,0.39
1,HLT_Ele8_CaloIdM_TrackIdM_PFJet30_v7,"OnlineMonitor,DoubleEG",SUS,1.42,+/-,0.33,0.63,+/-,0.32,2.21,+/-,0.59
1,HLT_Mu37_Ele27_CaloIdL_GsfTrkIdVL_v4,"OnlineMonitor,MuonEG",EXO,1.42,+/-,0.33,1.10,+/-,0.42,1.73,+/-,0.52
1,HLT_Ele10_CaloIdM_TrackIdM_CentralPFJet30_BTagCSV_p13_v5,"OnlineMonitor,DoubleEG",null,1.34,+/-,0.32,1.26,+/-,0.45,1.42,+/-,0.47
1,HLT_TrkMu17_DoubleTrkMu8NoFiltersNoVtx_v4,"OnlineMonitor,DoubleMuon","EXO,PAG",1.34,+/-,0.32,1.58,+/-,0.50,1.10,+/-,0.42
1,HLT_JetE30_NoBPTX_v3,"OnlineMonitor,NoBPTX",EXO,1.34,+/-,0.32,1.42,+/-,0.47,1.26,+/-,0.45
28,HLT_PFJet60_v7,"OnlineMonitor,JetHT","SMP,BTV",1.34,+/-,0.06,1.37,+/-,0.09,1.31,+/-,0.09
1,HLT_Mu15_IsoVVVL_PFHT600_v6,"OnlineMonitor,SingleMuon",SUS,1.34,+/-,0.32,1.26,+/-,0.45,1.42,+/-,0.47
2,HLT_Ele17_CaloIdL_TrackIdL_IsoVL_PFJet30_v5,"OnlineMonitor,DoubleEG",SUS,1.34,+/-,0.23,1.42,+/-,0.33,1.26,+/-,0.32
3,HLT_Mu17_TrkIsoVVL_v3,"OnlineMonitor,DoubleMuon","MUO,SUS",1.34,+/-,0.19,1.63,+/-,0.29,1.05,+/-,0.23
3,HLT_IsoTrackHE_v2,"OnlineMonitor,Commissioning",null,1.31,+/-,0.19,1.26,+/-,0.26,1.37,+/-,0.27
40,HLT_Ele17_Ele12_CaloIdL_TrackIdL_IsoVL_v8,"OnlineMonitor,DoubleEG",HIG,1.30,+/-,0.05,1.45,+/-,0.08,1.15,+/-,0.07
27,HLT_PFJet80_v6,"OnlineMonitor,JetHT","SMP,BTV",1.26,+/-,0.06,1.30,+/-,0.09,1.23,+/-,0.08
80,HLT_DiSC30_18_EIso_AND_HE_Mass70_v5,"OnlineMonitor,Commissioning",null,1.21,+/-,0.03,1.32,+/-,0.05,1.11,+/-,0.05
17,HLT_Photon90_R9Id90_HE10_IsoM_v7,"OnlineMonitor,SinglePhoton","SMP,SUS",1.20,+/-,0.07,1.14,+/-,0.10,1.25,+/-,0.11
2,HLT_LooseIsoPFTau50_Trk30_eta2p1_v5,"OnlineMonitor,Tau","HIG,TAU,EXO",1.18,+/-,0.22,1.18,+/-,0.31,1.18,+/-,0.31
1,HLT_PFHT200_v4,"OnlineMonitor,JetHT",SUS,1.18,+/-,0.31,1.10,+/-,0.42,1.26,+/-,0.45
54,HLT_AK8PFJet80_v2,"OnlineMonitor,JetHT",SMP,1.13,+/-,0.04,1.20,+/-,0.06,1.06,+/-,0.06
15,HLT_Ele12_CaloIdL_TrackIdL_IsoVL_v7,"OnlineMonitor,DoubleEG",HIG,1.13,+/-,0.08,1.20,+/-,0.11,1.06,+/-,0.11
34,HLT_Photon75_R9Id90_HE10_IsoM_v7,"OnlineMonitor,SinglePhoton","SMP,SUS",1.12,+/-,0.05,1.16,+/-,0.07,1.09,+/-,0.07
6,HLT_Photon120_R9Id90_HE10_IsoM_v7,"OnlineMonitor,SinglePhoton","SMP,SUS",1.12,+/-,0.12,1.13,+/-,0.17,1.10,+/-,0.17
1,HLT_Ele27_WPTight_Gsf_L1JetTauSeeded_v3,"OnlineMonitor,SingleElectron",EGM,1.10,+/-,0.29,1.26,+/-,0.45,0.95,+/-,0.39
3,HLT_Photon75_R9Id90_HE10_Iso40_EBOnly_VBF_v6,"OnlineMonitor,SinglePhoton",HIG,1.10,+/-,0.17,1.26,+/-,0.26,0.95,+/-,0.22
2,HLT_PFJet140_v6,"OnlineMonitor,JetHT","SMP,BTV",1.10,+/-,0.21,1.42,+/-,0.33,0.79,+/-,0.25
1,HLT_MET90_IsoTrk50_v4,"OnlineMonitor,MET",EXO,1.10,+/-,0.29,1.10,+/-,0.42,1.10,+/-,0.42
1,HLT_Photon22_R9Id90_HE10_IsoM_v6,"OnlineMonitor,SinglePhoton","SMP,SUS",1.10,+/-,0.29,0.95,+/-,0.39,1.26,+/-,0.45
22,HLT_PFHT450_SixJet40_v5,"OnlineMonitor,JetHT",HIG,1.07,+/-,0.06,1.18,+/-,0.09,0.96,+/-,0.08
260,HLT_Mu27_v4,"OnlineMonitor,SingleMuon",SMP,1.06,+/-,0.02,1.14,+/-,0.03,0.99,+/-,0.02
12,HLT_DoubleJetsC100_SingleBTagCSV_p014_SinglePFJetC350_v3,"OnlineMonitor,BTagCSV","HIG,Analysis",1.04,+/-,0.08,0.98,+/-,0.11,1.10,+/-,0.12
181,HLT_HT575_v3,"OnlineMonitor,DisplacedJet",EXO,1.03,+/-,0.02,1.09,+/-,0.03,0.97,+/-,0.03
6,HLT_Photon75_R9Id90_HE10_Iso40_EBOnly_PFMET40_v7,"OnlineMonitor,SinglePhoton",HIG,1.01,+/-,0.12,1.08,+/-,0.17,0.95,+/-,0.16
3,HLT_Photon90_R9Id90_HE10_Iso40_EBOnly_PFMET40_v7,"OnlineMonitor,SinglePhoton",HIG,1.00,+/-,0.16,0.84,+/-,0.21,1.16,+/-,0.25
113,HLT_DiPFJetAve260_v6,"OnlineMonitor,JetHT",JME,1.00,+/-,0.03,1.04,+/-,0.04,0.95,+/-,0.04
170,HLT_DoubleJet90_Double30_DoubleBTagCSV_p087_v3,"OnlineMonitor,BTagCSV","HIG,Hbb",1.00,+/-,0.02,1.04,+/-,0.03,0.95,+/-,0.03
40,HLT_PFHT650_4JetPt50_v4,"OnlineMonitor,JetHT",EXO,0.99,+/-,0.04,1.05,+/-,0.06,0.93,+/-,0.06
105,HLT_PFHT650_v6,"OnlineMonitor,JetHT",EXO,0.99,+/-,0.03,1.05,+/-,0.04,0.93,+/-,0.04
78,HLT_PFHT550_4JetPt50_v4,"OnlineMonitor,JetHT",EXO,0.99,+/-,0.03,1.05,+/-,0.05,0.92,+/-,0.04
100,HLT_PFHT400_SixJet30_v5,"OnlineMonitor,JetHT",HIG,0.99,+/-,0.03,1.08,+/-,0.04,0.89,+/-,0.04
260,HLT_TkMu27_v5,"OnlineMonitor,SingleMuon",SMP,0.99,+/-,0.02,1.05,+/-,0.03,0.92,+/-,0.02
4,HLT_Ele23_CaloIdL_TrackIdL_IsoVL_v7,"OnlineMonitor,DoubleEG",HIG,0.98,+/-,0.14,0.95,+/-,0.19,1.02,+/-,0.20
500,HLT_DoubleJetsC100_SingleBTagCSV_p014_v2,"OnlineMonitor,BTagCSV","HIG,Analysis",0.98,+/-,0.01,1.01,+/-,0.02,0.96,+/-,0.02
7,HLT_Mu20_v3,"OnlineMonitor,SingleMuon",SMP,0.98,+/-,0.10,1.06,+/-,0.15,0.90,+/-,0.14
700,HLT_DoubleJetsC100_SingleBTagCSV_p026_v2,"OnlineMonitor,BTagCSV","HIG,Analysis",0.97,+/-,0.01,1.00,+/-,0.01,0.94,+/-,0.01
170,HLT_Photon50_R9Id90_HE10_IsoM_v7,"OnlineMonitor,SinglePhoton","SMP,SUS",0.96,+/-,0.02,1.01,+/-,0.03,0.92,+/-,0.03
27,HLT_PFMET170_NotCleaned_v5,"OnlineMonitor,MET",JME,0.95,+/-,0.05,0.98,+/-,0.08,0.93,+/-,0.07
1,HLT_HT350_DisplacedDijet80_Tight_DisplacedTrack_v4,"OnlineMonitor,DisplacedJet",EXO,0.95,+/-,0.27,1.10,+/-,0.42,0.79,+/-,0.35
1,HLT_DiPFJetAve300_HFJEC_v7,"OnlineMonitor,JetHT","FSQ,JME",0.95,+/-,0.27,0.95,+/-,0.39,0.95,+/-,0.39
1,HLT_HT650_DisplacedDijet80_Inclusive_v4,"OnlineMonitor,DisplacedJet",EXO,0.95,+/-,0.27,0.79,+/-,0.35,1.10,+/-,0.42
1,HLT_IsoMu19_eta2p1_MediumIsoPFTau32_Trk1_eta2p1_Reg_v3,"OnlineMonitor,SingleMuon",null,0.95,+/-,0.27,0.95,+/-,0.39,0.95,+/-,0.39
390,HLT_Mu24_eta2p1_v4,"OnlineMonitor,SingleMuon","SMP,EXO",0.94,+/-,0.01,1.00,+/-,0.02,0.89,+/-,0.02
452,HLT_DiCentralPFJet170_v3,"OnlineMonitor,JetHT",EXO,0.94,+/-,0.01,0.98,+/-,0.02,0.90,+/-,0.02
8,HLT_Ele17_CaloIdL_TrackIdL_IsoVL_v6,"OnlineMonitor,DoubleEG",HIG,0.93,+/-,0.10,1.04,+/-,0.14,0.81,+/-,0.13
45,HLT_AK8DiPFJet280_200_TrimMass30_v3,"OnlineMonitor,JetHT","B2G,PAG",0.92,+/-,0.04,0.96,+/-,0.06,0.89,+/-,0.06
780,HLT_HT425_v3,"OnlineMonitor,DisplacedJet",EXO,0.91,+/-,0.01,0.96,+/-,0.01,0.87,+/-,0.01
7,HLT_TkMu20_v4,"OnlineMonitor,SingleMuon",SMP,0.91,+/-,0.10,0.92,+/-,0.14,0.90,+/-,0.14
50,HLT_Mu12_Photon25_CaloIdL_L1OR_v6,"OnlineMonitor,MuonEG","HIG,For Dalitz",0.89,+/-,0.04,0.94,+/-,0.05,0.85,+/-,0.05
390,HLT_TkMu24_eta2p1_v5,"OnlineMonitor,SingleMuon",SMP,0.87,+/-,0.01,0.93,+/-,0.02,0.81,+/-,0.02
1,HLT_Ele23_CaloIdM_TrackIdM_PFJet30_v7,"OnlineMonitor,DoubleEG",SUS,0.87,+/-,0.26,1.10,+/-,0.42,0.63,+/-,0.32
1,HLT_IsoMu21_eta2p1_MediumIsoPFTau32_Trk1_eta2p1_Reg_v3,"OnlineMonitor,SingleMuon",null,0.87,+/-,0.26,0.79,+/-,0.35,0.95,+/-,0.39
2392,HLT_HT325_v3,"OnlineMonitor,DisplacedJet",EXO,0.86,+/-,0.01,0.90,+/-,0.01,0.82,+/-,0.01
9950,HLT_L1_TripleJet_VBF_v5,"OnlineMonitor,JetHT","HIG,Hbb",0.86,+/-,0.00,0.90,+/-,0.00,0.82,+/-,0.00
27,HLT_PFMET170_BeamHaloCleaned_v4,"OnlineMonitor,MET",JME,0.85,+/-,0.05,0.90,+/-,0.07,0.81,+/-,0.07
4,HLT_AK8PFJet140_v2,"OnlineMonitor,JetHT",SMP,0.85,+/-,0.13,0.95,+/-,0.19,0.75,+/-,0.17
30,HLT_Photon50_R9Id90_HE10_Iso40_EBOnly_PFMET40_v7,"OnlineMonitor,SinglePhoton",HIG,0.84,+/-,0.05,0.87,+/-,0.07,0.81,+/-,0.07
20,HLT_DoubleJetsC100_SingleBTagCSV_p026_SinglePFJetC350_v3,"OnlineMonitor,BTagCSV","HIG,Analysis",0.83,+/-,0.06,0.83,+/-,0.08,0.83,+/-,0.08
7,HLT_AK8PFJet200_v2,"OnlineMonitor,JetHT",SMP,0.83,+/-,0.10,0.81,+/-,0.14,0.86,+/-,0.14
2,HLT_Photon90_R9Id90_HE10_Iso40_EBOnly_VBF_v6,"OnlineMonitor,SinglePhoton",HIG,0.83,+/-,0.18,0.79,+/-,0.25,0.87,+/-,0.26
26,HLT_Photon36_R9Id85_OR_CaloId24b40e_Iso50T80L_Photon22_AND_HE10_R9Id65_Eta2_Mass15_v7,"OnlineMonitor,DoubleEG",EXO long,0.82,+/-,0.05,0.86,+/-,0.07,0.78,+/-,0.07
226,HLT_PFHT200_PFAlphaT0p51_v5,"OnlineMonitor,HTMHT",null,0.80,+/-,0.02,0.82,+/-,0.02,0.78,+/-,0.02
1,HLT_Dimuon6_Jpsi_NoVertexing_v3,"OnlineMonitor,Charmonium",BPH,0.79,+/-,0.25,0.95,+/-,0.39,0.63,+/-,0.32
1,HLT_QuadMuon0_Dimuon0_Jpsi_v3,"OnlineMonitor,Charmonium",BPH,0.79,+/-,0.25,0.95,+/-,0.39,0.63,+/-,0.32
1,HLT_Photon120_R9Id90_HE10_Iso40_EBOnly_VBF_v6,"OnlineMonitor,SinglePhoton",HIG,0.79,+/-,0.25,0.95,+/-,0.39,0.63,+/-,0.32
136,HLT_Mu8_TrkIsoVVL_v4,"OnlineMonitor,DoubleMuon","SUS,MUO",0.77,+/-,0.02,0.79,+/-,0.03,0.75,+/-,0.03
34,HLT_Mu20_Mu10_v3,"OnlineMonitor,DoubleMuon",HIG,0.74,+/-,0.04,0.76,+/-,0.06,0.73,+/-,0.06
3250,HLT_L2Mu10_v2,"OnlineMonitor,SingleMuon",MUO,0.74,+/-,0.00,0.78,+/-,0.01,0.70,+/-,0.01
85,HLT_L1SingleMu18_v1,"OnlineMonitor,SingleMuon",MUO,0.73,+/-,0.03,0.72,+/-,0.04,0.73,+/-,0.04
113,HLT_SingleCentralPFJet170_CFMax0p1_v3,"OnlineMonitor,JetHT",EXO,0.72,+/-,0.02,0.74,+/-,0.03,0.69,+/-,0.03
1,HLT_PFHT250_v4,"OnlineMonitor,JetHT",SUS,0.71,+/-,0.24,1.10,+/-,0.42,0.32,+/-,0.22
1,HLT_Mu7p5_L2Mu2_Jpsi_v3,"OnlineMonitor,Charmonium",BPH,0.71,+/-,0.24,0.95,+/-,0.39,0.47,+/-,0.27
1,HLT_HcalNZS_v3,"OnlineMonitor,HcalNZS",null,0.71,+/-,0.24,0.47,+/-,0.27,0.95,+/-,0.39
4368,HLT_HT275_v3,"OnlineMonitor,DisplacedJet",EXO,0.71,+/-,0.00,0.74,+/-,0.01,0.67,+/-,0.00
68,HLT_Mu17_Mu8_v3,"OnlineMonitor,DoubleMuon",MUO,0.68,+/-,0.03,0.72,+/-,0.04,0.64,+/-,0.04
1,HLT_Dimuon0er16_Jpsi_NoOS_NoVertexing_v3,"OnlineMonitor,Charmonium",BPH,0.63,+/-,0.22,0.32,+/-,0.22,0.95,+/-,0.39
1,HLT_Rsq0p30_v4,"OnlineMonitor,HTMHT",SUS,0.63,+/-,0.22,0.32,+/-,0.22,0.95,+/-,0.39
1,HLT_DoubleMu28NoFiltersNoVtxDisplaced_v3,"OnlineMonitor,DoubleMuon",EXO,0.63,+/-,0.22,0.63,+/-,0.32,0.63,+/-,0.32
1,HLT_JetE50_NoBPTX3BX_v2,"OnlineMonitor,NoBPTX",EXO,0.63,+/-,0.22,0.63,+/-,0.32,0.63,+/-,0.32
1,HLT_DiPFJet40_DEta3p5_MJJ600_PFMETNoMu140_v3,"OnlineMonitor,HTMHT",HIG,0.63,+/-,0.22,0.32,+/-,0.22,0.95,+/-,0.39
1,HLT_VBF_DisplacedJet40_VTightID_DisplacedTrack_v3,"OnlineMonitor,DisplacedJet",EXO,0.63,+/-,0.22,0.95,+/-,0.39,0.32,+/-,0.22
17,HLT_Photon36_v6,"OnlineMonitor,SinglePhoton",SMP,0.62,+/-,0.05,0.68,+/-,0.08,0.56,+/-,0.07
25,HLT_HT250_DisplacedDijet40_DisplacedTrack_v4,"OnlineMonitor,DisplacedJet",EXO,0.61,+/-,0.04,0.60,+/-,0.06,0.62,+/-,0.06
29,HLT_DiPFJetAve80_v5,"OnlineMonitor,JetHT",JME,0.60,+/-,0.04,0.66,+/-,0.06,0.55,+/-,0.05
52,HLT_CaloMHTNoPU90_PFMET90_PFMHT90_IDTight_v5,"OnlineMonitor,MET","HIG,Hbb",0.58,+/-,0.03,0.57,+/-,0.04,0.59,+/-,0.04
34,HLT_Photon30_v6,"OnlineMonitor,SinglePhoton",SMP,0.57,+/-,0.04,0.63,+/-,0.05,0.50,+/-,0.05
34,HLT_Mu20_Mu10_DZ_v3,"OnlineMonitor,DoubleMuon",HIG,0.57,+/-,0.04,0.59,+/-,0.05,0.55,+/-,0.05
271,HLT_Mu8_v4,"OnlineMonitor,DoubleMuon",SUS,0.56,+/-,0.01,0.57,+/-,0.02,0.54,+/-,0.02
2,HLT_DiPFJetAve140_v5,"OnlineMonitor,JetHT",JME,0.55,+/-,0.15,0.71,+/-,0.24,0.39,+/-,0.18
1,HLT_DiPFJetAve100_HFJEC_v6,"OnlineMonitor,JetHT","FSQ,JME",0.55,+/-,0.21,0.63,+/-,0.32,0.47,+/-,0.27
1,HLT_QuadMuon0_Dimuon0_Upsilon_v3,"OnlineMonitor,MuOnia",BPH,0.55,+/-,0.21,0.79,+/-,0.35,0.32,+/-,0.22
1,HLT_ECALHT800_v4,"OnlineMonitor,DoubleEG",,0.55,+/-,0.21,0.16,+/-,0.16,0.95,+/-,0.39
42,HLT_Photon36_R9Id90_HE10_Iso40_EBOnly_VBF_v7,"OnlineMonitor,SinglePhoton",HIG,0.55,+/-,0.03,0.57,+/-,0.05,0.52,+/-,0.04
260,HLT_Photon90_v6,"OnlineMonitor,SinglePhoton",SMP,0.54,+/-,0.01,0.57,+/-,0.02,0.51,+/-,0.02
11,HLT_Photon22_v5,"OnlineMonitor,SinglePhoton",SMP,0.54,+/-,0.06,0.47,+/-,0.08,0.60,+/-,0.09
520,HLT_Photon75_v6,"OnlineMonitor,SinglePhoton",SMP,0.53,+/-,0.01,0.55,+/-,0.01,0.51,+/-,0.01
7,HLT_PFJet200_v6,"OnlineMonitor,JetHT","SMP,BTV",0.53,+/-,0.08,0.52,+/-,0.11,0.54,+/-,0.11
68,HLT_Mu17_TkMu8_DZ_v3,"OnlineMonitor,DoubleMuon",MUO,0.52,+/-,0.02,0.55,+/-,0.04,0.50,+/-,0.03
68,HLT_Mu17_Mu8_DZ_v4,"OnlineMonitor,DoubleMuon",MUO,0.49,+/-,0.02,0.51,+/-,0.03,0.47,+/-,0.03
5,HLT_DiPFJetAve200_v5,"OnlineMonitor,JetHT",JME,0.49,+/-,0.09,0.50,+/-,0.13,0.47,+/-,0.12
1,HLT_Mu8_TrkIsoVVL_DiPFJet40_DEta3p5_MJJ750_HTT300_PFMETNoMu60_v2,"OnlineMonitor,SingleMuon",null,0.47,+/-,0.19,0.47,+/-,0.27,0.47,+/-,0.27
1,HLT_VBF_DisplacedJet40_VVTightID_DisplacedTrack_v3,"OnlineMonitor,DisplacedJet",EXO,0.47,+/-,0.19,0.79,+/-,0.35,0.16,+/-,0.16
2600,HLT_Photon50_v6,"OnlineMonitor,SinglePhoton",SMP,0.47,+/-,0.00,0.49,+/-,0.01,0.44,+/-,0.01
8736,HLT_HT200_v3,"OnlineMonitor,DisplacedJet",EXO,0.43,+/-,0.00,0.45,+/-,0.00,0.41,+/-,0.00
14,HLT_Mu15_IsoVVVL_BTagCSV_p067_PFHT400_v4,"OnlineMonitor,SingleMuon",SUS,0.41,+/-,0.05,0.43,+/-,0.07,0.38,+/-,0.07
2600,HLT_QuadPFJet_VBF_v6,"OnlineMonitor,HLTMonitor,JetHT","HIG,Hbb",0.39,+/-,0.00,0.41,+/-,0.01,0.38,+/-,0.00
1,HLT_Mu300_v2,"OnlineMonitor,ExpressPhysics,SingleMuon",EXO,0.39,+/-,0.18,0.47,+/-,0.27,0.32,+/-,0.22
1,HLT_DiPFJet40_DEta3p5_MJJ600_PFMETNoMu80_v3,"OnlineMonitor,HTMHT",HIG,0.39,+/-,0.18,0.32,+/-,0.22,0.47,+/-,0.27
1,HLT_HT750_DisplacedDijet80_Inclusive_v4,"OnlineMonitor,DisplacedJet",EXO,0.39,+/-,0.18,0.47,+/-,0.27,0.32,+/-,0.22
130,HLT_Photon120_v6,"OnlineMonitor,SinglePhoton",SMP,0.39,+/-,0.02,0.41,+/-,0.02,0.37,+/-,0.02
130,HLT_Ele24_eta2p1_WPLoose_Gsf_v6,"OnlineMonitor,SingleElectron","TAU,HIG",0.36,+/-,0.01,0.38,+/-,0.02,0.34,+/-,0.02
2,HLT_Mu7p5_Track2_Jpsi_v3,"OnlineMonitor,Charmonium",BPH,0.35,+/-,0.12,0.47,+/-,0.19,0.24,+/-,0.14
5,HLT_DiPFJetAve80_HFJEC_v6,"OnlineMonitor,JetHT","FSQ,JME",0.33,+/-,0.07,0.44,+/-,0.12,0.22,+/-,0.08
130,HLT_L2Mu10_NoVertex_NoBPTX3BX_v2,"OnlineMonitor,NoBPTX",EXO,0.33,+/-,0.01,0.37,+/-,0.02,0.29,+/-,0.02
2,HLT_Mu7p5_Track3p5_Jpsi_v3,"OnlineMonitor,Charmonium",BPH,0.32,+/-,0.11,0.39,+/-,0.18,0.24,+/-,0.14
1,HLT_JetE30_NoBPTX3BX_v3,"OnlineMonitor,NoBPTX",EXO,0.32,+/-,0.16,0.32,+/-,0.22,0.32,+/-,0.22
1,HLT_JetE70_NoBPTX3BX_v2,"OnlineMonitor,NoBPTX",EXO,0.32,+/-,0.16,0.32,+/-,0.22,0.32,+/-,0.22
1,HLT_PFMET400_v4,"OnlineMonitor,MET",PPD,0.32,+/-,0.16,0.47,+/-,0.27,0.16,+/-,0.16
1,HLT_Ele250_CaloIdVT_GsfTrkIdT_v5,"OnlineMonitor,ExpressPhysics,SingleElectron",AlCa,0.32,+/-,0.16,0.32,+/-,0.22,0.32,+/-,0.22
1,HLT_Mu350_v2,"OnlineMonitor,ExpressPhysics,SingleMuon",PPD,0.32,+/-,0.16,0.32,+/-,0.22,0.32,+/-,0.22
68,HLT_Mu27_TkMu8_v3,"OnlineMonitor,DoubleMuon",EXO,0.31,+/-,0.02,0.33,+/-,0.03,0.29,+/-,0.03
14,HLT_Ele15_IsoVVVL_BTagCSV_p067_PFHT400_v5,"OnlineMonitor,SingleElectron",SUS,0.27,+/-,0.04,0.33,+/-,0.06,0.21,+/-,0.05
68,HLT_DiPFJetAve40_v6,"OnlineMonitor,HLTMonitor,JetHT",JME,0.26,+/-,0.02,0.27,+/-,0.03,0.25,+/-,0.02
51,HLT_Mu23NoFiltersNoVtx_Photon23_CaloIdL_v5,"OnlineMonitor,MuonEG",EXO,0.26,+/-,0.02,0.26,+/-,0.03,0.26,+/-,0.03
181,HLT_Mu28NoFiltersNoVtx_DisplacedJet40_Loose_v3,"OnlineMonitor,SingleMuon",EXO,0.24,+/-,0.01,0.24,+/-,0.01,0.25,+/-,0.01
1,HLT_Photon500_v5,"OnlineMonitor,ExpressPhysics,SinglePhoton",PPD,0.24,+/-,0.14,0.32,+/-,0.22,0.16,+/-,0.16
2,HLT_Mu7p5_Track2_Upsilon_v3,"OnlineMonitor,MuOnia",BPH,0.24,+/-,0.10,0.16,+/-,0.11,0.32,+/-,0.16
1,HLT_Mu10_TrkIsoVVL_DiPFJet40_DEta3p5_MJJ750_HTT350_PFMETNoMu60_v3,"OnlineMonitor,SingleMuon",null,0.24,+/-,0.14,0.32,+/-,0.22,0.16,+/-,0.16
490,HLT_HT350_DisplacedDijet40_Inclusive_v3,"OnlineMonitor,DisplacedJet",EXO,0.21,+/-,0.01,0.22,+/-,0.01,0.19,+/-,0.01
68,HLT_DoubleMu18NoFiltersNoVtx_v3,"OnlineMonitor,DoubleMuon",EXO,0.20,+/-,0.02,0.19,+/-,0.02,0.20,+/-,0.02
780,HLT_Mu28NoFiltersNoVtx_CentralCaloJet40_v3,"OnlineMonitor,SingleMuon",EXO,0.19,+/-,0.00,0.20,+/-,0.01,0.18,+/-,0.01
125,HLT_L2Mu10_NoVertex_NoBPTX_v3,"OnlineMonitor,NoBPTX",EXO,0.18,+/-,0.01,0.20,+/-,0.02,0.17,+/-,0.01
1,HLT_Photon22_R9Id90_HE10_Iso40_EBOnly_PFMET40_v7,"OnlineMonitor,SinglePhoton",HIG,0.16,+/-,0.11,0.00,+/-,0.00,0.32,+/-,0.22
1,HLT_MET600_v3,"OnlineMonitor,ExpressPhysics,MET","PPD,AlCa",0.16,+/-,0.11,0.16,+/-,0.16,0.16,+/-,0.16
1,HLT_DiPFJetAve160_HFJEC_v6,"OnlineMonitor,JetHT","FSQ,JME",0.16,+/-,0.11,0.32,+/-,0.22,0.00,+/-,0.00
1,HLT_HT2000_v3,"OnlineMonitor,ExpressPhysics,JetHT",PPD,0.16,+/-,0.11,0.16,+/-,0.16,0.16,+/-,0.16
1,HLT_PFMET500_v4,"OnlineMonitor,ExpressPhysics,MET","PPD,AlCa",0.16,+/-,0.11,0.16,+/-,0.16,0.16,+/-,0.16
1,HLT_PFMET600_v4,"OnlineMonitor,ExpressPhysics,MET","PPD,AlCa",0.16,+/-,0.11,0.16,+/-,0.16,0.16,+/-,0.16
1,HLT_Photon600_v5,"OnlineMonitor,ExpressPhysics,SinglePhoton",PPD,0.16,+/-,0.11,0.16,+/-,0.16,0.16,+/-,0.16
3500,HLT_GlobalRunHPDNoise_v4,"OnlineMonitor,HcalHPDNoise",null,0.14,+/-,0.00,0.15,+/-,0.00,0.13,+/-,0.00
2,HLT_Mu7p5_Track3p5_Upsilon_v3,"OnlineMonitor,MuOnia",BPH,0.12,+/-,0.07,0.16,+/-,0.11,0.08,+/-,0.08
68,HLT_L2DoubleMu23_NoVertex_v4,"OnlineMonitor,DoubleMuon",EXO,0.11,+/-,0.01,0.12,+/-,0.02,0.10,+/-,0.02
250,HLT_DoubleEle33_CaloIdL_v6,"OnlineMonitor,DoubleEG",EXO,0.11,+/-,0.01,0.12,+/-,0.01,0.10,+/-,0.01
622,HLT_Photon26_R9Id85_OR_CaloId24b40e_Iso50T80L_Photon16_AND_HE10_R9Id65_Eta2_Mass60_v7,"OnlineMonitor,DoubleEG",EXO long,0.08,+/-,0.00,0.09,+/-,0.00,0.08,+/-,0.00
1,HLT_HT2500_v3,"OnlineMonitor,ExpressPhysics,JetHT",PPD,0.08,+/-,0.08,0.16,+/-,0.16,0.00,+/-,0.00
1,HLT_MET700_v3,"OnlineMonitor,ExpressPhysics,MET","PPD,AlCa",0.08,+/-,0.08,0.16,+/-,0.16,0.00,+/-,0.00
2,HLT_Mu7p5_Track7_Jpsi_v3,"OnlineMonitor,Charmonium",BPH,0.08,+/-,0.06,0.16,+/-,0.11,0.00,+/-,0.00
1,HLT_Ele23_Ele12_CaloIdL_TrackIdL_IsoVL_DZ_L1JetTauSeeded_v2,"OnlineMonitor,DoubleEG",HIG,0.08,+/-,0.08,0.00,+/-,0.00,0.16,+/-,0.16
1,HLT_HcalPhiSym_v3,"OnlineMonitor,HcalNZS",null,0.08,+/-,0.08,0.00,+/-,0.00,0.16,+/-,0.16
30,HLT_HT550_DisplacedDijet80_Inclusive_v1,"OnlineMonitor,DisplacedJet",EXO,0.07,+/-,0.01,0.05,+/-,0.02,0.10,+/-,0.02
927,HLT_Mu12_Photon25_CaloIdL_L1ISO_v6,"OnlineMonitor,MuonEG","HIG,For Dalitz",0.02,+/-,0.00,0.03,+/-,0.00,0.02,+/-,0.00
1000,HLT_Diphoton30_18_Solid_R9Id_AND_IsoCaloId_AND_HE_R9Id_Mass55_v6,"OnlineMonitor,DoubleEG",null,0.02,+/-,0.00,0.02,+/-,0.00,0.02,+/-,0.00
13000,HLT_Mu12_Photon25_CaloIdL_v6,"OnlineMonitor,MuonEG","HIG,For Dalitz",0.00,+/-,0.00,0.00,+/-,0.00,0.00,+/-,0.00
407,HLT_MET60_IsoTrk35_Loose_v2,"OnlineMonitor,MET",EXO,0.00,+/-,0.00,0.00,+/-,0.00,0.00,+/-,0.00
1,HLT_HcalCalibration_v2,"TestEnablesEcalHcal,TestEnablesEcalHcalDQM",null,0.00,+/-,0.00,0.00,+/-,0.00,0.00,+/-,0.00
0,HLT_Mu33NoFiltersNoVtxDisplaced_DisplacedJet50_Loose_v3,"OnlineMonitor,SingleMuon",EXO,0.00,+/-,0.00,0.00,+/-,0.00,0.00,+/-,0.00
0,HLT_HT500_DisplacedDijet40_Inclusive_v4,"OnlineMonitor,DisplacedJet",EXO,0.00,+/-,0.00,0.00,+/-,0.00,0.00,+/-,0.00
0,HLT_Mu17_Photon22_CaloIdL_L1ISO_v4,"OnlineMonitor,MuonEG",HIG,0.00,+/-,0.00,0.00,+/-,0.00,0.00,+/-,0.00
0,HLT_FullTracks_Multiplicity100_v3,"OnlineMonitor,HighMultiplicityEOF","FSQ,HIN",0.00,+/-,0.00,0.00,+/-,0.00,0.00,+/-,0.00
0,HLT_AK4PFJet100_v5,"OnlineMonitor,EventDisplay,HINPFJets",HIN,0.00,+/-,0.00,0.00,+/-,0.00,0.00,+/-,0.00
0,HLT_IsoMu22_v3,"OnlineMonitor,SingleMuon","SMP,Top,HIG,MUO",0.00,+/-,0.00,0.00,+/-,0.00,0.00,+/-,0.00
0,HLT_AK4PFJet30_v5,"OnlineMonitor,HINPFJets",HIN,0.00,+/-,0.00,0.00,+/-,0.00,0.00,+/-,0.00
0,HLT_AK4CaloJet100_v3,"OnlineMonitor,HINCaloJets",HIN,0.00,+/-,0.00,0.00,+/-,0.00,0.00,+/-,0.00
0,HLT_Ele25_WPTight_Gsf_v6,"OnlineMonitor,SingleElectron",EGM,0.00,+/-,0.00,0.00,+/-,0.00,0.00,+/-,0.00
0,HLT_IsoMu20_v4,"OnlineMonitor,ExpressPhysics,SingleMuon","SMP,MUO",0.00,+/-,0.00,0.00,+/-,0.00,0.00,+/-,0.00
0,HLT_DoubleEle8_CaloIdM_TrackIdM_Mass8_PFHT250_v5,"OnlineMonitor,DoubleEG",null,0.00,+/-,0.00,0.00,+/-,0.00,0.00,+/-,0.00
0,HLT_AK4CaloJet30_v4,"OnlineMonitor,HINCaloJets",HIN,0.00,+/-,0.00,0.00,+/-,0.00,0.00,+/-,0.00
0,HLT_Ele25_eta2p1_WPLoose_Gsf_v6,"OnlineMonitor,SingleElectron",EGM,0.00,+/-,0.00,0.00,+/-,0.00,0.00,+/-,0.00
1,HLT_Photon22_R9Id90_HE10_Iso40_EBOnly_VBF_v6,"OnlineMonitor,SinglePhoton",HIG,0.00,+/-,0.00,0.00,+/-,0.00,0.00,+/-,0.00
1,HLT_HcalIsolatedbunch_v1,"OnlineMonitor,Commissioning",HCAL DPG,0.00,+/-,0.00,0.00,+/-,0.00,0.00,+/-,0.00
0,HLT_DiCentralPFJet220_CFMax0p3_v3,"OnlineMonitor,JetHT",EXO,0.00,+/-,0.00,0.00,+/-,0.00,0.00,+/-,0.00
0,HLT_IsoMu17_eta2p1_LooseIsoPFTau20_SingleL1_v6,"OnlineMonitor,SingleMuon","TAU,HIG",0.00,+/-,0.00,0.00,+/-,0.00,0.00,+/-,0.00
0,HLT_HT400_DisplacedDijet40_Inclusive_v4,"OnlineMonitor,DisplacedJet",EXO,0.00,+/-,0.00,0.00,+/-,0.00,0.00,+/-,0.00
0,HLT_DiPFJetAve35_HFJEC_v4,"OnlineMonitor,FSQJets","FSQ,JME",0.00,+/-,0.00,0.00,+/-,0.00,0.00,+/-,0.00
0,HLT_Dimuon10_Jpsi_Barrel_v5,"OnlineMonitor,Charmonium",BPH,0.00,+/-,0.00,0.00,+/-,0.00,0.00,+/-,0.00
0,HLT_Mu8_TrkIsoVVL_Ele17_CaloIdL_TrackIdL_IsoVL_v7,"OnlineMonitor,MuonEG",HIG,0.00,+/-,0.00,0.00,+/-,0.00,0.00,+/-,0.00
0,HLT_DiPFJet15_FBEta3_NoCaloMatched_v5,"OnlineMonitor,FSQJets",FSQ,0.00,+/-,0.00,0.00,+/-,0.00,0.00,+/-,0.00
0,HLT_DiPFJet25_NoCaloMatched_v3,"OnlineMonitor,FSQJets",FSQ,0.00,+/-,0.00,0.00,+/-,0.00,0.00,+/-,0.00
0,HLT_L1MinimumBiasHF_OR_v2,"OnlineMonitor,L1MinimumBias",null,0.00,+/-,0.00,0.00,+/-,0.00,0.00,+/-,0.00
0,HLT_Mu33NoFiltersNoVtxDisplaced_DisplacedJet50_Tight_v3,"OnlineMonitor,SingleMuon",EXO,0.00,+/-,0.00,0.00,+/-,0.00,0.00,+/-,0.00
0,HLT_L1BptxXOR_v2,"OnlineMonitor,Commissioning",null,0.00,+/-,0.00,0.00,+/-,0.00,0.00,+/-,0.00
0,HLT_AK8PFHT600_TrimR0p1PT0p03Mass50_BTagCSV_p20_v4,"OnlineMonitor,JetHT",B2G,0.00,+/-,0.00,0.00,+/-,0.00,0.00,+/-,0.00
0,HLT_Mu8_Ele8_CaloIdM_TrackIdM_Mass8_PFHT250_v5,"OnlineMonitor,MuonEG",null,0.00,+/-,0.00,0.00,+/-,0.00,0.00,+/-,0.00
0,HLT_VBF_DisplacedJet40_TightID_DisplacedTrack_v3,"OnlineMonitor,DisplacedJet",EXO,0.00,+/-,0.00,0.00,+/-,0.00,0.00,+/-,0.00
0,HLT_HISinglePhoton15_v3,"OnlineMonitor,HINPhoton",HIN,0.00,+/-,0.00,0.00,+/-,0.00,0.00,+/-,0.00
0,HLT_DiPFJet15_NoCaloMatched_v4,"OnlineMonitor,FSQJets",FSQ,0.00,+/-,0.00,0.00,+/-,0.00,0.00,+/-,0.00
0,HLT_PFTau120_eta2p1_v3,"OnlineMonitor,Tau",tau-pog,0.00,+/-,0.00,0.00,+/-,0.00,0.00,+/-,0.00
0,HLT_Mu16_TkMu0_dEta18_Onia_v3,"OnlineMonitor,MuOnia",BPH,0.00,+/-,0.00,0.00,+/-,0.00,0.00,+/-,0.00
0,HLT_Ele15_IsoVVVL_PFHT350_v6,"OnlineMonitor,SingleElectron",SUS,0.00,+/-,0.00,0.00,+/-,0.00,0.00,+/-,0.00
0,HLT_IsoMu16_eta2p1_MET30_v2,"OnlineMonitor,SingleMuon","HIG,TAU",0.00,+/-,0.00,0.00,+/-,0.00,0.00,+/-,0.00
0,HLT_Dimuon8_PsiPrime_Barrel_v5,"OnlineMonitor,Charmonium",BPH,0.00,+/-,0.00,0.00,+/-,0.00,0.00,+/-,0.00
0,HLT_PFMETNoMu90_PFMHTNoMu90_IDTight_v5,"OnlineMonitor,MET",EXO,0.00,+/-,0.00,0.00,+/-,0.00,0.00,+/-,0.00
0,HLT_DiPFJet25_FBEta3_NoCaloMatched_v5,"OnlineMonitor,FSQJets",FSQ,0.00,+/-,0.00,0.00,+/-,0.00,0.00,+/-,0.00
0,HLT_Mu16_TkMu0_dEta18_Phi_v3,"OnlineMonitor,MuOnia",BPH,0.00,+/-,0.00,0.00,+/-,0.00,0.00,+/-,0.00
0,HLT_L1NotBptxOR_v2,"OnlineMonitor,EmptyBX",null,0.00,+/-,0.00,0.00,+/-,0.00,0.00,+/-,0.00
0,HLT_VBF_DisplacedJet40_Hadronic_2PromptTrack_v3,"OnlineMonitor,DisplacedJet",EXO,0.00,+/-,0.00,0.00,+/-,0.00,0.00,+/-,0.00
0,HLT_AK4PFJet50_v5,"OnlineMonitor,HINPFJets",HIN,0.00,+/-,0.00,0.00,+/-,0.00,0.00,+/-,0.00
0,HLT_Ele17_Ele12_CaloIdL_TrackIdL_IsoVL_DZ_v8,"OnlineMonitor,ExpressPhysics,DoubleEG",HIG,0.00,+/-,0.00,0.00,+/-,0.00,0.00,+/-,0.00
0,HLT_Ele30WP60_Ele8_Mass55_v7,"OnlineMonitor,DoubleEG",EGM,0.00,+/-,0.00,0.00,+/-,0.00,0.00,+/-,0.00
0,HLT_PFMET90_PFMHT90_IDTight_v5,"OnlineMonitor,MET","HIG,Hbb",0.00,+/-,0.00,0.00,+/-,0.00,0.00,+/-,0.00
0,HLT_VBF_DisplacedJet40_TightID_Hadronic_v3,"OnlineMonitor,DisplacedJet",EXO,0.00,+/-,0.00,0.00,+/-,0.00,0.00,+/-,0.00
0,HLT_PFJet15_NoCaloMatched_v5,"OnlineMonitor,FSQJets",FSQ,0.00,+/-,0.00,0.00,+/-,0.00,0.00,+/-,0.00
0,HLT_DoubleEle33_CaloIdL_GsfTrkIdVL_v8,"OnlineMonitor,DoubleEG",EXO,0.00,+/-,0.00,0.00,+/-,0.00,0.00,+/-,0.00
0,HLT_Mu14er_PFMET100_v3,"OnlineMonitor,MET","JME,SUS",0.00,+/-,0.00,0.00,+/-,0.00,0.00,+/-,0.00
0,HLT_Mu16_eta2p1_MET30_v2,"OnlineMonitor,SingleMuon","HIG,TAU",0.00,+/-,0.00,0.00,+/-,0.00,0.00,+/-,0.00
0,HLT_HISinglePhoton60_v3,"OnlineMonitor,EventDisplay,HINPhoton",EGM,0.00,+/-,0.00,0.00,+/-,0.00,0.00,+/-,0.00
0,HLT_Ele30WP60_SC4_Mass55_v8,"OnlineMonitor,DoubleEG",HIG,0.00,+/-,0.00,0.00,+/-,0.00,0.00,+/-,0.00
0,HLT_Mu15_IsoVVVL_PFHT350_PFMET50_v5,"OnlineMonitor,SingleMuon",SUS,0.00,+/-,0.00,0.00,+/-,0.00,0.00,+/-,0.00
0,HLT_DiPFJetAve15_HFJEC_v4,"OnlineMonitor,FSQJets",FSQ,0.00,+/-,0.00,0.00,+/-,0.00,0.00,+/-,0.00
0,HLT_Ele105_CaloIdVT_GsfTrkIdT_v7,"OnlineMonitor,SingleElectron",EXO,0.00,+/-,0.00,0.00,+/-,0.00,0.00,+/-,0.00
0,HLT_Ele50_CaloIdVT_GsfTrkIdT_PFJet140_v5,"OnlineMonitor,SingleElectron",B2G,0.00,+/-,0.00,0.00,+/-,0.00,0.00,+/-,0.00
0,HLT_IsoTkMu20_v6,"OnlineMonitor,SingleMuon","SMP,MUO",0.00,+/-,0.00,0.00,+/-,0.00,0.00,+/-,0.00
0,HLT_AK4PFJet80_v5,"OnlineMonitor,HINPFJets",HIN,0.00,+/-,0.00,0.00,+/-,0.00,0.00,+/-,0.00
0,HLT_FullTracks_Multiplicity80_v2,"OnlineMonitor,HighMultiplicityEOF","FSQ,HIN",0.00,+/-,0.00,0.00,+/-,0.00,0.00,+/-,0.00
0,HLT_Ele35_CaloIdVT_GsfTrkIdT_PFJet150_PFJet50_v5,"OnlineMonitor,SingleElectron",B2G,0.00,+/-,0.00,0.00,+/-,0.00,0.00,+/-,0.00
0,HLT_Ele27_eta2p1_WPLoose_Gsf_DoubleMediumIsoPFTau32_Trk1_eta2p1_Reg_v6,"OnlineMonitor,SingleElectron","TAU,HIG,EXO",0.00,+/-,0.00,0.00,+/-,0.00,0.00,+/-,0.00
0,HLT_HISinglePhoton10_v3,"OnlineMonitor,HINPhoton",HIN,0.00,+/-,0.00,0.00,+/-,0.00,0.00,+/-,0.00
0,HLT_MonoCentralPFJet80_PFMETNoMu90_PFMHTNoMu90_IDTight_v5,"OnlineMonitor,MET",EXO,0.00,+/-,0.00,0.00,+/-,0.00,0.00,+/-,0.00
0,HLT_Dimuon0er16_Jpsi_NoVertexing_v3,"OnlineMonitor,Charmonium",BPH,0.00,+/-,0.00,0.00,+/-,0.00,0.00,+/-,0.00
50,HLT_ZeroBias_IsolatedBunches_v3,"OnlineMonitor,ExpressPhysics,ZeroBias",null,0.00,+/-,0.00,0.00,+/-,0.00,0.00,+/-,0.00
0,HLT_PFHT300_PFMET100_v4,"OnlineMonitor,HTMHT","SUS,EXO",0.00,+/-,0.00,0.00,+/-,0.00,0.00,+/-,0.00
0,HLT_ZeroBias_FirstCollisionAfterAbortGap_copy_v1,"OnlineMonitor,ExpressPhysics,ZeroBias",null,0.00,+/-,0.00,0.00,+/-,0.00,0.00,+/-,0.00
0,HLT_PFMET100_PFMHT100_IDTight_v5,"OnlineMonitor,MET","HIG,Hbb",0.00,+/-,0.00,0.00,+/-,0.00,0.00,+/-,0.00
0,HLT_PFMETNoMu100_PFMHTNoMu100_IDTight_v5,"OnlineMonitor,MET","EXO,SUS",0.00,+/-,0.00,0.00,+/-,0.00,0.00,+/-,0.00
0,HLT_HT200_DisplacedDijet40_DisplacedTrack_v3,"OnlineMonitor,DisplacedJet",EXO,0.00,+/-,0.00,0.00,+/-,0.00,0.00,+/-,0.00
2,HLT_Mu7p5_Track7_Upsilon_v3,"OnlineMonitor,MuOnia",BPH,0.00,+/-,0.00,0.00,+/-,0.00,0.00,+/-,0.00
0,HLT_IsoTkMu22_v4,"OnlineMonitor,SingleMuon","SMP,MUO",0.00,+/-,0.00,0.00,+/-,0.00,0.00,+/-,0.00
0,HLT_L1SingleMuOpen_v3,"OnlineMonitor,SingleMuon",null,0.00,+/-,0.00,0.00,+/-,0.00,0.00,+/-,0.00
0,HLT_Ele23_WPLoose_Gsf_v8,"OnlineMonitor,SingleElectron","SMP,Top,HIG",0.00,+/-,0.00,0.00,+/-,0.00,0.00,+/-,0.00
1,HLT_Random_v2,"OnlineMonitor,ExpressPhysics,ZeroBias",null,0.00,+/-,0.00,0.00,+/-,0.00,0.00,+/-,0.00
0,HLT_LooseIsoPFTau50_Trk30_eta2p1_MET80_v3,"OnlineMonitor,Tau","TAU,HIG",0.00,+/-,0.00,0.00,+/-,0.00,0.00,+/-,0.00
0,HLT_MonoCentralPFJet80_PFMETNoMu100_PFMHTNoMu100_IDTight_v5,"OnlineMonitor,MET",EXO,0.00,+/-,0.00,0.00,+/-,0.00,0.00,+/-,0.00
0,HLT_PFMET100_PFMHT100_IDTight_BeamHaloCleaned_v2,"OnlineMonitor,MET",JME,0.00,+/-,0.00,0.00,+/-,0.00,0.00,+/-,0.00
0,HLT_HISinglePhoton20_v3,"OnlineMonitor,HINPhoton",HIN,0.00,+/-,0.00,0.00,+/-,0.00,0.00,+/-,0.00
0,HLT_Mu17_TrkIsoVVL_Ele12_CaloIdL_TrackIdL_IsoVL_v7,"OnlineMonitor,MuonEG",HIG,0.00,+/-,0.00,0.00,+/-,0.00,0.00,+/-,0.00
0,HLT_Ele22_eta2p1_WPLoose_Gsf_v8,"OnlineMonitor,SingleElectron","TAU,HIG",0.00,+/-,0.00,0.00,+/-,0.00,0.00,+/-,0.00
0,HLT_L1BeamGasPlus_v2,"OnlineMonitor,Commissioning",null,0.00,+/-,0.00,0.00,+/-,0.00,0.00,+/-,0.00
0,HLT_Ele23_WPLoose_Gsf_WHbbBoost_v7,"OnlineMonitor,SingleElectron",null,0.00,+/-,0.00,0.00,+/-,0.00,0.00,+/-,0.00
0,HLT_Mu45_eta2p1_v4,"OnlineMonitor,SingleMuon","EXO,SMP,MUO",0.00,+/-,0.00,0.00,+/-,0.00,0.00,+/-,0.00
0,HLT_VBF_DisplacedJet40_Hadronic_v3,"OnlineMonitor,DisplacedJet",EXO,0.00,+/-,0.00,0.00,+/-,0.00,0.00,+/-,0.00
0,HLT_Mu30_eta2p1_PFJet150_PFJet50_v3,"OnlineMonitor,SingleMuon",B2G,0.00,+/-,0.00,0.00,+/-,0.00,0.00,+/-,0.00
0,HLT_DoubleMu8_Mass8_PFHT250_v4,"OnlineMonitor,DoubleMuon",null,0.00,+/-,0.00,0.00,+/-,0.00,0.00,+/-,0.00
0,HLT_Ele27_WPLoose_Gsf_v6,"OnlineMonitor,SingleElectron","EGM,Top,SMP,HIG",0.00,+/-,0.00,0.00,+/-,0.00,0.00,+/-,0.00
0,HLT_Photon36_R9Id90_HE10_Iso40_EBOnly_PFMET40_v7,"OnlineMonitor,SinglePhoton",HIG,0.00,+/-,0.00,0.00,+/-,0.00,0.00,+/-,0.00
0,HLT_L1BptxMinus_v2,"OnlineMonitor,EmptyBX",null,0.00,+/-,0.00,0.00,+/-,0.00,0.00,+/-,0.00
0,HLT_VLooseIsoPFTau120_Trk50_eta2p1_v3,"OnlineMonitor,Tau",null,0.00,+/-,0.00,0.00,+/-,0.00,0.00,+/-,0.00
0,HLT_DiPFJetAve25_HFJEC_v4,"OnlineMonitor,FSQJets","FSQ,JME",0.00,+/-,0.00,0.00,+/-,0.00,0.00,+/-,0.00
0,HLT_FullTracks_Multiplicity150_v2,"OnlineMonitor,HighMultiplicityEOF","FSQ,HIN",0.00,+/-,0.00,0.00,+/-,0.00,0.00,+/-,0.00
0,HLT_Dimuon0_Phi_Barrel_v5,"OnlineMonitor,MuOnia",BPH,0.00,+/-,0.00,0.00,+/-,0.00,0.00,+/-,0.00
1,HLT_ZeroBias_FirstCollisionAfterAbortGap_TCDS_v1,"OnlineMonitor,ExpressPhysics,ZeroBias",null,0.00,+/-,0.00,0.00,+/-,0.00,0.00,+/-,0.00
0,HLT_AK4CaloJet40_v3,"OnlineMonitor,HINCaloJets",HIN,0.00,+/-,0.00,0.00,+/-,0.00,0.00,+/-,0.00
0,HLT_L1SingleMuOpen_DT_v3,"OnlineMonitor,Commissioning",null,0.00,+/-,0.00,0.00,+/-,0.00,0.00,+/-,0.00
0,HLT_AK8DiPFJet250_200_TrimMass30_BTagCSV_p20_v3,"OnlineMonitor,JetHT","B2G,PAG",0.00,+/-,0.00,0.00,+/-,0.00,0.00,+/-,0.00
0,HLT_PFHT200_DiPFJetAve90_PFAlphaT0p57_v5,"OnlineMonitor,HTMHT",SUS,0.00,+/-,0.00,0.00,+/-,0.00,0.00,+/-,0.00
0,HLT_AK4CaloJet80_v3,"OnlineMonitor,HINCaloJets",HIN,0.00,+/-,0.00,0.00,+/-,0.00,0.00,+/-,0.00
0,HLT_HT550_DisplacedDijet40_Inclusive_v4,"OnlineMonitor,DisplacedJet",EXO,0.00,+/-,0.00,0.00,+/-,0.00,0.00,+/-,0.00
0,HLT_PFJet25_NoCaloMatched_v3,"OnlineMonitor,FSQJets",FSQ,0.00,+/-,0.00,0.00,+/-,0.00,0.00,+/-,0.00
0,HLT_HISinglePhoton40_v3,"OnlineMonitor,HINPhoton",HIN,0.00,+/-,0.00,0.00,+/-,0.00,0.00,+/-,0.00
0,HLT_AK8PFHT650_TrimR0p1PT0p03Mass50_v5,"OnlineMonitor,JetHT",B2G,0.00,+/-,0.00,0.00,+/-,0.00,0.00,+/-,0.00
0,HLT_AK4CaloJet50_v3,"OnlineMonitor,HINCaloJets",HIN,0.00,+/-,0.00,0.00,+/-,0.00,0.00,+/-,0.00
1,HLT_EcalCalibration_v3,"TestEnablesEcalHcal,TestEnablesEcalHcalDQM,EcalLaser",null,0.00,+/-,0.00,0.00,+/-,0.00,0.00,+/-,0.00
0,HLT_L1BeamGasMinus_v2,"OnlineMonitor,Commissioning",null,0.00,+/-,0.00,0.00,+/-,0.00,0.00,+/-,0.00
0,HLT_Ele15_IsoVVVL_PFHT350_PFMET50_v6,"OnlineMonitor,SingleElectron",SUS,0.00,+/-,0.00,0.00,+/-,0.00,0.00,+/-,0.00
0,HLT_Ele35_WPLoose_Gsf_v6,"OnlineMonitor,SingleElectron",EGM,0.00,+/-,0.00,0.00,+/-,0.00,0.00,+/-,0.00
0,HLT_QuadPFJet_BTagCSV_p016_VBF_Mqq460_v3,"OnlineMonitor,HLTMonitor,BTagCSV","HIG,Hbb",0.00,+/-,0.00,0.00,+/-,0.00,0.00,+/-,0.00
0,HLT_IsoTkMu18_v4,"OnlineMonitor,SingleMuon","SMP,MUO",0.00,+/-,0.00,0.00,+/-,0.00,0.00,+/-,0.00
0,HLT_L1BptxPlus_v2,"OnlineMonitor,EmptyBX",null,0.00,+/-,0.00,0.00,+/-,0.00,0.00,+/-,0.00
0,HLT_L1MinimumBiasHF_AND_v2,"OnlineMonitor,L1MinimumBias",null,0.00,+/-,0.00,0.00,+/-,0.00,0.00,+/-,0.00
1,HLT_Ele300_CaloIdVT_GsfTrkIdT_v5,"OnlineMonitor,ExpressPhysics,SingleElectron",AlCa,0.00,+/-,0.00,0.00,+/-,0.00,0.00,+/-,0.00
0,HLT_AK8DiPFJet250_200_TrimMass30_v3,"OnlineMonitor,JetHT","B2G,PAG",0.00,+/-,0.00,0.00,+/-,0.00,0.00,+/-,0.00
0,HLT_FullTracks_Multiplicity130_v3,"OnlineMonitor,HighMultiplicityEOF","FSQ,HIN",0.00,+/-,0.00,0.00,+/-,0.00,0.00,+/-,0.00
0,HLT_Mu15_IsoVVVL_PFHT350_v5,"OnlineMonitor,SingleMuon",SUS,0.00,+/-,0.00,0.00,+/-,0.00,0.00,+/-,0.00
0,HLT_Dimuon16_Jpsi_v4,"OnlineMonitor,Charmonium",BPH,0.00,+/-,0.00,0.00,+/-,0.00,0.00,+/-,0.00
0,HLT_IsoMu17_eta2p1_LooseIsoPFTau20_v6,"OnlineMonitor,SingleMuon","TAU,HIG",0.00,+/-,0.00,0.00,+/-,0.00,0.00,+/-,0.00
0,HLT_HT410to430_v3,"OnlineMonitor,ParkingHT410to430,ParkingScoutingMonitor",EXO,0.00,+/-,0.00,0.00,+/-,0.00,0.00,+/-,0.00
0,HLT_IsoMu18_v3,"OnlineMonitor,SingleMuon","SMP,Top,HIG,MUO",0.00,+/-,0.00,0.00,+/-,0.00,0.00,+/-,0.00
0,HLT_IsoMu16_eta2p1_MET30_LooseIsoPFTau50_Trk30_eta2p1_v3,"OnlineMonitor,SingleMuon","HIG,TAU,EXO",0.00,+/-,0.00,0.00,+/-,0.00,0.00,+/-,0.00
0,HLT_QuadPFJet_BTagCSV_p016_p11_VBF_Mqq200_v3,"OnlineMonitor,HLTMonitor,BTagCSV","HIG,Hbb",0.00,+/-,0.00,0.00,+/-,0.00,0.00,+/-,0.00